# Blender 5.0.1
# www.blender.org
mtllib tripo_convert_84b96f49-ba27-492b-82cf-8a2ab53621bc.mtl
o tripo_node_84b96f49-ba27-492b-82cf-8a2ab53621bc
v 0.000246 0.057690 0.416870
v 0.000332 -0.166412 -0.069756
v 0.000401 0.057430 -0.399689
v 0.000430 0.103294 0.037395
v 0.000451 -0.213593 -0.055355
v 0.000490 0.103912 -0.000233
v 0.000579 -0.197037 0.062126
v 0.000650 0.157730 -0.034786
v 0.000847 0.341766 0.133759
v 0.000915 -0.072090 -0.104248
v 0.000987 0.059143 -0.067383
v 0.001014 0.482635 -0.009263
v 0.001084 -0.173325 0.064354
v 0.001138 -0.220688 -0.030809
v 0.001145 -0.219604 -0.025724
v 0.001284 0.158478 0.036983
v 0.001431 0.415741 -0.006398
v 0.001450 -0.151764 -0.085991
v 0.001470 0.423798 0.004126
v 0.001505 -0.129471 0.098160
v 0.001554 0.036224 -0.074631
v 0.001588 -0.213882 0.030193
v 0.001596 0.411011 0.011708
v 0.001714 0.090561 0.043861
v 0.001744 -0.451508 0.041153
v 0.001765 0.141159 0.019308
v 0.001792 -0.230209 -0.048290
v 0.001852 0.423828 -0.002231
v 0.001873 -0.152100 0.086403
v 0.001941 -0.479401 -0.083282
v 0.001943 0.040813 0.408234
v 0.001958 0.098976 -0.040859
v 0.002062 -0.231857 0.038235
v 0.002323 0.037991 -0.411102
v 0.002432 -0.232010 -0.040890
v 0.002456 0.271118 -0.139893
v 0.002543 -0.220306 -0.034229
v 0.002548 -0.220703 0.051064
v 0.002556 0.159149 -0.039249
v 0.002564 -0.188080 -0.062775
v 0.002620 -0.229736 0.044979
v 0.002633 -0.200104 0.054714
v 0.002673 -0.215240 -0.049618
v 0.002690 -0.020348 -0.091553
v 0.002693 0.365082 -0.116623
v 0.002698 -0.212204 -0.055244
v 0.002714 0.393707 -0.073814
v 0.002728 -0.219025 -0.028355
v 0.002866 0.103653 0.014946
v 0.002888 -0.464172 0.023298
v 0.002989 -0.201385 0.024757
v 0.003002 0.299347 0.142807
v 0.003013 0.168732 -0.062737
v 0.003050 0.051636 0.404144
v 0.003114 0.153839 0.030373
v 0.003145 0.101746 -0.019650
v 0.003268 0.354126 -0.125290
v 0.003286 -0.217651 -0.046398
v 0.003308 -0.210114 0.033371
v 0.003347 0.322784 -0.139069
v 0.003412 0.478882 0.008424
v 0.003466 0.249542 -0.133667
v 0.003484 -0.478638 0.084717
v 0.003498 -0.094147 0.105003
v 0.003592 0.387817 0.087608
v 0.003606 0.413361 0.007558
v 0.003629 0.137665 -0.012085
v 0.003715 0.097282 -0.008563
v 0.003769 -0.147369 -0.088646
v 0.003773 0.132996 -0.004019
v 0.003839 -0.173737 -0.061871
v 0.003845 -0.219330 -0.042679
v 0.003881 -0.187225 0.016396
v 0.003895 0.136444 0.010877
v 0.003927 0.470093 0.008450
v 0.003998 0.477875 -0.008399
v 0.004020 0.070679 -0.059345
v 0.004040 -0.217651 -0.038998
v 0.004046 0.041996 -0.407562
v 0.004145 0.464813 -0.002142
v 0.004168 -0.198853 0.056416
v 0.004198 -0.187149 -0.016945
v 0.004260 -0.205704 -0.025517
v 0.004265 -0.202515 0.049877
v 0.004354 0.395538 0.069023
v 0.004418 0.075294 -0.056129
v 0.004418 0.149017 0.024769
v 0.004420 -0.485504 0.079033
v 0.004421 0.102531 -0.025408
v 0.004460 0.174042 0.071655
v 0.004467 -0.210831 0.030073
v 0.004480 -0.197617 -0.024506
v 0.004531 0.171326 -0.067421
v 0.004577 0.418640 0.001592
v 0.004704 -0.475067 -0.017191
v 0.004787 0.058575 0.066147
v 0.004797 -0.062653 -0.102425
v 0.004810 0.097267 0.000123
v 0.004815 0.470581 -0.006950
v 0.004848 0.378784 -0.101479
v 0.004932 -0.118195 -0.099556
v 0.004967 -0.186890 -0.025570
v 0.004979 0.192566 -0.090752
v 0.004986 -0.207718 0.039284
v 0.005030 0.080627 -0.050568
v 0.005055 0.481079 0.002402
v 0.005056 -0.217789 -0.033813
v 0.005062 0.142380 -0.015856
v 0.005074 -0.118279 0.100258
v 0.005177 0.475830 0.007824
v 0.005207 0.035172 -0.430145
v 0.005229 -0.486176 -0.076462
v 0.005407 -0.468475 -0.018549
v 0.005432 -0.065407 0.103630
v 0.005492 0.146561 -0.020662
v 0.005513 0.054836 0.411316
v 0.005555 0.103874 0.028004
v 0.005579 -0.176376 0.057846
v 0.005618 0.412750 -0.005634
v 0.005639 0.151718 -0.026703
v 0.005676 -0.211624 -0.048691
v 0.005678 -0.190872 -0.057571
v 0.005682 0.414215 0.005038
v 0.005706 0.222321 0.117516
v 0.005707 -0.139374 -0.092064
v 0.005756 -0.188400 0.027830
v 0.005766 -0.216141 -0.046413
v 0.005790 0.100677 -0.033169
v 0.005790 0.467499 0.003630
v 0.005901 0.174744 -0.072342
v 0.005929 0.073524 -0.056244
v 0.006007 -0.486176 -0.029640
v 0.006015 -0.043297 -0.097504
v 0.006022 0.037533 0.072830
v 0.006080 0.038059 -0.072060
v 0.006098 -0.217499 -0.042599
v 0.006124 0.238098 -0.127914
v 0.006189 -0.026180 0.092842
v 0.006189 -0.186020 0.026871
v 0.006222 -0.454956 -0.041424
v 0.006280 0.145737 0.019787
v 0.006310 -0.104233 0.103554
v 0.006351 -0.461761 -0.025887
v 0.006369 0.136917 0.003079
v 0.006373 0.070480 -0.060905
v 0.006387 -0.209656 0.036297
v 0.006404 -0.186432 0.054783
v 0.006411 -0.216080 -0.038296
v 0.006514 0.414276 -0.002369
v 0.006594 0.053368 -0.422058
v 0.006655 0.042538 0.433319
v 0.006745 0.097702 -0.036213
v 0.006766 0.089066 -0.037746
v 0.006851 -0.202545 0.049526
v 0.006871 0.075851 -0.057777
v 0.006927 0.348572 0.129120
v 0.006962 0.091339 -0.038033
v 0.007001 0.138565 -0.005560
v 0.007005 0.218002 -0.114212
v 0.007052 0.401031 0.050442
v 0.007134 0.401764 -0.046322
v 0.007172 -0.461121 0.028553
v 0.007189 0.257202 -0.136612
v 0.007244 0.413757 0.001780
v 0.007260 0.305756 0.142441
v 0.007300 -0.023249 -0.091705
v 0.007340 0.472107 -0.000774
v 0.007360 0.094543 0.030891
v 0.007373 -0.139618 0.092216
v 0.007511 0.064240 0.061501
v 0.007520 -0.206451 0.042572
v 0.007588 0.312927 -0.140991
v 0.007718 -0.197510 0.033161
v 0.007757 0.074928 0.054367
v 0.007800 -0.171402 -0.060600
v 0.007836 -0.200699 -0.032299
v 0.007883 0.064705 -0.060413
v 0.007985 0.068466 -0.058662
v 0.007992 0.034969 0.432953
v 0.008072 0.248245 0.133865
v 0.008114 0.010596 -0.081688
v 0.008160 -0.192841 -0.050858
v 0.008282 0.142380 0.012323
v 0.008307 0.100197 -0.008972
v 0.008326 -0.060818 -0.100952
v 0.008361 0.044239 -0.432983
v 0.008364 0.324066 0.139282
v 0.008405 -0.010355 -0.088188
v 0.008447 0.076530 -0.055199
v 0.008475 -0.184189 -0.033257
v 0.008476 0.377106 0.103615
v 0.008591 0.163193 0.055946
v 0.008595 -0.181702 0.048561
v 0.008641 0.099350 0.000773
v 0.008683 0.066452 -0.060905
v 0.008699 0.405975 -0.016508
v 0.008716 0.077049 -0.050365
v 0.008748 0.074394 -0.052555
v 0.008758 0.408325 -0.009787
v 0.008792 -0.130722 -0.095390
v 0.008850 0.162720 -0.054474
v 0.008882 -0.171509 0.060429
v 0.008910 0.150146 0.024958
v 0.008919 -0.186050 0.037903
v 0.008981 0.193283 0.092163
v 0.009018 -0.457092 -0.048946
v 0.009183 0.203278 0.100960
v 0.009185 0.402527 0.042679
v 0.009197 0.294708 -0.142380
v 0.009245 -0.178131 -0.050266
v 0.009294 -0.487610 -0.038353
v 0.009306 -0.195862 -0.040997
v 0.009487 0.065163 -0.058029
v 0.009542 -0.039711 0.096619
v 0.009586 0.097397 0.029081
v 0.009591 0.396179 -0.064690
v 0.009717 -0.182205 -0.039249
v 0.009760 -0.487244 0.035065
v 0.009793 0.409119 0.007011
v 0.009865 0.051479 -0.415527
v 0.009877 0.043400 -0.067940
v 0.009988 -0.178528 0.048592
v 0.010010 -0.457397 0.047733
v 0.010060 -0.182083 0.038513
v 0.010243 0.269501 0.140472
v 0.010321 0.176956 0.076103
v 0.010359 0.141983 0.007466
v 0.010378 0.142731 -0.008447
v 0.010457 0.409424 -0.002535
v 0.010548 0.147446 -0.018929
v 0.010646 -0.184158 -0.026117
v 0.010695 0.407715 0.009655
v 0.010715 0.076958 -0.052044
v 0.010734 -0.464325 -0.074791
v 0.010740 0.089630 -0.034237
v 0.010761 0.255646 0.136765
v 0.010771 0.044445 -0.412231
v 0.010843 -0.184158 0.027321
v 0.010861 0.073357 -0.050930
v 0.010888 0.152573 0.030027
v 0.010889 -0.063683 0.101921
v 0.010895 0.369293 0.111389
v 0.010931 0.086205 0.035637
v 0.010981 -0.158401 0.076569
v 0.011037 0.341187 -0.131897
v 0.011233 0.151947 -0.028170
v 0.011340 0.281616 -0.141754
v 0.011400 -0.159958 -0.073700
v 0.011453 -0.090675 -0.103592
v 0.011484 -0.098831 -0.103203
v 0.011534 -0.458740 0.041191
v 0.011553 0.142014 -0.001394
v 0.011583 0.179031 -0.077454
v 0.011699 0.238144 0.128601
v 0.011854 -0.464813 0.075897
v 0.011863 0.224838 -0.119347
v 0.011943 0.003448 0.083015
v 0.011973 0.285522 0.142868
v 0.011983 -0.106117 -0.102104
v 0.012033 0.146820 0.017649
v 0.012044 -0.462585 -0.067589
v 0.012080 0.061718 -0.058189
v 0.012082 0.405914 0.014356
v 0.012136 0.359406 -0.119339
v 0.012155 0.357819 0.121506
v 0.012160 -0.475189 0.085335
v 0.012171 0.063980 -0.059570
v 0.012173 0.092293 0.024132
v 0.012291 -0.186707 0.005997
v 0.012300 0.096664 -0.028482
v 0.012346 -0.482941 0.083672
v 0.012349 0.029037 0.427795
v 0.012391 0.048897 0.429352
v 0.012393 -0.473389 0.016733
v 0.012418 0.407043 -0.006918
v 0.012424 0.086182 -0.031857
v 0.012527 0.218536 0.115120
v 0.012535 -0.483398 -0.082260
v 0.012753 -0.036377 -0.094490
v 0.012822 0.069489 -0.053143
v 0.012936 -0.459381 -0.038357
v 0.013052 0.098343 0.001595
v 0.013058 -0.183823 0.000640
v 0.013072 0.407318 0.001010
v 0.013074 0.164703 0.060966
v 0.013103 -0.187164 0.009671
v 0.013194 0.402832 -0.037403
v 0.013261 0.330261 -0.136093
v 0.013265 0.388062 -0.083687
v 0.013281 -0.481354 -0.016670
v 0.013409 -0.055363 -0.098457
v 0.013478 0.095810 0.022720
v 0.013506 0.073792 -0.047688
v 0.013627 0.075005 -0.049664
v 0.013628 -0.063080 -0.100723
v 0.013637 -0.187317 -0.006561
v 0.013796 0.390594 0.078651
v 0.013854 0.143982 0.007609
v 0.013859 0.090553 -0.028915
v 0.013880 0.037205 0.068497
v 0.013988 0.404785 -0.016907
v 0.014098 0.098679 -0.012532
v 0.014151 0.067802 0.053265
v 0.014174 0.087807 -0.030333
v 0.014281 0.385681 0.088852
v 0.014319 -0.174896 -0.048817
v 0.014372 0.246567 -0.132233
v 0.014565 0.029575 -0.422760
v 0.014649 0.374542 -0.103897
v 0.014682 0.145401 -0.010844
v 0.014710 -0.180176 -0.035526
v 0.014726 -0.460754 0.055252
v 0.014861 0.404663 0.017838
v 0.014971 -0.073677 -0.102173
v 0.015006 0.068039 -0.050564
v 0.015124 0.063461 -0.055180
v 0.015134 0.061920 -0.054981
v 0.015156 0.041023 0.416687
v 0.015189 -0.176758 0.044945
v 0.015262 0.143860 -0.002662
v 0.015266 0.384369 -0.090317
v 0.015388 0.034176 -0.068504
v 0.015407 -0.139481 0.089340
v 0.015538 -0.019434 -0.088692
v 0.015557 -0.140823 -0.087631
v 0.015569 0.335632 0.134216
v 0.015576 0.147934 0.020117
v 0.015625 0.090584 0.017405
v 0.015665 -0.065208 0.101425
v 0.015823 0.070557 -0.047447
v 0.015825 0.047432 -0.061676
v 0.015926 0.307739 0.141861
v 0.015989 0.216278 -0.112701
v 0.016008 0.163361 -0.059067
v 0.016554 0.381439 0.095131
v 0.016632 0.395752 0.063393
v 0.016680 0.147583 -0.018324
v 0.016682 0.011844 -0.078224
v 0.016836 -0.460876 -0.052494
v 0.016989 0.065437 -0.050484
v 0.016989 -0.001690 -0.083351
v 0.016998 0.248001 0.133331
v 0.017017 0.191498 0.090317
v 0.017143 0.404999 0.006767
v 0.017149 0.083984 -0.025476
v 0.017149 0.151886 -0.032021
v 0.017223 0.001962 0.081589
v 0.017227 0.028446 -0.430206
v 0.017239 -0.075897 0.102646
v 0.017374 0.066711 -0.050873
v 0.017443 0.069824 -0.049580
v 0.017447 0.240936 -0.129181
v 0.017448 0.191010 -0.088943
v 0.017643 0.095276 0.007732
v 0.017664 0.165115 -0.062164
v 0.017698 0.094749 -0.017832
v 0.017769 0.166428 0.064621
v 0.017771 -0.062576 -0.098938
v 0.017849 0.144745 0.006819
v 0.017849 0.262451 -0.137817
v 0.018156 0.146606 0.016279
v 0.018181 -0.184723 -0.020350
v 0.018209 -0.168976 0.057308
v 0.018236 0.293976 0.142853
v 0.018372 0.091667 0.013309
v 0.018549 0.093956 -0.000786
v 0.018639 0.083771 0.002063
v 0.018652 -0.096725 0.102951
v 0.018805 0.353851 0.122551
v 0.019014 -0.017708 0.086548
v 0.019018 0.403076 -0.028227
v 0.019062 0.087250 0.007954
v 0.019079 0.089638 -0.018671
v 0.019083 -0.470215 0.082314
v 0.019142 -0.469360 -0.017084
v 0.019154 0.033642 -0.436646
v 0.019222 0.205093 -0.101662
v 0.019258 -0.467133 0.020664
v 0.019480 0.144241 -0.001391
v 0.019501 -0.037701 -0.092545
v 0.019506 0.403931 -0.009304
v 0.019522 -0.466644 -0.021303
v 0.019701 -0.095375 -0.101974
v 0.019728 0.225952 -0.119286
v 0.019791 -0.036716 0.092239
v 0.020025 0.351776 -0.122887
v 0.020086 0.402588 0.031319
v 0.020105 0.093094 -0.009508
v 0.020107 -0.148331 -0.079552
v 0.020157 0.307709 -0.140823
v 0.020172 -0.185211 0.016176
v 0.020184 0.085686 -0.021189
v 0.020220 0.088341 0.000944
v 0.020386 0.082558 -0.002034
v 0.020449 -0.182343 0.027367
v 0.020618 0.154739 -0.043068
v 0.020737 0.145462 -0.011529
v 0.020784 -0.064163 -0.098579
v 0.020807 -0.112061 0.099846
v 0.020947 -0.147324 0.080849
v 0.020975 -0.185257 0.007872
v 0.021084 -0.182510 0.001896
v 0.021084 -0.462402 -0.037785
v 0.021162 0.216324 0.112335
v 0.021364 0.176453 -0.074409
v 0.021364 0.239288 0.128220
v 0.021391 0.037220 0.436554
v 0.021412 0.089043 -0.007005
v 0.021534 0.151703 0.036503
v 0.021574 0.047699 -0.056057
v 0.021618 0.082634 -0.015675
v 0.021635 0.167480 -0.065399
v 0.021730 0.008105 0.077492
v 0.021877 0.169418 0.068130
v 0.021931 -0.113739 -0.098419
v 0.021980 -0.063614 0.098076
v 0.022196 -0.054951 -0.095001
v 0.022387 -0.184967 -0.006620
v 0.022406 0.398254 -0.050949
v 0.022444 0.372162 0.104134
v 0.022472 0.018669 0.072441
v 0.022623 0.041641 -0.432343
v 0.022865 0.084961 -0.011591
v 0.022884 0.289246 -0.141891
v 0.022903 0.059242 -0.047279
v 0.022923 0.082611 -0.006711
v 0.022936 -0.462799 0.039150
v 0.023140 0.403046 0.011349
v 0.023314 -0.463989 -0.028645
v 0.023342 0.034443 0.062412
v 0.023344 0.156342 0.049194
v 0.023361 0.073029 0.031261
v 0.023438 0.386536 0.083138
v 0.023453 0.035152 -0.062149
v 0.023502 -0.004228 -0.081177
v 0.023705 0.003814 -0.078491
v 0.023737 -0.181549 -0.000627
v 0.023769 0.186722 0.084915
v 0.024111 -0.468140 -0.078285
v 0.024176 0.059101 0.046421
v 0.024197 -0.464294 0.028238
v 0.024424 0.072540 -0.028671
v 0.024458 0.041912 0.428497
v 0.024515 -0.484894 -0.017733
v 0.024591 -0.153976 -0.071220
v 0.024597 0.155029 -0.046505
v 0.024603 0.146042 0.020502
v 0.024672 0.143951 0.007844
v 0.024719 0.044071 0.054832
v 0.024738 0.218018 -0.112511
v 0.024750 0.143524 0.001663
v 0.024755 0.390747 0.072586
v 0.024858 0.143723 -0.005423
v 0.024864 -0.478699 -0.085358
v 0.024891 -0.080315 -0.099571
v 0.025015 0.396393 0.056301
v 0.025229 -0.480804 0.014567
v 0.025429 0.145584 -0.018652
v 0.025434 0.040878 -0.055618
v 0.025532 -0.178375 -0.032257
v 0.025564 0.039421 -0.425812
v 0.025614 0.030710 -0.425568
v 0.025623 0.144180 -0.011813
v 0.025801 -0.176315 0.037231
v 0.025862 -0.105316 -0.099297
v 0.025881 0.276337 -0.140305
v 0.025915 0.148239 -0.029858
v 0.025921 -0.063248 -0.095482
v 0.025963 0.009709 -0.074478
v 0.026155 -0.152847 0.072472
v 0.026182 0.018183 -0.069702
v 0.026430 0.030499 0.426483
v 0.026564 0.029667 0.432831
v 0.026684 -0.167877 -0.051086
v 0.026691 0.315155 -0.138611
v 0.026741 0.030746 -0.432190
v 0.026798 -0.011910 0.080734
v 0.026817 -0.479584 -0.013002
v 0.026848 0.171783 0.069908
v 0.026905 -0.462860 0.058445
v 0.026926 -0.462646 -0.053448
v 0.026970 0.072563 0.001597
v 0.027071 0.389832 -0.073044
v 0.027300 0.283325 0.141968
v 0.027361 -0.020468 -0.083176
v 0.027397 -0.053516 -0.091721
v 0.027407 0.398499 0.046623
v 0.027412 0.379547 0.092453
v 0.027487 0.369904 -0.103241
v 0.027510 0.198837 0.095261
v 0.027643 0.315063 0.139236
v 0.027821 0.237167 -0.125107
v 0.027908 0.071625 -0.000903
v 0.028027 -0.160995 -0.060024
v 0.028049 -0.489075 0.059856
v 0.028101 0.071815 0.020319
v 0.028128 -0.161423 0.060158
v 0.028170 -0.038273 -0.087738
v 0.028303 -0.064270 -0.094818
v 0.028324 -0.126923 -0.091759
v 0.028397 0.055698 -0.041210
v 0.028456 0.070755 -0.020494
v 0.028564 0.383270 0.085938
v 0.028587 0.252930 -0.133011
v 0.028641 0.074432 -0.006053
v 0.028784 -0.126892 0.092255
v 0.028828 -0.464142 -0.069092
v 0.028852 0.073326 0.005588
v 0.028910 0.340332 0.127960
v 0.028994 0.157166 0.052654
v 0.029015 0.300781 0.141205
v 0.029146 -0.485077 0.017927
v 0.029278 0.155609 -0.049522
v 0.029461 0.059433 -0.035172
v 0.029484 0.373291 0.099213
v 0.029573 -0.109375 0.097847
v 0.029676 -0.029278 0.084511
v 0.029762 -0.076897 -0.097145
v 0.029825 0.362854 0.109192
v 0.029856 0.376587 -0.094376
v 0.029882 0.217438 0.110909
v 0.029903 -0.488342 -0.073471
v 0.029955 -0.075806 0.097595
v 0.030134 0.268188 0.138763
v 0.030148 0.048187 -0.043884
v 0.030205 -0.483154 0.084717
v 0.030207 -0.487427 -0.077293
v 0.030352 0.008477 0.071541
v 0.030411 0.072083 0.009137
v 0.030519 0.057278 0.036358
v 0.030554 -0.465118 0.072983
v 0.030668 -0.179764 -0.019499
v 0.030748 0.329681 0.133102
v 0.030756 0.254456 0.133408
v 0.030954 0.040760 -0.048359
v 0.031103 -0.093834 0.098518
v 0.031132 0.033226 -0.054176
v 0.031223 0.204346 -0.098373
v 0.031227 -0.178436 0.024279
v 0.031237 0.069756 -0.012223
v 0.031590 0.183502 -0.079597
v 0.031639 -0.097954 -0.097534
v 0.031658 -0.053539 0.089645
v 0.031658 -0.487549 0.025209
v 0.031662 0.043480 0.045719
v 0.031826 -0.066040 0.093765
v 0.031883 -0.487732 -0.024847
v 0.032032 -0.472870 -0.083977
v 0.032059 -0.166031 0.049389
v 0.032265 0.389221 0.070686
v 0.032284 0.003654 -0.072433
v 0.032398 -0.473022 -0.012813
v 0.032608 -0.002617 -0.074577
v 0.032619 0.398071 -0.041882
v 0.032684 0.276550 0.140213
v 0.032715 -0.166245 -0.047821
v 0.032875 0.399475 -0.032887
v 0.032944 0.324890 -0.134018
v 0.032974 0.032303 0.053482
v 0.033001 0.063965 0.019459
v 0.033005 0.168777 -0.065598
v 0.033207 0.208359 0.102043
v 0.033279 -0.179993 -0.008475
v 0.033348 0.016209 -0.064743
v 0.033390 0.060062 0.001032
v 0.033474 -0.132706 -0.087204
v 0.033516 0.066551 -0.007174
v 0.033516 -0.114563 -0.094223
v 0.033531 -0.487976 0.077148
v 0.033607 0.225418 -0.114975
v 0.033619 -0.063980 -0.090836
v 0.033646 0.261963 -0.135391
v 0.033722 -0.489105 -0.044014
v 0.033791 0.399750 0.030029
v 0.034088 0.394318 0.054974
v 0.034168 0.400635 -0.009338
v 0.034218 -0.031750 -0.081177
v 0.034470 0.059547 -0.021967
v 0.034485 -0.136597 0.084923
v 0.034534 0.298645 -0.139938
v 0.034595 0.399902 -0.024647
v 0.034653 0.235916 0.123070
v 0.034660 -0.013500 0.075554
v 0.034721 0.012442 0.066017
v 0.034737 0.384003 0.079926
v 0.034809 0.394592 -0.052792
v 0.035007 0.382996 -0.080551
v 0.035061 0.034866 -0.047684
v 0.035210 0.180084 0.076294
v 0.035378 0.061581 -0.004378
v 0.035435 -0.488953 0.041054
v 0.035484 -0.074913 -0.093475
v 0.035530 -0.052864 -0.085831
v 0.035549 0.269623 -0.137466
v 0.035721 -0.477692 0.086594
v 0.035789 0.039860 -0.041538
v 0.035851 0.376617 0.090828
v 0.036079 0.158081 0.054939
v 0.036263 -0.471100 0.014631
v 0.036407 0.225388 0.114693
v 0.036469 0.389191 -0.066292
v 0.036484 -0.178329 0.009293
v 0.036510 -0.177658 0.005640
v 0.036610 0.047249 -0.032303
v 0.036690 0.320374 0.135391
v 0.036697 0.161728 0.059124
v 0.036755 0.054062 -0.000531
v 0.036770 -0.065414 -0.089622
v 0.037075 0.328308 -0.131378
v 0.037098 0.143982 -0.030121
v 0.037140 0.018412 0.059742
v 0.037235 -0.171616 -0.031738
v 0.037388 0.148224 -0.040077
v 0.037392 0.400146 0.004714
v 0.037460 0.143997 0.031244
v 0.037640 0.000956 -0.068497
v 0.037674 -0.171600 0.032219
v 0.037796 0.047123 0.030680
v 0.037857 -0.075539 0.092751
v 0.038033 -0.476379 0.012781
v 0.038105 -0.119240 0.091858
v 0.038445 0.145935 0.036915
v 0.038540 0.280182 -0.138977
v 0.038654 -0.479584 -0.012267
v 0.038654 -0.484070 -0.081970
v 0.039108 -0.032928 -0.077034
v 0.039703 0.019159 -0.055565
v 0.039783 0.049065 0.002483
v 0.039810 0.042461 -0.030998
v 0.039944 -0.049465 0.081505
v 0.040016 0.139740 0.019503
v 0.040184 0.047440 -0.023062
v 0.040253 0.396027 0.040363
v 0.040401 -0.173843 0.001479
v 0.040466 0.035217 0.039642
v 0.040516 -0.173233 -0.021469
v 0.040573 -0.106300 -0.092155
v 0.041031 0.187637 0.081451
v 0.041054 0.051929 0.009861
v 0.041065 0.242508 0.125229
v 0.041080 0.364746 0.100487
v 0.041100 0.051216 0.006436
v 0.041157 -0.065140 -0.085510
v 0.041229 -0.173752 -0.001202
v 0.041332 0.287659 0.139648
v 0.041428 0.383759 0.074112
v 0.041477 0.243332 -0.124931
v 0.041561 -0.091293 -0.091324
v 0.041660 0.324219 0.132050
v 0.041691 0.137268 0.009466
v 0.041725 -0.173264 0.019749
v 0.041824 -0.485291 -0.017365
v 0.041836 0.339905 0.122192
v 0.041840 0.049400 -0.013029
v 0.041927 0.136520 0.000072
v 0.042004 0.050568 -0.007047
v 0.042019 0.216354 -0.104507
v 0.042133 -0.074501 -0.088348
v 0.042149 0.045803 0.020405
v 0.042309 -0.118073 -0.088898
v 0.042477 0.048626 -0.005023
v 0.042648 -0.067055 0.085747
v 0.042706 0.037125 -0.031857
v 0.042744 0.388519 0.061947
v 0.042858 0.023087 0.049355
v 0.042908 0.023788 -0.047901
v 0.043072 0.029697 -0.041336
v 0.043274 0.136627 -0.009325
v 0.043316 0.375519 -0.085381
v 0.043316 -0.479919 -0.084099
v 0.043324 0.373230 0.089081
v 0.043415 0.394928 -0.038826
v 0.043530 0.002130 -0.061489
v 0.043640 0.291046 -0.138611
v 0.043655 -0.472809 0.084641
v 0.043671 -0.483093 0.016016
v 0.043720 -0.056438 -0.079720
v 0.043732 0.017117 -0.052181
v 0.043804 0.041420 0.000139
v 0.043804 -0.144241 -0.074425
v 0.043861 0.238235 -0.120705
v 0.043877 0.299805 0.138504
v 0.043877 0.397400 0.020472
v 0.043911 -0.133484 -0.081688
v 0.043945 0.314240 -0.134369
v 0.044121 0.347931 -0.113441
v 0.044212 0.173019 -0.067574
v 0.044437 -0.487579 -0.074135
v 0.044479 0.228989 -0.114967
v 0.044518 -0.066551 -0.083534
v 0.044666 -0.487579 -0.024996
v 0.044777 0.229431 0.115868
v 0.044800 -0.173355 -0.007585
v 0.044865 -0.014587 -0.066711
v 0.044960 0.141891 -0.031195
v 0.045277 -0.487305 0.076057
v 0.045319 0.393982 0.041031
v 0.045467 0.381470 -0.073784
v 0.045517 -0.145264 0.072578
v 0.045589 0.146576 -0.039646
v 0.045654 0.038639 -0.022194
v 0.045692 -0.127274 0.085136
v 0.045700 -0.099380 0.089447
v 0.045723 0.331879 -0.125259
v 0.045818 0.292419 0.138657
v 0.046169 0.270905 0.135529
v 0.046181 0.366364 -0.094238
v 0.046352 -0.072571 0.084686
v 0.046375 0.253052 0.128021
v 0.046406 -0.461334 -0.034893
v 0.046459 0.378418 0.078590
v 0.046600 -0.113884 0.088860
v 0.046642 -0.465546 -0.018763
v 0.046734 -0.481354 0.084236
v 0.046795 0.041252 -0.012924
v 0.046940 0.037819 0.021017
v 0.047089 0.252777 -0.126892
v 0.047146 -0.018206 0.066032
v 0.047150 0.042240 0.007933
v 0.047249 0.206848 -0.094994
v 0.047249 0.390167 0.051823
v 0.047386 -0.487396 0.025616
v 0.047413 -0.474609 -0.083443
v 0.047440 0.006728 0.054676
v 0.047459 -0.468262 -0.079605
v 0.047626 0.141602 0.032608
v 0.047661 -0.461151 0.035667
v 0.047745 0.183548 -0.075462
v 0.047787 -0.464294 -0.069939
v 0.047794 0.208832 0.097084
v 0.047874 -0.153763 0.060463
v 0.047928 -0.146591 -0.068665
v 0.047962 0.324463 0.129105
v 0.047966 -0.081230 0.085411
v 0.047970 -0.141800 -0.074356
v 0.048069 -0.461853 -0.053570
v 0.048069 -0.462006 0.057053
v 0.048122 0.193924 0.084534
v 0.048164 0.151672 -0.046494
v 0.048347 0.170532 0.065445
v 0.048431 -0.124451 -0.082924
v 0.048618 0.396271 -0.012107
v 0.048717 -0.078499 -0.083244
v 0.048756 -0.463959 0.069008
v 0.048901 0.221085 0.107483
v 0.048958 0.024895 0.038132
v 0.049007 -0.013201 -0.061749
v 0.049305 0.345825 0.112526
v 0.049332 0.011838 -0.048397
v 0.049332 0.362213 0.096619
v 0.049339 -0.138840 0.076096
v 0.049347 0.244583 0.120811
v 0.049377 0.236664 -0.116104
v 0.049404 0.394989 0.026249
v 0.049427 -0.034424 0.067795
v 0.049438 0.134796 -0.013784
v 0.049515 0.238358 0.117676
v 0.049660 0.038128 -0.008121
v 0.049698 -0.151108 -0.062897
v 0.049702 0.020491 -0.040932
v 0.049786 0.306488 0.135223
v 0.049946 -0.487671 0.067818
v 0.049988 -0.170456 0.006968
v 0.050022 0.025812 -0.033840
v 0.050125 -0.487671 -0.066238
v 0.050182 -0.487610 -0.030893
v 0.050270 -0.462524 0.025618
v 0.050320 0.262817 0.131760
v 0.050404 0.018789 0.042095
v 0.050434 -0.473083 -0.013513
v 0.050560 0.248398 -0.121452
v 0.050648 0.249985 0.122894
v 0.050667 -0.462921 -0.023474
v 0.050915 0.299713 -0.135910
v 0.051060 -0.066772 -0.076515
v 0.051220 0.264618 -0.131454
v 0.051399 -0.465179 0.019699
v 0.051418 0.395386 0.011570
v 0.051647 -0.475861 0.013855
v 0.051716 0.311218 0.132889
v 0.051750 0.238800 -0.117523
v 0.051876 -0.033752 -0.064507
v 0.052048 -0.488068 0.047646
v 0.052109 0.231232 0.112679
v 0.052155 -0.482574 0.081032
v 0.052174 0.237122 0.117157
v 0.052193 0.132965 0.011090
v 0.052246 -0.488007 -0.045959
v 0.052250 0.394043 -0.023802
v 0.052391 -0.060364 -0.072479
v 0.052639 0.216614 -0.101929
v 0.052639 -0.105049 -0.083382
v 0.052673 0.032280 -0.004423
v 0.052753 -0.008699 0.055981
v 0.052818 0.143295 0.036499
v 0.052834 0.331451 0.121689
v 0.052845 0.233780 -0.114243
v 0.052853 0.131485 0.002287
v 0.052883 -0.467133 0.078178
v 0.052975 -0.481598 -0.080109
v 0.052990 0.248352 0.114685
v 0.053013 -0.112801 -0.082436
v 0.053028 0.157089 -0.052532
v 0.053200 0.251801 -0.114563
v 0.053230 -0.475952 0.082504
v 0.053265 0.246506 -0.113548
v 0.053391 0.342133 -0.112076
v 0.053429 0.249969 -0.121597
v 0.053432 0.159546 0.055428
v 0.053589 0.259521 0.127991
v 0.053635 0.255096 0.115990
v 0.053741 0.320831 -0.127106
v 0.053814 -0.121201 0.082024
v 0.053829 0.131409 -0.004725
v 0.053890 -0.132690 -0.075233
v 0.053917 0.247192 0.120506
v 0.053917 -0.467194 -0.017139
v 0.053951 -0.067863 -0.074310
v 0.054089 0.026165 -0.000848
v 0.054203 0.244659 0.117371
v 0.054230 -0.479767 -0.015532
v 0.054237 0.226776 -0.107849
v 0.054394 0.132874 -0.013199
v 0.054409 0.259216 -0.114853
v 0.054428 0.241348 -0.116219
v 0.054607 0.237335 0.115318
v 0.054642 -0.468292 -0.076721
v 0.054741 0.029696 0.006496
v 0.054779 0.009817 0.042370
v 0.054798 0.394470 0.000518
v 0.054810 0.261261 -0.127640
v 0.054859 0.239670 0.111671
v 0.055042 -0.005420 -0.050755
v 0.055077 0.249786 -0.119957
v 0.055126 0.260712 0.115746
v 0.055237 0.279419 -0.134521
v 0.055298 0.140793 -0.032307
v 0.055313 0.017740 0.033699
v 0.055351 0.016861 -0.033962
v 0.055382 0.134689 0.020355
v 0.055382 -0.025599 0.058502
v 0.055401 0.192657 -0.080383
v 0.055439 0.025583 -0.019964
v 0.055557 0.225845 0.107132
v 0.055649 0.252960 -0.118980
v 0.055672 0.237350 -0.109741
v 0.055729 0.009481 -0.040195
v 0.055729 0.253357 0.120979
v 0.055779 0.228989 0.110435
v 0.055782 0.024244 0.022520
v 0.055782 -0.163300 0.000771
v 0.055912 -0.167648 -0.006314
v 0.055931 0.231201 -0.110680
v 0.055939 0.136398 -0.024017
v 0.056004 -0.067093 0.071709
v 0.056026 0.028240 0.009974
v 0.056049 0.022825 0.002012
v 0.056091 -0.081551 -0.075844
v 0.056187 0.255981 0.123573
v 0.056290 -0.002528 0.047928
v 0.056324 0.380554 0.064064
v 0.056690 0.259369 0.124130
v 0.056702 -0.110992 0.080482
v 0.056725 0.027269 -0.007394
v 0.056747 -0.483978 -0.072716
v 0.056808 0.261322 -0.114517
v 0.056892 -0.146378 0.063560
v 0.056946 -0.475769 -0.078125
v 0.057011 0.350464 0.101784
v 0.057014 -0.464264 -0.058273
v 0.057030 0.386810 -0.047493
v 0.057060 0.257019 0.120735
v 0.057125 0.389008 0.040653
v 0.057335 0.258545 -0.122719
v 0.057354 -0.036461 -0.059418
v 0.057354 -0.146545 -0.062859
v 0.057365 -0.136612 -0.069115
v 0.057529 0.130295 -0.001006
v 0.057762 -0.153564 0.052402
v 0.057766 -0.160965 -0.034756
v 0.057819 0.232071 0.107079
v 0.057919 -0.082581 0.074722
v 0.057922 -0.070007 0.071297
v 0.057941 -0.097061 -0.076683
v 0.058044 0.130905 0.008445
v 0.058060 0.309387 -0.129639
v 0.058079 0.278351 0.134033
v 0.058102 0.257904 -0.120049
v 0.058414 0.231171 -0.105591
v 0.058510 0.325256 0.121841
v 0.058533 -0.465332 0.061207
v 0.058651 0.227371 0.106346
v 0.058704 0.212997 0.097710
v 0.058712 -0.164520 0.019575
v 0.058773 -0.482941 -0.022186
v 0.058834 0.023834 -0.008897
v 0.058891 0.131027 -0.009088
v 0.058903 -0.471344 -0.016518
v 0.058952 -0.481201 0.019989
v 0.059132 0.260529 0.119102
v 0.059299 -0.159790 0.036938
v 0.059311 -0.154938 -0.047211
v 0.059357 -0.123001 -0.074272
v 0.059395 -0.472351 0.016842
v 0.059444 -0.468170 -0.068405
v 0.059792 0.285614 -0.133911
v 0.059837 0.244965 0.113708
v 0.059868 0.141190 0.033424
v 0.059895 0.261597 -0.122223
v 0.059944 -0.472046 -0.073318
v 0.059978 -0.131195 0.072433
v 0.060009 0.221588 0.102242
v 0.060043 0.173386 0.065125
v 0.060211 0.389587 -0.030428
v 0.060211 -0.479614 0.074890
v 0.060226 -0.480621 -0.072357
v 0.060230 0.153397 0.048767
v 0.060230 -0.038078 0.057323
v 0.060291 0.017174 -0.020189
v 0.060303 0.260590 -0.118935
v 0.060303 0.329102 -0.117233
v 0.060459 0.010183 0.029980
v 0.060474 0.222061 0.103020
v 0.060516 0.390076 0.028139
v 0.060520 -0.483429 0.068253
v 0.060528 0.014602 -0.000216
v 0.060596 -0.002887 -0.040005
v 0.060623 -0.470947 0.072929
v 0.060730 0.221512 -0.102135
v 0.060738 0.136902 0.026505
v 0.060741 0.017387 0.018373
v 0.060791 0.256927 -0.114403
v 0.060814 0.261871 0.122658
v 0.060917 0.010693 -0.027292
v 0.061024 -0.049911 0.061573
v 0.061207 0.141388 -0.033058
v 0.061390 -0.004328 0.040020
v 0.061623 0.018322 -0.005860
v 0.061657 0.220230 -0.099976
v 0.061676 0.132477 0.016525
v 0.061699 -0.484375 0.056343
v 0.061710 0.264282 0.122467
v 0.061718 -0.036591 -0.053883
v 0.061745 0.223846 -0.101685
v 0.061771 0.003439 -0.032650
v 0.061775 -0.483582 -0.062016
v 0.061802 -0.067848 -0.064888
v 0.061878 0.264160 -0.121696
v 0.061901 0.132523 -0.016150
v 0.062042 0.279694 -0.131882
v 0.062218 -0.019934 -0.046646
v 0.062275 -0.484070 -0.051662
v 0.062283 0.384186 0.048134
v 0.062313 0.390625 -0.015208
v 0.062359 -0.483337 -0.032818
v 0.062382 -0.476837 -0.069626
v 0.062405 0.225815 0.101410
v 0.062538 -0.140259 0.064087
v 0.062553 0.261871 0.114494
v 0.062584 0.166519 -0.058487
v 0.062599 0.292908 -0.132309
v 0.062721 -0.120110 0.073318
v 0.062737 -0.115189 -0.072350
v 0.062752 -0.476501 -0.019081
v 0.062798 -0.463196 -0.032154
v 0.062973 0.130051 -0.000881
v 0.063004 -0.463379 0.034832
v 0.063072 -0.466919 0.022823
v 0.063194 0.283539 0.133240
v 0.063240 -0.140549 -0.062424
v 0.063240 -0.163696 -0.011985
v 0.063370 0.390747 0.008865
v 0.063522 -0.480072 0.023764
v 0.063583 -0.482513 0.029709
v 0.063644 0.150772 -0.044739
v 0.063675 -0.051422 -0.058407
v 0.063751 0.237717 0.110214
v 0.063797 0.358246 -0.087143
v 0.064003 0.010468 0.004453
v 0.064018 0.013931 0.009671
v 0.064041 0.231339 -0.105492
v 0.064117 0.006337 0.001523
v 0.064156 -0.467529 -0.023457
v 0.064255 0.005859 -0.023273
v 0.064407 0.130356 0.006436
v 0.064407 0.241745 -0.111183
v 0.064430 0.289673 0.132812
v 0.064507 0.131256 -0.011801
v 0.064583 0.204712 -0.087059
v 0.064743 0.223572 -0.098381
v 0.064781 0.202347 0.085434
v 0.064896 0.214020 -0.095078
v 0.064896 -0.477478 0.063759
v 0.064957 -0.158737 -0.000531
v 0.065071 0.008556 -0.016193
v 0.065071 0.371124 -0.070045
v 0.065224 0.261658 -0.114906
v 0.065224 -0.102562 -0.068481
v 0.065239 0.157120 0.051308
v 0.065254 -0.069580 -0.061848
v 0.065262 0.135696 -0.023283
v 0.065285 0.368347 0.074333
v 0.065285 -0.147232 -0.053810
v 0.065300 0.334259 0.109360
v 0.065338 -0.479675 -0.026829
v 0.065361 0.010810 -0.009773
v 0.065361 -0.071205 0.062469
v 0.065468 -0.471832 -0.058140
v 0.065514 -0.147827 0.053173
v 0.065536 -0.035667 0.049084
v 0.065613 0.004959 0.020792
v 0.065613 0.261475 0.115341
v 0.065636 0.376312 -0.060261
v 0.065643 0.375793 0.062088
v 0.065796 0.219070 0.098190
v 0.065865 0.230362 0.105125
v 0.065918 0.304657 0.127502
v 0.065964 0.251587 -0.113235
v 0.065964 -0.466187 -0.041393
v 0.065987 -0.152695 -0.043694
v 0.066025 0.261261 -0.112885
v 0.066040 -0.481110 0.051327
v 0.066193 -0.478699 -0.056530
v 0.066376 0.007703 -0.005535
v 0.066429 0.156738 -0.050102
v 0.066429 -0.153152 0.043247
v 0.066483 -0.157593 0.029160
v 0.066490 -0.161621 0.016329
v 0.066536 -0.475739 0.025637
v 0.066589 0.131516 0.013038
v 0.066605 0.138885 0.029247
v 0.066742 -0.466705 0.031422
v 0.066788 0.151260 0.045238
v 0.066795 -0.130936 0.065353
v 0.066833 -0.080330 0.062683
v 0.066902 -0.480377 -0.042107
v 0.066917 0.332886 -0.108482
v 0.067070 -0.162170 -0.007742
v 0.067108 0.263397 -0.119949
v 0.067123 -0.131119 -0.063416
v 0.067131 0.180969 0.068100
v 0.067299 0.364471 -0.076828
v 0.067513 0.279205 0.129837
v 0.067535 -0.474731 -0.028603
v 0.067543 -0.469940 0.048157
v 0.067665 -0.161499 0.009014
v 0.067810 -0.159897 -0.018171
v 0.067955 0.385010 0.034336
v 0.067986 -0.156540 0.001859
v 0.068001 -0.037945 -0.045994
v 0.068031 -0.155945 -0.030645
v 0.068413 0.272736 -0.122581
v 0.068581 0.254547 0.113121
v 0.068665 0.213257 0.093529
v 0.068687 -0.471863 -0.037971
v 0.068794 -0.475647 0.042049
v 0.068924 -0.065445 0.056370
v 0.069000 -0.007698 0.001511
v 0.069031 0.247711 0.112419
v 0.069237 0.388153 -0.000274
v 0.069237 -0.007164 -0.000570
v 0.069275 0.378326 0.051979
v 0.069298 -0.158829 0.005682
v 0.069313 0.383850 -0.034725
v 0.069328 0.000915 0.008817
v 0.069351 0.216263 -0.093994
v 0.069496 0.131073 -0.007048
v 0.069504 0.233871 -0.105690
v 0.069580 -0.108917 0.063873
v 0.069794 -0.001755 -0.012466
v 0.069809 0.225204 0.099594
v 0.069878 0.149139 -0.040916
v 0.069939 0.197723 -0.079323
v 0.070007 0.134628 0.020327
v 0.070015 0.263123 0.119675
v 0.070030 0.326965 0.111267
v 0.070107 -0.035683 0.042053
v 0.070251 -0.159332 -0.004942
v 0.070328 0.361755 0.077484
v 0.070450 -0.110817 -0.062164
v 0.070564 0.219772 0.092972
v 0.070572 0.178024 -0.064255
v 0.070618 -0.017975 -0.028606
v 0.070633 -0.047630 -0.048813
v 0.070732 -0.013408 0.025187
v 0.070793 0.290802 0.129822
v 0.070831 -0.157364 0.021626
v 0.071014 0.272308 0.116028
v 0.071083 0.130936 0.001301
v 0.071159 -0.048946 0.049339
v 0.071289 0.159531 0.051224
v 0.071335 -0.141129 0.052750
v 0.071388 0.281128 -0.126434
v 0.071442 -0.151001 0.039112
v 0.071579 -0.140594 -0.052547
v 0.071686 0.203461 0.083221
v 0.071861 -0.148438 -0.042103
v 0.071960 0.227432 -0.100052
v 0.071991 -0.006322 -0.006605
v 0.072014 0.272919 -0.114548
v 0.072136 -0.156509 -0.020401
v 0.072372 0.243423 -0.109070
v 0.072380 -0.144745 0.047363
v 0.072395 0.207626 -0.085075
v 0.072472 0.282898 0.127975
v 0.072495 0.161972 -0.051746
v 0.072510 0.139893 -0.027849
v 0.072617 0.153290 0.044918
v 0.072670 0.178223 0.063400
v 0.072708 -0.036259 -0.036915
v 0.072784 0.145645 0.036030
v 0.072792 0.132599 0.012831
v 0.072815 0.378906 -0.043465
v 0.072899 -0.011390 -0.003987
v 0.072914 0.292694 -0.126984
v 0.072975 0.385162 -0.014238
v 0.073021 -0.011447 0.005523
v 0.073097 0.384460 0.020725
v 0.073166 -0.070816 -0.052036
v 0.073235 0.133087 -0.013875
v 0.073250 -0.060726 -0.049320
v 0.073311 0.286499 -0.126770
v 0.073318 0.260559 -0.109871
v 0.073334 -0.069809 -0.050964
v 0.073509 -0.124039 0.057961
v 0.073532 0.346893 0.089088
v 0.073555 -0.157410 -0.011813
v 0.073570 0.385559 0.007291
v 0.073570 -0.020985 0.001690
v 0.073586 0.379211 0.041767
v 0.073616 -0.087357 -0.053699
v 0.073708 -0.151566 -0.000418
v 0.073769 -0.121140 -0.057140
v 0.073822 -0.021269 -0.000164
v 0.073860 0.213852 0.089859
v 0.073868 -0.074150 0.051945
v 0.073891 0.138504 0.025269
v 0.073990 -0.046230 -0.042229
v 0.074173 -0.036072 0.034451
v 0.074226 0.260345 0.110107
v 0.074371 0.217621 -0.088165
v 0.074432 0.278076 0.122528
v 0.074440 0.221359 -0.092834
v 0.074593 0.370087 0.060123
v 0.074799 0.354736 -0.079460
v 0.074806 0.233200 0.103996
v 0.074837 0.242767 0.108551
v 0.075127 -0.020975 -0.018509
v 0.075127 -0.155457 0.009174
v 0.075226 -0.148193 0.035542
v 0.075287 0.366455 -0.064384
v 0.075294 -0.156036 0.014398
v 0.075310 -0.130524 -0.052444
v 0.075554 0.314697 0.115173
v 0.075600 -0.144547 -0.039867
v 0.075661 0.174316 -0.058464
v 0.075668 -0.017906 -0.010942
v 0.075684 -0.016758 0.009538
v 0.075890 0.193481 -0.073296
v 0.075951 -0.036133 -0.029732
v 0.075951 -0.151993 0.024122
v 0.076012 0.217438 0.087349
v 0.076065 0.157104 -0.045853
v 0.076172 0.262451 -0.115921
v 0.076248 0.340302 -0.090523
v 0.076294 0.206512 0.082336
v 0.076302 -0.154678 -0.006889
v 0.076309 0.240097 -0.105988
v 0.076439 -0.150024 -0.025894
v 0.076736 0.156540 0.045341
v 0.077118 0.212067 -0.084297
v 0.077347 0.313721 -0.114227
v 0.077522 0.135117 -0.015156
v 0.077660 0.252136 0.108475
v 0.077827 -0.049751 0.038292
v 0.077950 0.251282 -0.107574
v 0.078094 0.148819 -0.034485
v 0.078094 0.353699 0.077377
v 0.078117 0.177673 0.059494
v 0.078133 -0.150238 0.004891
v 0.078148 0.277557 0.110123
v 0.078186 -0.036102 0.000778
v 0.078217 -0.108696 -0.049458
v 0.078346 0.148712 0.034901
v 0.078354 -0.035347 0.023212
v 0.078423 -0.117935 0.050388
v 0.078461 0.327942 0.103310
v 0.078537 0.287109 0.123825
v 0.078560 0.277161 -0.109749
v 0.078606 0.135635 0.015249
v 0.078644 0.145447 0.032452
v 0.078651 0.225952 0.096085
v 0.078728 -0.025879 -0.006688
v 0.078896 0.279877 0.117836
v 0.078941 -0.059845 0.041351
v 0.079109 -0.071960 -0.043385
v 0.079247 0.133286 0.003326
v 0.079308 0.133148 -0.000813
v 0.079330 0.362396 0.065086
v 0.079330 -0.060017 -0.039646
v 0.079346 -0.145264 0.028276
v 0.079376 0.231705 -0.099388
v 0.079483 0.372253 0.047661
v 0.079514 0.372223 -0.046852
v 0.079514 -0.136765 -0.039951
v 0.079536 -0.149002 -0.003671
v 0.079575 -0.076805 0.043865
v 0.079674 0.299683 -0.120422
v 0.079735 0.271545 -0.112076
v 0.079880 0.144760 -0.030306
v 0.079895 -0.035450 -0.018353
v 0.079918 -0.149796 -0.017168
v 0.079979 0.157532 -0.041893
v 0.079994 0.378387 0.027967
v 0.080040 0.174866 -0.055347
v 0.080040 -0.050571 -0.033695
v 0.080078 -0.123726 -0.045757
v 0.080078 -0.132339 0.043407
v 0.080154 -0.094261 0.045338
v 0.080276 0.209991 -0.080414
v 0.080299 0.212311 0.081596
v 0.080429 -0.070763 -0.040276
v 0.080482 0.379181 -0.021400
v 0.080505 0.260284 0.105911
v 0.080635 0.286926 -0.120560
v 0.080658 0.219727 0.088287
v 0.080673 -0.142029 -0.030296
v 0.080864 0.294373 0.121689
v 0.080887 0.207397 0.078270
v 0.080887 -0.035191 -0.003870
v 0.080894 -0.138962 0.035461
v 0.081093 0.198242 -0.073318
v 0.081100 0.192963 0.070442
v 0.081116 0.159454 0.042641
v 0.081131 -0.034424 0.011576
v 0.081276 0.225983 -0.093521
v 0.081383 0.261932 0.113625
v 0.081528 0.219727 -0.086533
v 0.081680 -0.037167 0.005424
v 0.081879 -0.147583 0.007837
v 0.081894 0.283447 -0.116852
v 0.081963 0.303711 0.117851
v 0.082001 -0.147125 0.018564
v 0.082047 0.154114 -0.034271
v 0.082108 -0.036968 -0.011162
v 0.082245 0.154358 0.034477
v 0.082275 0.149277 -0.029560
v 0.082611 0.214020 0.077858
v 0.082626 -0.077377 0.038525
v 0.082657 -0.139877 0.001402
v 0.082741 0.197311 0.071991
v 0.082741 -0.037647 -0.006401
v 0.082832 0.279510 0.106224
v 0.082924 0.160263 -0.039196
v 0.082970 0.261353 -0.111069
v 0.083076 0.147873 0.027998
v 0.083122 0.178085 0.055458
v 0.083160 0.269379 0.112160
v 0.083328 -0.068214 0.035469
v 0.083389 0.292877 -0.118843
v 0.083412 0.175766 -0.052559
v 0.083466 0.333344 0.092949
v 0.083549 -0.053284 0.028963
v 0.083557 0.279236 -0.105385
v 0.083748 0.326202 -0.097519
v 0.083809 0.213974 -0.075836
v 0.084000 0.356323 -0.065910
v 0.084053 0.379059 0.006795
v 0.084114 0.378845 -0.003938
v 0.084190 -0.137955 -0.000534
v 0.084206 0.363129 -0.055565
v 0.084221 0.259949 -0.102150
v 0.084312 -0.050068 0.000790
v 0.084343 0.288055 0.117332
v 0.084419 -0.137558 0.026123
v 0.084473 -0.051090 -0.023876
v 0.084549 -0.072632 -0.033375
v 0.084564 0.229416 0.094437
v 0.084564 0.238953 0.100166
v 0.084618 0.240753 -0.099899
v 0.085007 -0.131317 -0.031149
v 0.085106 0.342102 0.080475
v 0.085159 0.208359 0.072182
v 0.085243 -0.143234 -0.008523
v 0.085373 0.250641 0.102455
v 0.085396 0.273438 -0.108299
v 0.085487 0.147720 -0.024057
v 0.085495 0.269531 -0.109802
v 0.085503 0.157166 -0.026932
v 0.085503 0.208832 -0.073822
v 0.085556 0.143814 0.024643
v 0.085709 -0.047508 0.017195
v 0.085724 0.153076 0.024717
v 0.085762 0.360901 0.056892
v 0.085808 0.176514 0.050827
v 0.085869 0.138870 -0.009414
v 0.085869 -0.076782 0.031830
v 0.086098 0.174561 -0.047806
v 0.086113 0.284302 0.108131
v 0.086128 -0.065735 0.028639
v 0.086143 0.144119 -0.024031
v 0.086159 0.219070 -0.081551
v 0.086182 -0.139313 0.006144
v 0.086227 0.280396 -0.102348
v 0.086327 -0.062233 -0.025990
v 0.086372 0.207779 -0.073784
v 0.086388 0.212967 0.071869
v 0.086395 0.205688 -0.073372
v 0.086578 -0.088158 0.034096
v 0.086586 0.164017 0.030771
v 0.086594 -0.137634 -0.018547
v 0.086617 0.172165 0.044933
v 0.086617 0.336151 -0.083817
v 0.086647 -0.137985 0.017944
v 0.086678 -0.047264 0.006918
v 0.086723 0.259094 0.100464
v 0.086731 0.304077 -0.113380
v 0.086876 0.250366 -0.099930
v 0.086899 0.349731 0.069572
v 0.087006 -0.047516 -0.006504
v 0.087334 -0.050076 -0.013256
v 0.087349 0.225372 -0.087181
v 0.087349 0.281952 0.100075
v 0.087357 -0.071495 -0.025871
v 0.087402 0.196259 -0.066147
v 0.087410 0.218307 0.079880
v 0.087433 0.370026 0.034794
v 0.087448 0.233521 -0.093407
v 0.087486 -0.062721 0.001714
v 0.087517 -0.062126 -0.000519
v 0.087563 -0.056396 -0.019320
v 0.087593 0.372559 0.025312
v 0.087723 0.262970 -0.108978
v 0.087799 0.173828 -0.043308
v 0.087822 -0.137268 -0.006302
v 0.088005 0.144333 -0.015671
v 0.088135 0.224075 0.085915
v 0.088234 0.200714 0.067444
v 0.088257 -0.096031 -0.031387
v 0.088264 0.316956 0.102592
v 0.088371 -0.136871 0.011154
v 0.088432 0.191910 0.062424
v 0.088432 0.271515 0.106796
v 0.088562 0.260101 -0.107643
v 0.088608 -0.058331 0.018463
v 0.088615 -0.101875 0.031548
v 0.088646 0.141907 -0.014386
v 0.088669 0.153732 0.003231
v 0.088722 0.153946 -0.003454
v 0.088791 0.212112 -0.065636
v 0.088791 -0.128174 0.023027
v 0.088821 0.206757 -0.067574
v 0.088905 -0.075188 0.022764
v 0.088997 0.156693 0.020340
v 0.089020 0.172104 0.036243
v 0.089035 -0.054173 0.010496
v 0.089081 0.158752 -0.020763
v 0.089088 0.142319 0.014603
v 0.089104 -0.135147 -0.010463
v 0.089165 -0.115280 -0.027771
v 0.089256 0.370880 -0.025059
v 0.089287 0.284851 -0.103378
v 0.089294 0.291656 -0.112083
v 0.089302 -0.123680 0.001483
v 0.089333 0.259857 0.108665
v 0.089378 0.211792 -0.033466
v 0.089386 0.211823 0.033016
v 0.089546 -0.075928 0.002018
v 0.089638 -0.112289 0.028152
v 0.089836 -0.076645 -0.000727
v 0.089882 0.141312 0.007701
v 0.089905 0.258118 -0.095917
v 0.089920 0.215225 -0.070457
v 0.089966 0.303772 0.111145
v 0.090065 -0.125977 -0.019499
v 0.090103 -0.122154 -0.000759
v 0.090141 0.153015 0.013778
v 0.090149 0.215332 -0.031559
v 0.090164 0.211990 -0.029188
v 0.090164 0.214951 0.032406
v 0.090179 -0.059910 -0.011115
v 0.090240 -0.071747 -0.016979
v 0.090248 0.141571 -0.002654
v 0.090286 0.281494 -0.095497
v 0.090294 0.149780 0.009938
v 0.090302 0.150040 -0.008215
v 0.090393 0.153198 -0.014432
v 0.090424 -0.060486 -0.005853
v 0.090446 0.171860 -0.025736
v 0.090652 -0.062115 0.007125
v 0.090736 0.208969 0.061539
v 0.090836 0.211304 0.059757
v 0.090851 0.239334 -0.092278
v 0.090881 -0.088623 0.001848
v 0.090912 0.362823 0.043015
v 0.090965 0.285919 -0.100891
v 0.090981 0.204926 -0.066383
v 0.090988 0.273132 -0.102371
v 0.091103 0.248611 0.095543
v 0.091156 0.268768 -0.104927
v 0.091240 -0.104912 0.001777
v 0.091354 -0.098595 -0.000495
v 0.091667 0.320648 0.094696
v 0.091721 0.288757 -0.106026
v 0.091759 0.211182 0.034595
v 0.091805 0.149704 -0.004301
v 0.091805 -0.074547 0.006332
v 0.091858 0.150589 0.003690
v 0.091866 -0.116432 0.020815
v 0.091957 -0.125717 0.009494
v 0.091980 0.261505 -0.105644
v 0.091988 0.282501 0.092735
v 0.091995 -0.074265 0.010297
v 0.092033 -0.103806 -0.023180
v 0.092079 0.248215 -0.093178
v 0.092110 0.215347 0.067574
v 0.092216 0.260895 0.106590
v 0.092232 -0.092613 -0.021887
v 0.092239 0.148727 0.001192
v 0.092239 0.227844 -0.083199
v 0.092308 0.211365 -0.044727
v 0.092308 -0.073555 -0.006624
v 0.092361 0.185181 -0.047974
v 0.092361 0.211456 -0.052631
v 0.092369 0.154846 0.012605
v 0.092438 0.240311 0.091354
v 0.092484 0.172379 -0.021429
v 0.092514 0.335968 -0.076538
v 0.092598 -0.106812 -0.002039
v 0.092606 -0.113136 -0.019125
v 0.092636 0.288483 0.100555
v 0.092644 0.229950 0.084869
v 0.092682 0.305206 -0.107216
v 0.092712 0.211746 0.029642
v 0.092743 -0.118050 0.004916
v 0.092781 0.256836 0.092972
v 0.092789 0.211395 0.048973
v 0.092888 0.210648 -0.033001
v 0.092972 0.299072 0.108948
v 0.093010 0.188354 0.051815
v 0.093010 0.219696 -0.072296
v 0.093025 0.200882 -0.062386
v 0.093109 0.201050 0.060684
v 0.093132 0.221191 0.075195
v 0.093147 0.276581 0.095726
v 0.093178 -0.074715 -0.006222
v 0.093323 0.351868 -0.055733
v 0.093346 0.308502 0.105133
v 0.093430 -0.076141 0.007277
v 0.093475 0.204376 -0.057705
v 0.093475 -0.119240 -0.006210
v 0.093521 0.298248 -0.107872
v 0.093567 0.369659 0.007655
v 0.093613 0.328705 -0.080719
v 0.093750 -0.086136 0.018061
v 0.093903 0.175385 -0.026445
v 0.093971 0.369263 -0.003717
v 0.094017 0.175873 0.030458
v 0.094185 0.309082 -0.102890
v 0.094223 -0.106018 0.017319
v 0.094246 0.292755 0.104134
v 0.094284 0.214783 -0.058456
v 0.094315 0.362061 -0.034912
v 0.094376 0.257568 -0.100525
v 0.094460 0.155304 -0.009343
v 0.094460 -0.113838 -0.010015
v 0.094490 0.210556 -0.028467
v 0.094566 0.215164 -0.030716
v 0.094727 -0.112404 0.008176
v 0.094749 -0.091858 0.005068
v 0.094772 0.205002 -0.053272
v 0.094833 0.154755 0.001110
v 0.094879 0.212784 0.028948
v 0.094887 0.329651 0.078209
v 0.094894 0.171570 0.020510
v 0.094910 0.201538 -0.059017
v 0.094925 0.216751 -0.027481
v 0.095032 0.221130 -0.037376
v 0.095047 0.214951 0.050167
v 0.095093 0.217377 0.027540
v 0.095100 -0.091156 -0.004099
v 0.095108 0.345337 0.060551
v 0.095116 0.257111 0.100510
v 0.095123 0.221848 -0.029308
v 0.095291 -0.105377 -0.005737
v 0.095322 0.185059 -0.035023
v 0.095390 0.208313 -0.041492
v 0.095421 0.217896 -0.041000
v 0.095520 0.208145 0.054756
v 0.095566 0.218323 0.043034
v 0.095589 0.185776 -0.039715
v 0.095642 -0.088486 -0.009033
v 0.095718 0.275360 -0.089966
v 0.095818 0.179123 -0.028374
v 0.095840 0.197205 0.053108
v 0.095863 0.245071 0.086891
v 0.095871 0.209152 0.048508
v 0.095901 0.201477 0.054367
v 0.095909 0.356079 0.044369
v 0.095947 -0.099030 -0.009643
v 0.096031 0.363922 0.024673
v 0.096092 -0.090401 0.008569
v 0.096100 0.219208 -0.030800
v 0.096191 0.217880 0.034065
v 0.096191 0.224380 0.030346
v 0.096329 0.233322 0.080444
v 0.096359 0.180420 0.031605
v 0.096428 0.238052 -0.082420
v 0.096458 0.217102 -0.051918
v 0.096474 0.254547 -0.085419
v 0.096542 0.318298 -0.090042
v 0.096672 0.219208 0.061493
v 0.096680 0.279297 -0.083321
v 0.097000 0.225739 0.071739
v 0.097046 0.187805 -0.040470
v 0.097160 0.225143 0.042191
v 0.097244 0.280121 0.083328
v 0.097343 0.220444 0.033695
v 0.097466 0.214554 -0.025244
v 0.097473 0.220886 -0.061237
v 0.097473 0.318939 0.087013
v 0.097488 0.227615 -0.071976
v 0.097511 0.326721 -0.074753
v 0.097542 0.201675 0.050854
v 0.097588 0.202637 -0.046139
v 0.097649 0.246704 -0.082115
v 0.097656 0.207169 0.032707
v 0.098114 0.206711 -0.030872
v 0.098312 0.230453 -0.032791
v 0.098351 0.197235 -0.044250
v 0.098396 0.203598 0.045509
v 0.098434 0.290009 -0.095146
v 0.098442 0.287018 -0.090569
v 0.098549 0.286377 0.089569
v 0.098587 0.222214 0.053818
v 0.098595 0.242340 0.079437
v 0.098602 0.223297 -0.048882
v 0.098610 0.362762 -0.014725
v 0.098618 0.305481 0.100517
v 0.098686 0.294067 -0.098610
v 0.098824 0.252106 0.079643
v 0.098915 0.160629 0.008423
v 0.099190 0.175522 -0.023159
v 0.099220 0.229492 -0.045975
v 0.099289 0.222382 -0.037941
v 0.099419 0.254791 -0.091629
v 0.099464 0.208038 -0.025816
v 0.099586 0.343872 -0.052971
v 0.099678 0.203995 0.034954
v 0.099709 0.156845 -0.000289
v 0.099792 0.275879 -0.077042
v 0.099838 0.275360 0.076790
v 0.099907 0.174240 0.021381
v 0.099922 0.234756 0.035507
v 0.099960 0.254303 0.091354
v 0.099983 0.292328 0.094856
v 0.100014 0.228607 0.062637
v 0.100044 0.257172 0.094292
v 0.100090 0.187088 -0.028095
v 0.100159 0.249710 -0.073669
v 0.100166 0.190399 -0.034340
v 0.100182 0.206497 0.027184
v 0.100227 0.260712 0.094673
v 0.100266 0.311096 0.094269
v 0.100288 0.236908 0.071053
v 0.100296 0.158249 0.003422
v 0.100372 0.228912 -0.055382
v 0.100441 0.239304 -0.070580
v 0.100533 0.233215 0.051216
v 0.100555 0.257660 -0.092438
v 0.100586 0.169846 -0.011312
v 0.100624 0.325562 0.068520
v 0.100685 0.235977 -0.035599
v 0.100769 0.332520 0.062157
v 0.100784 0.224075 0.040840
v 0.100792 0.188690 0.030018
v 0.100807 0.232758 -0.062328
v 0.100830 0.273865 -0.073990
v 0.101021 0.227646 -0.025667
v 0.101212 0.210587 0.024021
v 0.101288 0.188568 0.026733
v 0.101295 0.162720 -0.005950
v 0.101349 0.310364 -0.092339
v 0.101395 0.350342 -0.038654
v 0.101601 0.242950 0.063530
v 0.101601 0.320770 -0.069122
v 0.101601 0.356567 0.025110
v 0.101707 0.240723 -0.059555
v 0.101707 0.265259 -0.091370
v 0.101929 0.348572 0.041023
v 0.102051 0.200455 -0.028479
v 0.102127 0.232376 -0.027857
v 0.102158 0.304565 -0.095062
v 0.102501 0.185379 0.025555
v 0.102570 0.272125 -0.071907
v 0.102615 0.315460 0.077675
v 0.102638 0.358765 0.007226
v 0.102707 0.273193 0.073273
v 0.102753 0.242325 0.040451
v 0.102760 0.194366 -0.026379
v 0.102760 0.268158 -0.082207
v 0.103218 0.243622 -0.040752
v 0.103226 0.199799 0.026760
v 0.103317 0.194717 0.026506
v 0.103561 0.312988 -0.081161
v 0.103668 0.269958 -0.069824
v 0.103676 0.269714 0.070229
v 0.103951 0.287811 -0.085487
v 0.104050 0.204254 -0.021999
v 0.104103 0.237793 -0.030769
v 0.104149 0.251068 -0.081352
v 0.104202 0.266693 0.066566
v 0.104286 0.169205 0.006230
v 0.104393 0.248596 -0.045040
v 0.104462 0.263306 0.080444
v 0.104462 0.266357 -0.065941
v 0.104652 0.230759 -0.043018
v 0.104668 0.265686 -0.063850
v 0.104752 0.355347 -0.010301
v 0.104797 0.258026 0.082802
v 0.104805 0.189880 0.020725
v 0.104820 0.293915 -0.089752
v 0.104851 0.297852 -0.091316
v 0.105095 0.262177 -0.079323
v 0.105118 0.253540 -0.050121
v 0.105133 0.258362 0.056278
v 0.105141 0.242523 0.036068
v 0.105148 0.204178 0.021729
v 0.105179 0.241379 -0.033218
v 0.105194 0.252045 0.049297
v 0.105194 0.284302 0.081795
v 0.105217 0.259796 -0.056824
v 0.105316 0.331726 -0.051266
v 0.105408 0.188263 -0.019197
v 0.105431 0.231339 0.044815
v 0.105545 0.182617 0.018976
v 0.105583 0.235413 0.044968
v 0.105598 0.229904 -0.046711
v 0.105614 0.303619 0.090393
v 0.105621 0.249741 0.078995
v 0.105682 0.315155 0.064255
v 0.105698 0.351105 -0.022839
v 0.105721 0.245270 0.039165
v 0.105820 0.167480 0.000328
v 0.105827 0.189346 0.017834
v 0.105835 0.297455 0.089729
v 0.106216 0.195587 0.018608
v 0.106270 0.230682 0.048717
v 0.106331 0.260559 0.073158
v 0.106369 0.200867 -0.019176
v 0.106377 0.260895 -0.073555
v 0.106903 0.343597 -0.033730
v 0.107018 0.247467 -0.073402
v 0.107056 0.306366 0.085724
v 0.107094 0.349213 0.021173
v 0.107117 0.252106 -0.075562
v 0.107277 0.314087 -0.056614
v 0.107300 0.247833 -0.037655
v 0.107300 0.251038 0.044369
v 0.107307 0.250702 0.076904
v 0.107346 0.309296 0.071770
v 0.107376 0.306335 -0.084366
v 0.107491 0.328613 0.048843
v 0.107491 0.341766 0.033684
v 0.107521 0.241058 0.028963
v 0.107536 0.194183 -0.016197
v 0.107536 0.274414 -0.070824
v 0.107567 0.237015 -0.048252
v 0.107704 0.176010 -0.018946
v 0.107727 0.351288 0.009213
v 0.107834 0.191589 0.015919
v 0.107834 0.310913 -0.059174
v 0.107964 0.245834 0.070885
v 0.107979 0.250580 -0.040119
v 0.108009 0.236877 0.024597
v 0.108063 0.237793 -0.024303
v 0.108101 0.282166 -0.075859
v 0.108253 0.288971 0.081749
v 0.108253 0.315460 0.054192
v 0.108299 0.277985 0.073990
v 0.108383 0.235947 -0.054752
v 0.108711 0.242706 -0.064667
v 0.108734 0.176025 0.018284
v 0.108788 0.251556 0.067329
v 0.108795 0.238785 0.059387
v 0.108803 0.308380 0.060452
v 0.108925 0.240707 0.055187
v 0.108978 0.242432 -0.054543
v 0.109184 0.196289 0.016626
v 0.109184 0.249207 -0.064957
v 0.109192 0.229980 -0.018864
v 0.109314 0.274902 -0.068619
v 0.109322 0.231583 0.020140
v 0.109360 0.244583 -0.028399
v 0.109665 0.221375 0.017330
v 0.109802 0.186234 -0.012821
v 0.109848 0.186752 0.014059
v 0.109955 0.305023 -0.068810
v 0.110344 0.174026 0.012527
v 0.110535 0.220230 -0.015831
v 0.110764 0.346497 -0.005342
v 0.110786 0.299561 -0.081459
v 0.110817 0.177689 0.011851
v 0.110832 0.174225 -0.011936
v 0.110901 0.205124 0.016752
v 0.110909 0.346252 0.006609
v 0.111176 0.261627 -0.052227
v 0.111290 0.259338 -0.047482
v 0.111305 0.302551 -0.047962
v 0.111320 0.168503 0.000659
v 0.111435 0.342804 -0.015448
v 0.111526 0.244659 -0.022579
v 0.111580 0.240662 -0.019836
v 0.111580 0.272095 -0.064163
v 0.111656 0.304596 0.046555
v 0.111717 0.280762 -0.071037
v 0.111847 0.321259 -0.040741
v 0.111870 0.245209 0.023487
v 0.111954 0.254761 -0.036907
v 0.111977 0.199341 -0.015304
v 0.111984 0.184097 0.011341
v 0.111992 0.184250 -0.010479
v 0.112053 0.292603 -0.078194
v 0.112061 0.329926 0.033417
v 0.112129 0.182449 0.009185
v 0.112160 0.229965 -0.014777
v 0.112167 0.264801 0.056988
v 0.112175 0.339874 0.018528
v 0.112305 0.273254 0.066154
v 0.112343 0.319183 0.041451
v 0.112381 0.234558 0.015678
v 0.112381 0.299286 0.078552
v 0.112465 0.253815 0.033520
v 0.112495 0.172943 0.007996
v 0.112595 0.173096 -0.007406
v 0.112801 0.298798 0.049404
v 0.112984 0.333923 -0.025955
v 0.113457 0.216721 0.013689
v 0.113480 0.298218 -0.039749
v 0.113655 0.232971 0.011909
v 0.113663 0.279663 0.069542
v 0.113762 0.191452 0.006785
v 0.113831 0.298126 -0.072449
v 0.113846 0.299225 0.039253
v 0.113960 0.290039 0.074501
v 0.114037 0.191177 -0.004633
v 0.114082 0.203430 0.014645
v 0.114204 0.233780 -0.009728
v 0.114204 0.243668 0.012583
v 0.114204 0.291901 -0.040939
v 0.114265 0.173584 0.000982
v 0.114365 0.257629 0.030003
v 0.114464 0.295197 0.072372
v 0.114517 0.191299 -0.006233
v 0.114517 0.247787 -0.011404
v 0.114548 0.208252 -0.013145
v 0.114647 0.258789 -0.033154
v 0.114677 0.259125 0.023916
v 0.114685 0.264862 0.050461
v 0.114792 0.295715 0.057266
v 0.114906 0.232529 0.006050
v 0.114937 0.176773 -0.006140
v 0.114960 0.176559 0.007511
v 0.115005 0.189377 0.005605
v 0.115028 0.289246 0.037048
v 0.115051 0.305206 -0.035275
v 0.115120 0.336639 -0.008018
v 0.115135 0.246887 0.002903
v 0.115189 0.187180 0.015991
v 0.115219 0.190598 -0.016649
v 0.115280 0.290833 0.031872
v 0.115303 0.285400 -0.031963
v 0.115334 0.264038 -0.025579
v 0.115433 0.220078 -0.009390
v 0.115509 0.282684 -0.037689
v 0.115669 0.227753 0.001678
v 0.115677 0.286469 0.041023
v 0.115723 0.221085 0.008237
v 0.115746 0.330597 0.017347
v 0.115807 0.271820 0.027409
v 0.115952 0.191467 0.017317
v 0.115974 0.268585 -0.034260
v 0.116013 0.281311 -0.022533
v 0.116043 0.335205 0.004131
v 0.116196 0.184921 0.013196
v 0.116249 0.292725 -0.062706
v 0.116348 0.259033 -0.007906
v 0.116348 0.272095 0.015741
v 0.116371 0.269592 -0.053383
v 0.116425 0.276306 0.061443
v 0.116455 0.273163 0.034595
v 0.116524 0.185028 -0.013122
v 0.116699 0.205215 0.012248
v 0.116737 0.199142 0.014345
v 0.116867 0.286621 0.065094
v 0.116898 0.269989 0.050983
v 0.117111 0.277710 -0.060982
v 0.117126 0.267303 0.006383
v 0.117409 0.327789 -0.011725
v 0.117493 0.321838 0.020201
v 0.117538 0.287903 -0.063622
v 0.117775 0.200821 -0.012292
v 0.117775 0.279846 0.058254
v 0.117851 0.271851 0.043594
v 0.117935 0.271942 -0.001408
v 0.118004 0.282990 0.050583
v 0.118103 0.287170 -0.057823
v 0.118111 0.314056 -0.020424
v 0.118118 0.179535 0.001504
v 0.118279 0.272430 -0.047333
v 0.118431 0.313324 0.022068
v 0.118469 0.305176 -0.021503
v 0.118698 0.207825 0.007993
v 0.119041 0.207031 -0.007143
v 0.119057 0.324097 -0.002706
v 0.119331 0.291992 0.014751
v 0.119400 0.280487 -0.053947
v 0.119492 0.284210 0.006649
v 0.119675 0.320129 0.009848
v 0.119713 0.208069 0.000497
v 0.120178 0.181686 0.005821
v 0.120361 0.185852 -0.012934
v 0.120544 0.294922 -0.010724
v 0.120583 0.185379 0.012606
v 0.120728 0.181671 -0.004513
v 0.120804 0.310272 -0.007433
v 0.120865 0.313843 0.006805
v 0.120895 0.293060 -0.002664
v 0.121033 0.300598 -0.008116
v 0.121124 0.199387 0.010884
v 0.121277 0.185333 -0.008535
v 0.121536 0.185287 0.008810
v 0.121819 0.192078 -0.014783
v 0.121971 0.199875 -0.008823
v 0.123131 0.200043 0.006997
v 0.124062 0.200714 -0.001107
v 0.125366 0.190979 0.013863
v 0.127029 0.184525 -0.006619
v 0.127960 0.184631 0.006784
v 0.129776 0.189163 -0.009688
v 0.130005 0.190536 0.010590
v 0.131516 0.187897 0.008391
v 0.131546 0.193085 0.008530
v 0.132202 0.185303 0.001195
v 0.132263 0.195541 -0.003499
v 0.133163 0.192017 -0.007039
v 0.133286 0.195251 0.003713
v 0.133575 0.187180 -0.003106
v 0.135605 0.191162 0.002651
v -0.000016 0.123940 -0.003012
v -0.000039 -0.488770 -0.062851
v -0.000087 0.143021 -0.021791
v -0.000124 0.124313 0.004463
v -0.000126 0.107666 0.025574
v -0.000185 -0.165588 0.071625
v -0.000188 0.430634 -0.000975
v -0.000193 0.098557 0.038158
v -0.000205 -0.128998 -0.097740
v -0.000216 0.429901 0.003386
v -0.000244 -0.221130 -0.028063
v -0.000245 0.195023 0.093056
v -0.000285 -0.223999 0.056850
v -0.000286 0.232788 -0.124176
v -0.000304 0.148544 -0.025642
v -0.000390 0.458557 -0.000328
v -0.000409 -0.057495 -0.101387
v -0.000457 0.092506 -0.043262
v -0.000467 0.240448 0.129456
v -0.000511 -0.198715 0.059807
v -0.000520 0.173523 0.069206
v -0.000530 0.079880 -0.056408
v -0.000544 -0.214157 0.023808
v -0.000547 -0.187775 -0.005213
v -0.000559 0.101105 0.013360
v -0.000581 -0.469513 0.082588
v -0.000588 0.103897 0.007409
v -0.000601 -0.212051 -0.059872
v -0.000608 -0.073441 0.105133
v -0.000639 0.470612 -0.013082
v -0.000666 0.380676 0.100586
v -0.000667 0.325836 0.139145
v -0.000832 0.463440 0.010159
v -0.000864 -0.184631 0.001060
v -0.000869 0.405548 0.031654
v -0.000907 -0.188904 0.019041
v -0.000923 -0.241119 -0.033195
v -0.000956 0.098999 -0.019150
v -0.000994 0.415100 0.009545
v -0.001023 -0.250763 0.047276
v -0.001157 0.101959 -0.041882
v -0.001158 0.126617 0.011057
v -0.001184 -0.215561 0.026382
v -0.001203 -0.450256 -0.057552
v -0.001204 -0.475037 0.019325
v -0.001254 -0.488708 0.053963
v -0.001266 0.407501 0.021669
v -0.001271 -0.041439 0.098419
v -0.001281 0.145157 0.024813
v -0.001375 -0.252441 -0.038502
v -0.001396 0.373596 -0.108704
v -0.001411 0.095154 -0.044067
v -0.001435 -0.449280 0.056580
v -0.001445 0.113831 -0.003423
v -0.001473 -0.472534 -0.082687
v -0.001511 0.168686 0.060005
v -0.001535 -0.045269 -0.098747
v -0.001540 0.115013 0.003603
v -0.001583 -0.253571 -0.045803
v -0.001583 0.438324 -0.000394
v -0.001590 0.004253 0.085693
v -0.001607 -0.233765 0.029856
v -0.001638 0.432953 0.004579
v -0.001638 0.406006 -0.029020
v -0.001685 0.103638 -0.026083
v -0.001694 -0.146103 0.092049
v -0.001822 -0.468933 -0.080765
v -0.001874 -0.252686 0.037594
v -0.001882 0.128311 -0.013274
v -0.001882 0.103889 -0.011361
v -0.001961 -0.189438 -0.017780
v -0.001976 -0.220551 -0.022131
v -0.002025 0.464752 -0.011381
v -0.002050 -0.484070 -0.024855
v -0.002134 0.455566 -0.002066
v -0.002235 0.353912 0.126938
v -0.002253 0.409668 0.017727
v -0.002260 -0.242401 -0.053932
v -0.002270 0.432465 -0.003942
v -0.002324 -0.232544 -0.056927
v -0.002343 0.036221 0.076828
v -0.002423 0.047379 0.396149
v -0.002459 -0.452209 0.032478
v -0.002478 0.136154 0.019995
v -0.002494 -0.480835 0.022034
v -0.002510 0.111069 0.008776
v -0.002656 -0.194153 0.065933
v -0.002735 0.063377 -0.405426
v -0.002746 0.063049 0.408051
v -0.002767 -0.450317 -0.033978
v -0.002820 -0.205414 -0.063660
v -0.002858 0.453430 0.003373
v -0.002884 -0.094154 -0.104416
v -0.002884 0.314972 0.141083
v -0.002909 0.449402 -0.000705
v -0.002940 0.407990 -0.020639
v -0.003036 -0.202713 -0.016607
v -0.003058 0.476501 -0.014579
v -0.003083 0.447906 0.003304
v -0.003122 -0.468018 0.020023
v -0.003157 0.457825 -0.005788
v -0.003187 -0.212265 -0.060192
v -0.003218 -0.215012 0.021046
v -0.003251 0.456787 0.005948
v -0.003268 0.071785 -0.063522
v -0.003350 0.257812 0.136902
v -0.003373 0.371796 0.111755
v -0.003402 0.130051 0.017361
v -0.003419 0.348755 -0.129547
v -0.003472 0.132782 -0.018539
v -0.003508 -0.185928 -0.069214
v -0.003521 0.056427 -0.390686
v -0.003524 -0.207397 -0.016575
v -0.003582 0.168884 -0.057991
v -0.003677 -0.222046 -0.024178
v -0.003702 0.212311 -0.108192
v -0.003741 -0.457153 -0.072578
v -0.003813 0.108612 0.024364
v -0.003849 0.120483 -0.013170
v -0.003851 -0.237213 -0.027008
v -0.003889 -0.488586 -0.054558
v -0.003964 0.156097 -0.032280
v -0.004006 -0.144791 -0.092422
v -0.004013 -0.222061 0.061970
v -0.004039 0.213058 0.108879
v -0.004086 0.448883 -0.003555
v -0.004086 -0.463379 -0.020994
v -0.004199 0.182404 0.079216
v -0.004243 0.413483 0.014079
v -0.004315 -0.222351 -0.020241
v -0.004346 -0.215759 0.022867
v -0.004379 0.472351 0.015963
v -0.004482 0.112717 -0.013598
v -0.004486 -0.200974 0.016424
v -0.004679 0.153351 -0.030174
v -0.004817 0.119797 0.015369
v -0.004918 0.487671 -0.004200
v -0.004918 0.107620 0.015751
v -0.004941 -0.268219 -0.037369
v -0.005013 0.411407 -0.015829
v -0.005031 0.005416 -0.085457
v -0.005039 0.048134 -0.393066
v -0.005075 -0.027197 0.094246
v -0.005171 0.366821 0.116852
v -0.005308 0.093948 -0.046421
v -0.005322 -0.111649 -0.101639
v -0.005391 0.152145 0.030493
v -0.005521 -0.272491 0.044735
v -0.005569 0.338196 -0.134674
v -0.005584 0.412811 -0.015010
v -0.005678 -0.275940 -0.039062
v -0.005687 0.408142 0.022528
v -0.005736 0.138809 -0.023329
v -0.005779 0.487640 0.002784
v -0.005783 -0.272064 0.038521
v -0.005839 -0.468719 -0.019135
v -0.005849 0.022367 0.082283
v -0.005862 -0.212540 -0.065231
v -0.005915 -0.453918 -0.026777
v -0.005935 0.401917 0.050636
v -0.005990 -0.292053 0.044006
v -0.006021 -0.271454 -0.047379
v -0.006040 0.057480 -0.070999
v -0.006052 0.081078 0.060097
v -0.006135 -0.292572 -0.043159
v -0.006164 0.158081 0.034298
v -0.006255 0.418060 -0.011950
v -0.006308 0.447571 0.007070
v -0.006327 0.065765 -0.067726
v -0.006330 -0.071442 -0.104065
v -0.006348 0.101768 -0.045807
v -0.006377 -0.256561 0.055664
v -0.006401 -0.292419 0.038185
v -0.006486 0.429016 0.009370
v -0.006490 0.401886 -0.050186
v -0.006505 0.419250 0.012559
v -0.006613 0.060631 0.070801
v -0.006639 -0.292755 -0.037338
v -0.006707 -0.167465 -0.071785
v -0.006751 0.101265 -0.025738
v -0.006762 -0.488403 0.065849
v -0.006773 0.434326 0.008547
v -0.006794 -0.242371 0.025717
v -0.006859 0.034050 -0.078140
v -0.006879 0.458282 0.010137
v -0.006883 0.106125 -0.030832
v -0.006890 0.466888 0.016008
v -0.006911 0.413605 0.015818
v -0.006930 0.410706 0.018444
v -0.006938 -0.194626 0.066353
v -0.007010 -0.140976 -0.094406
v -0.007013 0.105621 0.041737
v -0.007023 -0.213135 -0.063805
v -0.007090 0.457153 -0.008655
v -0.007124 -0.274292 0.050747
v -0.007135 0.472260 -0.016325
v -0.007144 0.233643 0.124290
v -0.007148 0.145554 -0.026871
v -0.007173 -0.223541 -0.021038
v -0.007178 0.160187 -0.035679
v -0.007246 -0.029638 -0.094101
v -0.007256 -0.189590 0.014277
v -0.007284 0.428345 -0.008760
v -0.007367 -0.222855 -0.018068
v -0.007368 0.437012 -0.007014
v -0.007422 -0.142044 0.094856
v -0.007442 -0.193527 0.069458
v -0.007462 0.448914 -0.006329
v -0.007468 0.132889 0.022497
v -0.007473 0.105309 0.021774
v -0.007531 0.247284 -0.131546
v -0.007569 0.192902 -0.089073
v -0.007584 0.275116 0.140762
v -0.007638 0.073166 -0.383484
v -0.007650 0.048428 -0.420471
v -0.007652 -0.292389 -0.048340
v -0.007708 -0.236084 -0.061798
v -0.007783 0.101410 0.043156
v -0.007791 0.162857 0.039749
v -0.007854 0.125168 -0.020098
v -0.007927 -0.277771 -0.033005
v -0.007928 -0.265045 0.030787
v -0.007929 -0.264435 -0.029989
v -0.007935 0.060650 0.381134
v -0.007935 0.111084 0.019896
v -0.007963 0.108719 0.039024
v -0.008015 0.020613 -0.082443
v -0.008028 -0.272095 -0.051914
v -0.008052 -0.168350 0.072113
v -0.008110 -0.218018 0.017548
v -0.008130 -0.089096 -0.104111
v -0.008130 -0.277191 0.033222
v -0.008150 0.121353 0.020224
v -0.008195 0.407715 0.025049
v -0.008227 0.408203 -0.022785
v -0.008227 0.480591 -0.014620
v -0.008255 0.181747 -0.076447
v -0.008329 -0.190399 -0.013970
v -0.008333 -0.180740 -0.072952
v -0.008351 0.063591 -0.411896
v -0.008395 -0.293640 -0.033184
v -0.008501 0.165771 0.045284
v -0.008612 -0.481964 -0.023838
v -0.008644 -0.163177 -0.074821
v -0.008645 0.219528 0.113548
v -0.008648 0.107346 -0.040134
v -0.008648 0.410309 -0.018270
v -0.008675 -0.453003 0.026802
v -0.008892 0.451904 0.008368
v -0.008969 0.084793 -0.058056
v -0.008997 0.196732 0.093071
v -0.009007 0.479553 0.015644
v -0.009037 -0.060856 -0.102356
v -0.009056 -0.294861 0.051411
v -0.009080 0.290558 -0.141449
v -0.009093 -0.472382 0.083031
v -0.009198 0.131866 -0.022839
v -0.009209 0.290558 0.142212
v -0.009219 -0.180054 0.072556
v -0.009234 0.221771 -0.115089
v -0.009242 0.110840 0.028553
v -0.009287 0.427002 0.010730
v -0.009358 0.437897 0.008683
v -0.009399 0.078407 0.382050
v -0.009407 0.105576 -0.023844
v -0.009465 0.137222 0.025183
v -0.009553 0.043213 0.402924
v -0.009554 -0.189178 -0.009813
v -0.009570 0.487213 -0.009160
v -0.009583 0.096489 -0.047554
v -0.009593 0.319885 -0.139084
v -0.009633 0.450592 -0.007263
v -0.009636 0.162842 -0.038105
v -0.009644 0.077263 0.405273
v -0.009665 0.043755 -0.397583
v -0.009696 -0.261749 -0.057003
v -0.009773 -0.474091 -0.019476
v -0.009787 -0.220474 0.019285
v -0.009816 0.165741 -0.043377
v -0.009852 0.466400 -0.014828
v -0.009879 0.260529 -0.136429
v -0.009897 0.144836 0.028194
v -0.009926 0.328644 0.137909
v -0.010101 -0.218445 0.067245
v -0.010112 0.243134 0.129623
v -0.010139 0.416473 -0.013671
v -0.010178 0.383484 -0.096535
v -0.010218 0.059166 0.415619
v -0.010252 -0.046780 0.099785
v -0.010299 0.115509 -0.021935
v -0.010312 0.083481 -0.394135
v -0.010352 -0.293396 -0.052586
v -0.010471 0.355469 -0.125290
v -0.010476 -0.294373 0.030598
v -0.010497 0.208328 0.103760
v -0.010538 -0.046127 -0.098816
v -0.010593 0.455536 -0.008588
v -0.010604 0.459045 0.011178
v -0.010620 0.395721 0.071442
v -0.010631 0.486816 0.008868
v -0.010695 0.206665 -0.101974
v -0.010754 0.367401 -0.115685
v -0.010795 -0.483856 0.027929
v -0.010810 0.415039 0.015268
v -0.010850 0.405334 0.034451
v -0.010859 -0.221466 -0.016058
v -0.010941 -0.213074 -0.069084
v -0.011016 -0.344513 -0.045559
v -0.011077 0.438354 -0.007015
v -0.011096 -0.345093 0.046791
v -0.011222 -0.239288 0.021000
v -0.011260 0.108795 -0.036827
v -0.011280 -0.276550 0.056393
v -0.011352 -0.097961 0.104187
v -0.011353 0.444519 0.007942
v -0.011377 -0.344849 0.035744
v -0.011378 0.405640 -0.032482
v -0.011385 0.392120 0.081413
v -0.011386 -0.344879 -0.036156
v -0.011418 -0.341736 0.039993
v -0.011477 -0.215851 -0.067017
v -0.011504 0.430145 0.009416
v -0.011517 -0.312073 -0.038342
v -0.011521 0.059097 -0.414856
v -0.011535 -0.125931 -0.099419
v -0.011588 0.177689 -0.068718
v -0.011611 0.085358 0.396362
v -0.011653 0.151733 -0.030479
v -0.011667 0.112228 0.034103
v -0.011712 -0.341644 -0.044579
v -0.011769 -0.191071 -0.073326
v -0.011806 0.103935 -0.047924
v -0.011821 0.102829 0.044514
v -0.011844 -0.452362 0.071548
v -0.011871 -0.294830 -0.028196
v -0.012076 0.410278 0.018858
v -0.012089 0.108002 -0.033512
v -0.012145 0.358887 0.123413
v -0.012167 0.305084 -0.140839
v -0.012174 0.110374 -0.024279
v -0.012195 0.122528 0.023897
v -0.012215 0.384888 0.095268
v -0.012223 -0.216370 -0.069725
v -0.012232 -0.165894 -0.073875
v -0.012303 -0.242996 -0.020084
v -0.012385 0.454285 0.008454
v -0.012388 0.428467 -0.008748
v -0.012396 -0.204391 -0.012503
v -0.012411 -0.062046 0.103249
v -0.012416 0.177841 0.068916
v -0.012428 -0.341614 -0.035904
v -0.012438 -0.317413 -0.041080
v -0.012445 -0.279480 -0.027487
v -0.012477 0.082184 -0.407013
v -0.012656 -0.002182 0.087830
v -0.012676 0.411987 -0.016394
v -0.012732 0.075035 -0.372742
v -0.012742 -0.438721 -0.043510
v -0.012743 -0.320038 0.042545
v -0.012783 0.253906 0.134338
v -0.012799 -0.205338 -0.070946
v -0.012825 0.389771 -0.085838
v -0.012869 0.052719 0.415863
v -0.012948 -0.251587 0.062737
v -0.013037 0.130768 -0.024546
v -0.013049 0.488159 -0.007515
v -0.013062 0.133835 0.025755
v -0.013065 0.158737 0.034237
v -0.013094 -0.223892 -0.017586
v -0.013122 -0.260223 -0.023449
v -0.013261 -0.438049 0.044838
v -0.013264 -0.204941 0.012064
v -0.013291 0.085686 -0.383606
v -0.013373 0.408142 0.022779
v -0.013376 0.418365 -0.011985
v -0.013389 0.306213 0.141251
v -0.013439 0.340332 0.134018
v -0.013449 -0.194031 0.070702
v -0.013450 0.445679 -0.006057
v -0.013455 -0.324371 -0.038486
v -0.013508 0.408783 -0.020638
v -0.013531 -0.440582 0.056629
v -0.013559 0.479614 -0.015508
v -0.013560 0.453217 -0.006816
v -0.013577 -0.002559 -0.087135
v -0.013633 0.348724 0.130112
v -0.013651 -0.315308 0.049873
v -0.013676 -0.340942 0.040527
v -0.013691 -0.192200 0.072929
v -0.013733 -0.259705 0.024015
v -0.013747 -0.313629 0.033817
v -0.013781 0.236465 -0.124496
v -0.013789 0.275635 -0.139557
v -0.013793 0.488190 0.007049
v -0.013814 0.415680 0.013709
v -0.013823 -0.314636 -0.033722
v -0.013867 -0.313232 -0.050228
v -0.013951 -0.277313 -0.057934
v -0.013968 0.375854 0.107857
v -0.013986 0.114944 0.025402
v -0.014066 0.476044 0.017389
v -0.014141 0.433105 -0.006410
v -0.014145 0.079369 0.415192
v -0.014174 0.107239 -0.046413
v -0.014284 0.109039 0.027508
v -0.014312 -0.169266 -0.075302
v -0.014385 0.346405 -0.130554
v -0.014400 -0.341125 -0.044174
v -0.014422 -0.327515 0.037624
v -0.014486 -0.253143 -0.062935
v -0.014514 0.414673 -0.013171
v -0.014517 0.025578 0.082420
v -0.014544 -0.276489 0.025858
v -0.014577 0.143845 -0.028053
v -0.014580 -0.341583 0.054958
v -0.014614 0.489319 0.002352
v -0.014627 0.045387 -0.404846
v -0.014740 0.072044 0.369537
v -0.014786 0.411835 0.016064
v -0.014850 -0.359528 -0.043743
v -0.014869 0.104988 -0.031357
v -0.014914 0.098557 -0.049252
v -0.014957 0.335938 -0.134644
v -0.014966 0.153610 0.031891
v -0.014984 -0.341003 -0.034908
v -0.014999 0.070511 -0.068314
v -0.015013 0.451233 0.006056
v -0.015018 -0.185577 0.000613
v -0.015038 0.378662 -0.103600
v -0.015047 0.437531 0.006308
v -0.015104 0.425110 0.008607
v -0.015124 -0.189941 0.011217
v -0.015170 -0.220718 0.014141
v -0.015209 0.067856 0.070061
v -0.015240 -0.111084 0.102394
v -0.015247 0.067184 -0.414917
v -0.015259 0.473114 -0.016134
v -0.015283 0.467834 0.015640
v -0.015305 -0.437866 -0.053131
v -0.015326 0.080566 -0.419006
v -0.015360 -0.486755 -0.069641
v -0.015417 -0.484253 0.076385
v -0.015437 0.067230 0.415802
v -0.015513 -0.154785 -0.085762
v -0.015522 -0.361084 0.047470
v -0.015523 -0.361542 0.038727
v -0.015544 -0.344269 0.059151
v -0.015665 -0.294952 -0.057930
v -0.015669 -0.188629 0.005091
v -0.015718 0.017057 -0.083542
v -0.015743 -0.344604 -0.057976
v -0.015907 -0.295929 0.025436
v -0.015932 0.084900 -0.061417
v -0.016045 -0.456451 0.075096
v -0.016052 -0.360565 -0.035271
v -0.016071 -0.456726 -0.022051
v -0.016140 0.443604 0.004615
v -0.016155 0.081665 0.440613
v -0.016172 0.047436 0.408600
v -0.016191 0.467560 -0.014169
v -0.016268 -0.222427 -0.014124
v -0.016319 0.067551 -0.368561
v -0.016470 -0.476654 0.022226
v -0.016514 -0.216446 -0.071411
v -0.016586 0.185028 -0.076729
v -0.016621 0.032543 -0.080017
v -0.016642 0.456482 0.006961
v -0.016642 -0.279419 -0.024557
v -0.016659 -0.184540 -0.075935
v -0.016676 0.410889 -0.015225
v -0.016695 0.444366 -0.002740
v -0.016695 -0.219177 -0.069000
v -0.016699 0.177353 0.064140
v -0.016701 0.088051 0.060703
v -0.016716 0.389832 0.086571
v -0.016743 0.409576 0.017870
v -0.016758 -0.332916 -0.052219
v -0.016768 0.393463 -0.078064
v -0.016769 -0.314240 0.055965
v -0.016802 0.184601 0.076454
v -0.016808 0.048477 -0.408966
v -0.016825 -0.343811 -0.024271
v -0.016846 -0.340851 -0.057438
v -0.016851 0.159988 -0.033867
v -0.016857 -0.438049 0.034340
v -0.016882 0.456421 -0.005689
v -0.016939 -0.069801 -0.102486
v -0.016943 -0.275726 0.061337
v -0.016956 0.061935 -0.072357
v -0.016979 0.079964 -0.446411
v -0.017120 -0.217499 0.070137
v -0.017160 -0.311218 -0.027048
v -0.017221 0.450623 0.003387
v -0.017241 0.110069 -0.035847
v -0.017258 0.053493 0.377899
v -0.017267 -0.155060 0.086311
v -0.017300 0.092255 0.389008
v -0.017338 -0.479248 0.080894
v -0.017399 0.077179 0.442993
v -0.017427 -0.190552 -0.010748
v -0.017429 -0.095367 -0.102486
v -0.017433 -0.060238 -0.100998
v -0.017435 -0.223953 -0.015905
v -0.017481 -0.363098 -0.040752
v -0.017530 -0.296448 -0.023514
v -0.017532 -0.072212 0.103287
v -0.017618 0.448792 0.001411
v -0.017628 -0.456940 0.022844
v -0.017637 -0.344116 0.024334
v -0.017708 -0.034248 -0.094177
v -0.017748 -0.340515 -0.053513
v -0.017769 0.317932 0.138977
v -0.017776 0.091713 0.422577
v -0.017801 0.482635 0.013100
v -0.017830 -0.340424 0.054844
v -0.017876 0.440369 0.001115
v -0.017899 0.143982 0.029150
v -0.017965 -0.033566 0.094711
v -0.017988 0.073387 -0.423950
v -0.018026 -0.363434 0.040298
v -0.018057 0.070381 0.420563
v -0.018084 0.162994 -0.035221
v -0.018087 0.480560 -0.013576
v -0.018095 0.454865 -0.002817
v -0.018105 0.109192 0.044853
v -0.018213 -0.218719 -0.071892
v -0.018217 0.436066 -0.001062
v -0.018248 -0.193344 0.074226
v -0.018297 -0.340637 0.024639
v -0.018332 0.167145 0.039562
v -0.018347 0.085518 0.453430
v -0.018366 0.405670 0.030273
v -0.018433 -0.142288 -0.094574
v -0.018456 0.060581 -0.413330
v -0.018456 -0.309357 -0.057747
v -0.018484 0.084366 -0.455933
v -0.018490 0.089737 -0.437225
v -0.018539 -0.340210 -0.028709
v -0.018545 0.486969 -0.005169
v -0.018547 0.210312 -0.103241
v -0.018623 0.172684 0.049633
v -0.018631 0.373718 -0.109283
v -0.018641 -0.276520 -0.060970
v -0.018665 0.113434 0.032398
v -0.018667 -0.152420 -0.088089
v -0.018734 -0.340302 0.029652
v -0.018738 -0.434509 -0.035496
v -0.018778 -0.360199 -0.055622
v -0.018784 0.134888 -0.026995
v -0.018791 -0.236572 -0.067245
v -0.018801 0.081573 -0.065712
v -0.018803 0.414032 0.009912
v -0.018816 0.261902 0.135941
v -0.018827 0.430878 0.003423
v -0.018873 0.055676 -0.374878
v -0.018896 0.455139 0.002009
v -0.018917 -0.443634 -0.065033
v -0.018946 0.067551 -0.072235
v -0.018951 -0.220291 -0.069641
v -0.018967 -0.359436 0.057545
v -0.019043 -0.246368 0.066368
v -0.019056 0.136673 0.027885
v -0.019062 0.465149 0.011801
v -0.019073 -0.177429 0.075844
v -0.019093 0.393738 0.077255
v -0.019125 0.426941 -0.003435
v -0.019175 0.084564 -0.369354
v -0.019182 0.238373 0.124809
v -0.019205 0.080757 0.067093
v -0.019217 -0.340179 -0.023588
v -0.019266 -0.195526 0.072662
v -0.019360 -0.204575 0.010329
v -0.019381 -0.111885 -0.101227
v -0.019384 0.069687 0.072479
v -0.019390 0.407318 0.021065
v -0.019409 -0.360535 0.028500
v -0.019424 0.163788 0.035938
v -0.019430 -0.486542 0.069878
v -0.019470 -0.161087 -0.077866
v -0.019577 0.169052 -0.040863
v -0.019577 0.207367 0.100319
v -0.019583 -0.309479 0.060116
v -0.019619 0.092430 -0.058338
v -0.019619 0.110497 -0.030081
v -0.019638 0.402039 0.049217
v -0.019650 -0.309814 0.024883
v -0.019653 0.082375 0.480194
v -0.019718 0.094170 -0.390533
v -0.019773 -0.432434 0.052925
v -0.019810 0.106598 -0.049957
v -0.019909 -0.047054 0.098091
v -0.020016 0.126511 -0.027052
v -0.020092 0.407745 -0.018763
v -0.020119 0.079170 -0.482941
v -0.020174 -0.001667 -0.086189
v -0.020182 0.179214 -0.063492
v -0.020206 0.405792 -0.027931
v -0.020288 0.194412 0.086372
v -0.020308 -0.310150 -0.022734
v -0.020313 0.083534 -0.071465
v -0.020344 0.478912 0.014172
v -0.020369 0.218323 0.109940
v -0.020390 0.471985 0.014742
v -0.020498 -0.266449 0.022049
v -0.020512 0.056358 0.075104
v -0.020672 0.474823 -0.013816
v -0.020683 0.367767 0.115746
v -0.020695 -0.163605 0.076302
v -0.020727 -0.124985 0.100594
v -0.020742 -0.359039 -0.025412
v -0.020779 -0.362366 -0.053478
v -0.020786 -0.428375 -0.040115
v -0.020800 0.123566 0.028027
v -0.020906 -0.220642 0.014232
v -0.020956 0.487091 0.002149
v -0.020966 0.150284 -0.029814
v -0.020967 0.106026 0.047592
v -0.021036 0.076164 -0.077950
v -0.021059 -0.122978 -0.100143
v -0.021067 0.469482 -0.012291
v -0.021078 0.401611 -0.050186
v -0.021170 0.424530 -0.000488
v -0.021223 0.070137 -0.076614
v -0.021229 -0.179886 -0.076996
v -0.021231 -0.223831 -0.014750
v -0.021254 0.460114 0.002509
v -0.021309 0.095131 -0.422974
v -0.021349 -0.225952 0.014646
v -0.021397 0.334167 0.134674
v -0.021448 -0.013160 -0.088051
v -0.021475 0.117393 0.029182
v -0.021479 0.419128 0.005150
v -0.021507 0.158493 0.032967
v -0.021530 -0.427582 0.039898
v -0.021597 0.089508 0.063637
v -0.021616 0.074257 -0.454559
v -0.021641 -0.203049 -0.010258
v -0.021656 0.128738 0.028015
v -0.021702 0.016726 0.083916
v -0.021727 -0.052940 -0.098412
v -0.021858 0.069801 -0.423645
v -0.021898 -0.339539 -0.057964
v -0.021936 0.117409 -0.028811
v -0.021944 0.076622 0.482666
v -0.021969 0.090538 -0.062698
v -0.022087 0.421265 0.002396
v -0.022133 -0.060852 0.100731
v -0.022171 0.228058 0.117142
v -0.022272 0.378052 0.104874
v -0.022308 -0.136642 -0.096947
v -0.022314 -0.277832 -0.022417
v -0.022354 -0.479462 -0.023615
v -0.022408 0.292664 0.140381
v -0.022524 0.087166 -0.483521
v -0.022564 0.093094 -0.375214
v -0.022583 -0.427490 -0.050663
v -0.022587 -0.372650 -0.035873
v -0.022675 0.091499 0.448608
v -0.022692 -0.188522 -0.004322
v -0.022758 -0.464447 -0.077835
v -0.022789 0.087395 0.483459
v -0.022844 -0.362244 0.057537
v -0.022863 -0.016426 0.089050
v -0.022911 0.077881 -0.360535
v -0.022938 0.467865 0.009884
v -0.022949 0.112762 0.031441
v -0.022964 -0.375763 0.044640
v -0.022989 0.085205 0.488983
v -0.023005 0.419189 -0.001502
v -0.023041 -0.222641 -0.072304
v -0.023052 0.416290 -0.003944
v -0.023098 0.091606 -0.365570
v -0.023119 -0.362091 0.028133
v -0.023123 0.090538 -0.453156
v -0.023148 0.082161 -0.489899
v -0.023161 0.260071 -0.133896
v -0.023165 0.183899 0.070480
v -0.023184 -0.223816 -0.069916
v -0.023211 0.480194 -0.010113
v -0.023230 0.167099 -0.036465
v -0.023239 -0.273834 -0.062767
v -0.023304 -0.304565 -0.061531
v -0.023329 0.481262 0.009584
v -0.023392 0.390167 0.085144
v -0.023447 0.096397 0.397156
v -0.023479 -0.473785 0.081024
v -0.023483 0.059845 0.076538
v -0.023495 -0.483795 -0.073708
v -0.023499 0.048443 0.384125
v -0.023510 -0.479980 -0.077896
v -0.023560 -0.363403 -0.027973
v -0.023571 0.098106 0.056919
v -0.023573 0.081833 -0.329651
v -0.023668 0.096252 0.427307
v -0.023676 -0.375244 -0.048695
v -0.023695 -0.256256 -0.018379
v -0.023697 0.080437 0.095375
v -0.023840 -0.377960 0.038158
v -0.023844 0.203445 -0.094315
v -0.023888 0.082024 0.345245
v -0.023916 0.412537 0.006867
v -0.023922 0.366211 -0.115952
v -0.023972 0.112572 0.044228
v -0.023996 0.174164 0.046337
v -0.024006 0.091843 -0.077888
v -0.024015 0.080612 -0.343689
v -0.024117 0.482513 -0.004927
v -0.024122 0.078209 -0.097870
v -0.024155 0.072334 -0.087158
v -0.024160 0.084053 0.331512
v -0.024174 -0.191635 0.075249
v -0.024235 -0.163940 -0.076187
v -0.024248 0.064949 -0.079666
v -0.024256 0.086288 -0.096184
v -0.024321 0.078995 0.359039
v -0.024357 0.050262 -0.076469
v -0.024399 0.047604 -0.390900
v -0.024443 0.276642 0.138672
v -0.024454 -0.418488 -0.044533
v -0.024460 -0.433472 0.030556
v -0.024492 0.475220 0.010928
v -0.024538 0.111862 -0.037350
v -0.024553 0.074165 -0.329437
v -0.024647 0.082748 -0.106445
v -0.024702 -0.388031 -0.044746
v -0.024734 -0.437347 -0.027424
v -0.024767 -0.440735 0.026367
v -0.024769 0.069984 0.086548
v -0.024784 0.467316 -0.005467
v -0.024824 -0.280090 0.021866
v -0.024828 0.093620 0.368683
v -0.024828 -0.152802 -0.087517
v -0.024849 0.413055 -0.004621
v -0.024878 -0.338776 -0.061581
v -0.024887 -0.338226 0.062912
v -0.024897 -0.375763 0.051903
v -0.024990 0.087891 0.098808
v -0.025011 0.074898 -0.483734
v -0.025034 0.093452 0.079773
v -0.025053 -0.338623 -0.020775
v -0.025078 0.079628 -0.117691
v -0.025085 0.141647 -0.028099
v -0.025143 0.326660 -0.135178
v -0.025156 0.072838 0.330811
v -0.025166 -0.261444 -0.064476
v -0.025238 0.096855 -0.413513
v -0.025263 -0.414520 0.042877
v -0.025274 -0.433411 -0.059330
v -0.025297 0.089432 0.361450
v -0.025299 0.083809 0.119431
v -0.025331 0.383972 0.096161
v -0.025349 -0.407379 -0.040199
v -0.025377 0.468628 0.006638
v -0.025381 0.405304 0.026291
v -0.025406 -0.148941 0.091431
v -0.025415 -0.199875 -0.075317
v -0.025434 0.307159 -0.138260
v -0.025446 -0.388153 -0.036068
v -0.025465 -0.204651 0.010216
v -0.025478 0.383667 -0.096031
v -0.025488 -0.189575 0.009880
v -0.025494 0.071625 -0.342773
v -0.025496 0.071091 0.344299
v -0.025539 -0.274414 0.064812
v -0.025557 0.474426 -0.008370
v -0.025566 0.389587 -0.085304
v -0.025618 0.075714 0.116188
v -0.025648 0.175095 -0.045517
v -0.025665 0.100067 -0.055805
v -0.025665 0.129272 -0.027864
v -0.025692 -0.372864 0.030457
v -0.025818 0.466553 0.000167
v -0.025826 0.074562 -0.108269
v -0.025879 0.072983 0.099289
v -0.025928 -0.193695 0.073616
v -0.025942 0.056293 -0.077728
v -0.025944 -0.275482 -0.021374
v -0.026016 0.051350 -0.378876
v -0.026087 -0.303131 0.063911
v -0.026094 0.076874 0.157898
v -0.026119 -0.361328 -0.059433
v -0.026146 -0.268127 0.020901
v -0.026163 0.082100 0.165771
v -0.026175 0.480164 0.003550
v -0.026186 -0.338501 0.020824
v -0.026226 0.081604 -0.168503
v -0.026226 -0.028574 -0.090073
v -0.026312 0.097275 0.061638
v -0.026342 0.413239 0.000454
v -0.026346 0.078194 -0.234619
v -0.026390 0.004234 0.084969
v -0.026415 0.103859 -0.052338
v -0.026438 0.411896 0.004021
v -0.026449 0.357422 0.122917
v -0.026485 0.475281 0.006842
v -0.026499 0.408417 0.010406
v -0.026524 0.287445 -0.138794
v -0.026531 -0.411865 0.036373
v -0.026598 0.086411 -0.148666
v -0.026649 0.075470 -0.167160
v -0.026659 0.477356 -0.004420
v -0.026690 -0.245804 0.017349
v -0.026691 0.108269 0.047749
v -0.026726 0.411469 -0.003624
v -0.026735 0.081299 0.231293
v -0.026829 -0.413574 -0.034729
v -0.026909 0.224060 -0.112106
v -0.026930 -0.420532 0.052452
v -0.026989 0.353882 -0.124474
v -0.026995 0.074509 0.236603
v -0.027010 0.194534 0.083038
v -0.027079 -0.486084 -0.034695
v -0.027088 -0.303162 0.020681
v -0.027134 -0.231796 -0.014948
v -0.027157 -0.433807 0.061668
v -0.027185 0.082520 0.200806
v -0.027185 0.090492 -0.114952
v -0.027252 0.091660 -0.329681
v -0.027262 0.080742 0.260712
v -0.027309 0.078194 -0.203613
v -0.027317 0.187698 -0.072784
v -0.027330 -0.198441 0.073799
v -0.027386 -0.106308 -0.100143
v -0.027391 0.114021 -0.040962
v -0.027412 0.049507 0.396545
v -0.027428 0.079529 -0.265656
v -0.027441 0.072342 0.454224
v -0.027449 0.091728 -0.343781
v -0.027473 0.164261 -0.032997
v -0.027500 -0.060303 -0.097839
v -0.027554 0.471619 0.000295
v -0.027615 0.098824 -0.060543
v -0.027653 -0.446686 -0.022524
v -0.027658 0.203293 0.092712
v -0.027666 0.078110 -0.326019
v -0.027670 0.406525 0.014564
v -0.027699 0.094452 -0.093277
v -0.027733 0.098328 -0.074303
v -0.027786 0.074310 0.482697
v -0.027822 0.091835 0.110382
v -0.027884 0.096695 -0.427704
v -0.027885 0.075790 0.204361
v -0.027885 0.156006 0.030722
v -0.027929 0.090004 0.165237
v -0.027998 -0.409882 -0.050224
v -0.028000 0.069366 -0.099319
v -0.028032 -0.282745 -0.021091
v -0.028048 0.087387 -0.193253
v -0.028111 -0.203354 -0.010634
v -0.028122 -0.339569 -0.065941
v -0.028133 0.058994 -0.080360
v -0.028160 0.071175 0.152390
v -0.028160 -0.464813 -0.019558
v -0.028172 0.066460 -0.088585
v -0.028198 0.115662 0.036667
v -0.028223 0.076195 0.349396
v -0.028234 0.156311 -0.029976
v -0.028259 0.086052 -0.352997
v -0.028275 0.070511 0.113625
v -0.028286 -0.223923 -0.072449
v -0.028296 0.054695 0.078514
v -0.028297 0.074219 0.269012
v -0.028315 -0.187866 0.005566
v -0.028334 0.088066 -0.225845
v -0.028370 -0.356384 -0.064049
v -0.028370 -0.423615 -0.029839
v -0.028383 0.066795 0.421234
v -0.028385 0.056362 -0.406616
v -0.028563 0.144089 0.028568
v -0.028574 0.079536 0.491943
v -0.028599 0.088615 0.226929
v -0.028627 -0.226166 -0.069984
v -0.028637 0.070496 -0.152710
v -0.028667 -0.302155 -0.063637
v -0.028683 -0.069038 -0.098816
v -0.028683 -0.219528 0.012836
v -0.028694 0.407745 -0.008652
v -0.028730 -0.408142 0.052895
v -0.028749 0.083191 -0.348328
v -0.028845 0.163193 0.032562
v -0.028894 0.092110 -0.151917
v -0.028954 -0.486877 -0.047356
v -0.028961 0.033039 -0.079765
v -0.028961 0.076767 -0.488800
v -0.028980 0.069504 -0.111992
v -0.029030 0.095520 0.345001
v -0.029100 0.072754 -0.208206
v -0.029118 0.070786 0.355499
v -0.029144 -0.443542 -0.067772
v -0.029182 0.085159 -0.490814
v -0.029257 0.114029 -0.032650
v -0.029335 -0.377502 -0.056068
v -0.029339 0.261078 0.133301
v -0.029341 -0.465973 0.020281
v -0.029362 -0.266479 -0.063957
v -0.029394 0.070229 -0.240738
v -0.029440 -0.337433 0.065468
v -0.029469 0.094917 0.332153
v -0.029470 0.133865 0.028378
v -0.029499 0.364502 0.117012
v -0.029526 -0.143021 -0.093880
v -0.029648 -0.392426 0.029701
v -0.029669 0.244934 -0.125381
v -0.029686 0.080742 0.294861
v -0.029686 0.091240 0.197906
v -0.029688 -0.057781 0.097412
v -0.029692 0.347107 0.128189
v -0.029707 0.405609 -0.015942
v -0.029711 0.077766 -0.298279
v -0.029743 0.069839 -0.267609
v -0.029760 0.089317 0.258392
v -0.029810 0.088188 0.484650
v -0.029835 -0.280762 -0.063652
v -0.029898 0.086876 0.349731
v -0.029921 0.134171 -0.027550
v -0.029926 0.110886 -0.035694
v -0.029943 -0.243393 0.067749
v -0.029951 0.371582 0.110710
v -0.029964 0.100464 0.076988
v -0.029970 -0.178925 0.076057
v -0.029984 0.089378 -0.262787
v -0.029989 0.071602 0.206009
v -0.030001 0.197464 -0.084312
v -0.030029 -0.107506 0.100235
v -0.030043 -0.337036 0.018167
v -0.030052 -0.010179 -0.084785
v -0.030073 0.092216 -0.445831
v -0.030096 -0.328613 -0.064407
v -0.030098 0.173004 -0.037945
v -0.030113 0.073341 -0.462494
v -0.030117 0.394775 0.071236
v -0.030142 0.393494 -0.074730
v -0.030149 0.113602 0.045059
v -0.030163 -0.340118 -0.014462
v -0.030169 -0.184677 0.001135
v -0.030201 0.174744 0.040695
v -0.030214 0.408569 -0.001231
v -0.030214 -0.259033 -0.017830
v -0.030230 -0.137955 0.097328
v -0.030235 0.069237 0.264160
v -0.030241 -0.486176 0.037281
v -0.030258 -0.221451 -0.013032
v -0.030281 0.170456 0.035908
v -0.030338 0.297577 -0.138000
v -0.030342 0.079590 -0.325867
v -0.030434 0.305267 0.138138
v -0.030449 -0.341309 0.068359
v -0.030491 0.076485 0.309662
v -0.030493 -0.166306 -0.076157
v -0.030531 -0.193359 -0.075813
v -0.030535 0.072662 -0.348816
v -0.030561 0.075371 0.325592
v -0.030565 -0.389771 -0.027660
v -0.030596 -0.356995 0.066002
v -0.030602 0.377563 0.104073
v -0.030624 -0.430786 0.026760
v -0.030668 -0.337677 -0.065056
v -0.030729 0.225830 0.112663
v -0.030779 0.114258 0.033005
v -0.030790 0.402313 -0.042442
v -0.030796 0.401764 0.045040
v -0.030800 0.216614 0.104599
v -0.030800 0.234695 -0.118675
v -0.030809 -0.360657 0.021990
v -0.030823 0.193192 0.078651
v -0.030828 0.101082 -0.075554
v -0.030830 -0.336884 -0.016457
v -0.030840 0.121071 0.030323
v -0.030848 0.375275 -0.106133
v -0.030890 0.088089 -0.480927
v -0.030926 -0.425507 -0.057972
v -0.030933 -0.222870 -0.014932
v -0.030943 0.068909 -0.355042
v -0.030947 0.064545 0.091576
v -0.030958 -0.069038 0.098572
v -0.030977 0.065056 -0.328796
v -0.030996 0.084618 0.326202
v -0.031029 0.114441 -0.045822
v -0.031044 0.085030 -0.308441
v -0.031059 -0.189697 -0.010590
v -0.031067 -0.178421 -0.076523
v -0.031092 0.406891 0.007902
v -0.031170 0.098061 0.094795
v -0.031189 -0.421936 0.057056
v -0.031239 -0.050751 -0.094139
v -0.031261 -0.341370 -0.067528
v -0.031284 0.093811 -0.214096
v -0.031315 -0.339691 0.014502
v -0.031361 -0.276550 0.064835
v -0.031376 -0.356903 0.017900
v -0.031384 -0.471497 -0.019739
v -0.031487 -0.447327 0.022381
v -0.031498 0.067474 0.157715
v -0.031620 0.095894 -0.365143
v -0.031620 -0.193176 0.074677
v -0.031639 0.058590 0.408264
v -0.031685 0.091637 0.449341
v -0.031742 0.340088 -0.129791
v -0.031761 0.069160 -0.204269
v -0.031788 0.061668 -0.086800
v -0.031807 -0.306213 -0.017742
v -0.031906 0.045727 -0.077583
v -0.031944 -0.371368 0.061081
v -0.031971 -0.416534 0.027910
v -0.032009 0.067078 0.243301
v -0.032074 0.071007 -0.304657
v -0.032120 0.044907 0.078171
v -0.032139 0.067032 -0.153198
v -0.032185 0.094452 -0.195221
v -0.032227 0.361938 -0.117737
v -0.032227 -0.219162 0.014558
v -0.032246 0.120605 -0.030085
v -0.032249 0.066360 0.108749
v -0.032249 0.097481 -0.331635
v -0.032284 -0.025913 0.087517
v -0.032383 -0.135010 -0.097176
v -0.032410 -0.406921 -0.027283
v -0.032505 -0.363556 -0.062252
v -0.032524 0.103180 0.058941
v -0.032639 0.111855 -0.050602
v -0.032681 -0.416870 -0.056026
v -0.032715 -0.356995 -0.016512
v -0.032722 0.097801 -0.109207
v -0.032738 -0.184784 -0.000905
v -0.032806 0.243881 0.124298
v -0.032845 0.070877 -0.325409
v -0.032879 0.147675 -0.027128
v -0.032883 -0.123238 -0.098892
v -0.032921 0.390808 0.080780
v -0.032925 -0.356140 -0.065628
v -0.032936 0.096519 0.155609
v -0.032997 0.150482 0.027981
v -0.033016 -0.231583 0.015638
v -0.033031 -0.226807 -0.069328
v -0.033047 0.090279 0.306183
v -0.033058 0.181030 0.049286
v -0.033070 0.097458 0.118584
v -0.033100 -0.382782 0.025482
v -0.033150 0.328369 0.133469
v -0.033188 -0.359344 0.064774
v -0.033203 0.066185 -0.417999
v -0.033211 0.090073 -0.327454
v -0.033222 -0.427673 -0.025257
v -0.033295 -0.301025 0.065353
v -0.033333 0.069572 0.306793
v -0.033337 0.109970 0.048420
v -0.033409 0.090874 0.327209
v -0.033428 0.095322 0.217392
v -0.033501 -0.306091 0.019093
v -0.033516 0.065948 -0.246994
v -0.033524 0.069901 -0.434235
v -0.033527 0.067406 0.204926
v -0.033646 0.065697 0.266418
v -0.033649 0.055958 0.083031
v -0.033649 -0.224609 -0.071571
v -0.033665 -0.477753 0.023378
v -0.033718 0.091263 -0.306030
v -0.033741 0.271698 -0.134674
v -0.033760 -0.392181 0.058598
v -0.033798 0.094147 -0.265472
v -0.033806 0.406158 0.002067
v -0.033909 0.063362 0.329773
v -0.033955 0.094734 -0.228592
v -0.034027 -0.484802 -0.030018
v -0.034042 0.092888 -0.349091
v -0.034084 -0.277100 0.021837
v -0.034088 0.077126 0.482391
v -0.034161 -0.374939 -0.060337
v -0.034164 0.069000 0.325226
v -0.034164 -0.469513 -0.078049
v -0.034191 -0.193436 0.072250
v -0.034218 0.103752 -0.059849
v -0.034225 0.169586 -0.032085
v -0.034245 0.100845 -0.087395
v -0.034271 0.097603 -0.155121
v -0.034348 -0.472961 0.020882
v -0.034367 -0.225357 -0.015297
v -0.034382 -0.187576 -0.007993
v -0.034492 0.068359 0.349304
v -0.034550 0.159882 -0.028296
v -0.034550 -0.359314 -0.018251
v -0.034576 -0.031853 -0.087021
v -0.034615 0.094971 0.431702
v -0.034618 -0.241745 -0.067032
v -0.034634 -0.268463 -0.062820
v -0.034668 -0.480927 0.075348
v -0.034706 0.092743 -0.435577
v -0.034729 -0.103874 -0.097847
v -0.034733 0.097145 0.349182
v -0.034752 -0.274994 -0.021433
v -0.034809 -0.127945 0.098930
v -0.034943 0.074791 0.455444
v -0.034992 0.074829 -0.452759
v -0.035027 -0.163574 0.075294
v -0.035046 -0.263092 0.020466
v -0.035065 0.049492 -0.078712
v -0.035137 -0.371460 -0.021166
v -0.035255 0.064232 -0.107475
v -0.035355 0.083290 0.486237
v -0.035603 0.384583 0.092728
v -0.035610 0.065849 -0.199738
v -0.035622 0.188568 0.065201
v -0.035641 -0.238693 0.067322
v -0.035652 -0.473877 -0.078041
v -0.035702 -0.483612 0.028255
v -0.035709 0.139679 -0.026009
v -0.035782 0.404785 -0.009340
v -0.035797 0.079788 -0.485962
v -0.035820 -0.336121 -0.015030
v -0.035835 -0.223373 -0.013515
v -0.035862 0.402283 0.038315
v -0.035892 0.054157 -0.081863
v -0.035984 0.061584 -0.092529
v -0.035999 -0.358612 -0.064430
v -0.036030 0.177307 -0.038002
v -0.036068 0.208313 -0.093185
v -0.036152 -0.297180 -0.064125
v -0.036171 -0.283051 -0.021196
v -0.036221 0.096588 0.258636
v -0.036316 -0.160660 -0.076614
v -0.036362 -0.255432 -0.018549
v -0.036446 0.125748 -0.028046
v -0.036461 -0.338165 -0.012355
v -0.036472 0.061741 -0.344025
v -0.036472 0.285736 0.136932
v -0.036594 0.078026 -0.460175
v -0.036610 0.024954 -0.079453
v -0.036701 -0.336121 0.067123
v -0.036713 0.404419 0.012216
v -0.036747 -0.012789 -0.082497
v -0.036785 -0.164124 -0.074226
v -0.036797 -0.408478 -0.057667
v -0.036827 0.165039 0.029211
v -0.036877 -0.224243 -0.015783
v -0.036987 0.065796 -0.302246
v -0.037029 -0.278381 -0.062103
v -0.037071 -0.335754 0.015380
v -0.037094 -0.012023 0.083054
v -0.037102 0.099792 -0.381714
v -0.037121 0.124413 0.028883
v -0.037125 0.064529 -0.226837
v -0.037128 -0.060715 -0.093323
v -0.037128 -0.186569 0.006986
v -0.037155 0.108177 -0.052719
v -0.037292 0.100479 -0.344818
v -0.037300 0.084488 -0.457733
v -0.037300 0.402191 -0.037285
v -0.037304 0.220856 -0.104935
v -0.037529 0.062607 0.100769
v -0.037590 0.211807 0.096504
v -0.037636 0.098900 0.177017
v -0.037647 -0.486420 0.047176
v -0.037712 -0.060104 0.093826
v -0.037716 -0.226761 -0.067871
v -0.037746 -0.364716 -0.063362
v -0.037804 -0.480804 -0.023623
v -0.037811 0.156906 0.026512
v -0.037827 -0.190948 -0.074242
v -0.037971 0.065018 0.203384
v -0.037998 0.117661 0.041458
v -0.038013 0.100113 0.386810
v -0.038094 0.057671 -0.399933
v -0.038143 -0.358704 0.018021
v -0.038239 0.063210 0.267303
v -0.038258 -0.191330 0.073463
v -0.038296 0.097160 -0.269684
v -0.038315 0.095047 -0.327820
v -0.038334 -0.433533 0.064522
v -0.038372 0.048313 0.079071
v -0.038387 0.063461 -0.272369
v -0.038475 -0.065414 -0.093369
v -0.038483 0.382202 -0.094772
v -0.038555 -0.397064 -0.059109
v -0.038586 0.097328 0.361786
v -0.038597 -0.436798 -0.021397
v -0.038616 -0.225952 -0.069466
v -0.038673 -0.275574 0.061821
v -0.038681 -0.205338 -0.071976
v -0.038700 0.103317 0.081566
v -0.038853 0.043243 -0.076950
v -0.038876 0.063889 0.224243
v -0.038891 -0.192993 0.070610
v -0.038891 -0.265167 -0.061256
v -0.038956 -0.435120 -0.064720
v -0.038963 0.206360 0.089699
v -0.038990 -0.435181 0.022259
v -0.039017 0.098877 -0.197021
v -0.039021 -0.152023 -0.085655
v -0.039066 -0.335052 -0.066231
v -0.039074 -0.224136 -0.016535
v -0.039089 -0.187134 0.011701
v -0.039093 -0.221909 -0.014147
v -0.039265 0.086769 -0.439972
v -0.039268 0.404114 0.005532
v -0.039303 -0.294556 0.064247
v -0.039337 -0.217651 0.016527
v -0.039360 0.065514 -0.324921
v -0.039387 -0.230164 -0.066505
v -0.039486 0.100914 -0.121490
v -0.039490 -0.465546 0.077103
v -0.039501 -0.145096 -0.091248
v -0.039547 0.149948 -0.024158
v -0.039604 0.084114 0.443573
v -0.039623 0.158615 -0.025085
v -0.039677 0.073875 0.437439
v -0.039711 -0.253571 0.021023
v -0.039722 0.110725 0.049683
v -0.039738 0.063164 0.119019
v -0.039738 0.064590 0.301788
v -0.039768 -0.212372 -0.013365
v -0.039776 -0.486145 -0.035126
v -0.039822 0.096542 0.349854
v -0.039829 -0.411530 -0.022285
v -0.039871 0.074783 -0.438446
v -0.039944 -0.103165 0.096596
v -0.040043 0.063271 0.357391
v -0.040043 0.185196 -0.049404
v -0.040047 0.102310 -0.332153
v -0.040047 0.238434 0.118271
v -0.040054 0.065636 -0.348724
v -0.040058 -0.140213 -0.093994
v -0.040211 0.059635 0.344208
v -0.040211 -0.133438 -0.096298
v -0.040222 -0.358032 -0.016531
v -0.040234 -0.089821 -0.094810
v -0.040310 0.166458 -0.026596
v -0.040318 0.101242 0.122452
v -0.040375 0.367584 0.111412
v -0.040424 -0.120667 -0.097305
v -0.040428 0.387421 -0.084450
v -0.040432 0.139465 0.024639
v -0.040432 -0.240646 -0.064636
v -0.040443 0.057968 0.089607
v -0.040470 0.058651 -0.089111
v -0.040516 0.232086 -0.113068
v -0.040531 0.376740 0.101730
v -0.040535 -0.302185 0.019358
v -0.040565 0.255524 0.127502
v -0.040581 0.289734 -0.135162
v -0.040588 0.359802 0.117622
v -0.040676 0.386871 0.085915
v -0.040676 -0.275116 0.025385
v -0.040726 0.140366 -0.023849
v -0.040760 0.259369 -0.128448
v -0.040833 0.173462 -0.029604
v -0.040886 -0.217499 0.014502
v -0.040947 -0.417084 0.061031
v -0.040993 0.096588 -0.348267
v -0.041008 -0.380768 0.020758
v -0.041092 -0.264984 0.060814
v -0.041107 0.099068 0.416504
v -0.041115 0.102745 0.345245
v -0.041119 0.064270 -0.204468
v -0.041126 0.096268 -0.315399
v -0.041183 0.394958 0.064018
v -0.041241 -0.227417 0.066307
v -0.041325 0.117470 -0.031076
v -0.041386 0.101318 -0.147873
v -0.041420 -0.357361 0.065605
v -0.041466 0.305054 -0.134445
v -0.041504 0.062141 -0.109451
v -0.041512 -0.179916 -0.073524
v -0.041534 0.129837 -0.025551
v -0.041576 -0.182693 0.001523
v -0.041683 0.113937 -0.034252
v -0.041691 0.107422 -0.059696
v -0.041702 0.117180 -0.037487
v -0.041744 -0.167160 -0.073326
v -0.041748 0.063728 -0.355743
v -0.041763 0.112991 -0.050888
v -0.041794 -0.034378 -0.083076
v -0.041813 0.117912 -0.039806
v -0.041840 -0.414734 0.022127
v -0.041981 -0.486145 -0.054359
v -0.042030 0.391327 -0.073898
v -0.042122 -0.454498 -0.072510
v -0.042168 0.096642 0.314575
v -0.042175 -0.030949 0.082794
v -0.042187 0.096214 -0.428101
v -0.042221 0.102814 0.331360
v -0.042233 0.108032 0.057152
v -0.042393 0.083748 0.456238
v -0.042446 0.374664 -0.102654
v -0.042450 0.152969 0.022839
v -0.042488 0.352051 0.122093
v -0.042545 0.395111 -0.062195
v -0.042603 0.090858 -0.440369
v -0.042625 0.401764 0.031273
v -0.042637 0.347198 -0.123955
v -0.042706 -0.225327 -0.067406
v -0.042713 0.101280 -0.329010
v -0.042732 0.064301 0.324524
v -0.042732 0.081436 -0.456573
v -0.042736 -0.060043 -0.089577
v -0.042809 0.063927 0.207733
v -0.042858 0.063019 -0.230606
v -0.042862 -0.317352 0.066475
v -0.042877 -0.225357 -0.064873
v -0.042915 0.364471 -0.112503
v -0.042973 0.091843 0.439941
v -0.042984 0.125885 0.026562
v -0.043011 0.100388 0.230682
v -0.043018 -0.254120 -0.022385
v -0.043098 0.270691 0.131989
v -0.043110 -0.134750 0.096039
v -0.043156 -0.195435 0.067848
v -0.043167 0.401917 -0.029211
v -0.043167 -0.277893 -0.026089
v -0.043179 -0.271454 -0.026560
v -0.043198 0.312744 0.133575
v -0.043217 0.007792 -0.078453
v -0.043255 -0.206848 0.013538
v -0.043324 -0.296234 -0.062302
v -0.043392 -0.420898 -0.060925
v -0.043400 -0.323151 -0.065414
v -0.043407 -0.357361 -0.064842
v -0.043449 0.332184 -0.129028
v -0.043537 -0.272827 0.027721
v -0.043598 0.054379 0.084183
v -0.043633 0.116699 0.031605
v -0.043659 0.047791 -0.077423
v -0.043716 -0.184418 -0.004076
v -0.043743 0.275909 -0.132431
v -0.043781 -0.186142 -0.012907
v -0.043785 -0.336090 0.012033
v -0.043941 -0.222504 -0.016226
v -0.043976 -0.403625 0.061466
v -0.044010 0.063370 0.172897
v -0.044018 0.183502 -0.039230
v -0.044064 -0.276276 -0.056664
v -0.044071 0.062721 -0.141663
v -0.044197 0.119766 0.035580
v -0.044247 0.097778 0.326965
v -0.044289 -0.267273 -0.056358
v -0.044338 0.105431 -0.078491
v -0.044384 -0.210556 0.065659
v -0.044415 0.076500 -0.457123
v -0.044491 0.176468 0.029337
v -0.044525 0.382965 0.090683
v -0.044582 0.117767 0.043812
v -0.044624 0.182678 0.037460
v -0.044643 -0.194794 0.069183
v -0.044659 -0.014876 -0.078384
v -0.044666 0.071579 0.437164
v -0.044678 0.101143 -0.189438
v -0.044685 0.251434 -0.123314
v -0.044685 -0.217224 0.019739
v -0.044701 -0.248199 0.023731
v -0.044708 -0.316620 -0.015841
v -0.044785 0.058186 -0.329315
v -0.044785 -0.117233 -0.095688
v -0.044796 0.221573 0.102180
v -0.044838 0.117004 -0.045490
v -0.044849 0.169952 0.024435
v -0.044853 0.336182 0.128189
v -0.044857 0.102493 -0.124771
v -0.044888 0.170883 -0.023973
v -0.044891 0.162292 -0.020996
v -0.044891 -0.209030 -0.067764
v -0.044930 0.155212 -0.020008
v -0.044983 0.100494 -0.257294
v -0.045006 -0.221619 -0.066254
v -0.045052 -0.444916 -0.019154
v -0.045151 0.041245 0.076187
v -0.045155 0.042717 -0.075462
v -0.045246 -0.102982 -0.093613
v -0.045265 -0.406097 -0.060028
v -0.045288 0.062065 0.270111
v -0.045479 0.057777 0.386597
v -0.045609 -0.152405 0.084618
v -0.045666 0.101349 0.191132
v -0.045704 0.161896 0.020605
v -0.045727 0.142349 -0.019890
v -0.045891 0.140854 0.020382
v -0.045937 0.296265 0.134201
v -0.045944 -0.338196 -0.068924
v -0.045956 -0.227661 -0.062313
v -0.045982 -0.333496 -0.066345
v -0.045986 -0.386261 -0.018742
v -0.046013 0.241272 -0.117096
v -0.046021 -0.221008 -0.020430
v -0.046082 -0.337219 0.069687
v -0.046085 0.057560 0.329163
v -0.046124 -0.185211 0.013917
v -0.046131 0.392365 0.068779
v -0.046192 -0.165848 -0.070396
v -0.046196 -0.334076 0.014314
v -0.046211 -0.333313 0.067062
v -0.046242 -0.449432 0.071320
v -0.046253 0.098198 -0.327087
v -0.046272 0.102303 0.159805
v -0.046280 -0.144165 0.091026
v -0.046288 0.059124 0.095734
v -0.046329 -0.270386 0.031437
v -0.046352 -0.122406 0.096336
v -0.046356 0.396820 0.052105
v -0.046398 0.089867 -0.456085
v -0.046410 0.099777 -0.410522
v -0.046421 -0.338074 -0.011241
v -0.046669 -0.333130 -0.013566
v -0.046684 -0.334808 -0.067986
v -0.046707 0.211609 -0.090179
v -0.046741 0.075714 0.465179
v -0.046749 0.081841 -0.486023
v -0.046871 -0.164978 0.070862
v -0.046913 -0.223938 0.063019
v -0.047024 0.229004 0.107910
v -0.047035 0.071320 -0.438049
v -0.047077 0.052074 -0.080421
v -0.047253 -0.240692 -0.059311
v -0.047291 -0.215103 0.021971
v -0.047329 -0.189194 -0.070290
v -0.047333 -0.254272 -0.027115
v -0.047386 -0.084656 -0.090042
v -0.047394 0.173630 -0.022259
v -0.047470 -0.267334 0.051495
v -0.047535 -0.277222 0.052940
v -0.047630 0.154678 0.016869
v -0.047699 -0.428345 0.063835
v -0.047707 0.101242 0.258972
v -0.047707 -0.485016 -0.060722
v -0.047722 -0.018242 0.077415
v -0.047810 -0.222488 -0.063393
v -0.047817 0.100807 -0.389465
v -0.047840 -0.295868 0.023870
v -0.047844 0.058697 -0.092171
v -0.047863 -0.058250 0.085945
v -0.047932 0.059376 -0.368530
v -0.047970 0.179764 -0.028049
v -0.047981 -0.352753 0.013391
v -0.047985 -0.275818 -0.050037
v -0.047997 -0.270172 -0.034649
v -0.048019 -0.275543 0.033627
v -0.048073 0.249100 0.121216
v -0.048153 0.089912 0.465454
v -0.048168 -0.269775 -0.047924
v -0.048168 -0.295593 -0.023027
v -0.048241 -0.355988 0.015844
v -0.048248 0.058323 0.378326
v -0.048290 -0.197632 0.062347
v -0.048294 -0.352509 -0.067230
v -0.048298 -0.310059 -0.018402
v -0.048382 -0.351959 0.068260
v -0.048382 -0.352264 -0.012638
v -0.048401 -0.137878 -0.092514
v -0.048492 -0.220779 -0.019257
v -0.048504 -0.297729 0.060772
v -0.048508 0.076042 0.485046
v -0.048523 0.058605 -0.379395
v -0.048584 0.127655 0.022240
v -0.048592 -0.283936 -0.029264
v -0.048595 0.110107 -0.052223
v -0.048683 0.063835 -0.323730
v -0.048710 0.061970 -0.270935
v -0.048737 -0.272705 0.042976
v -0.048771 -0.216309 0.018810
v -0.048775 0.108810 -0.057774
v -0.048775 0.207016 -0.082809
v -0.048775 -0.332428 0.014593
v -0.048786 0.103073 0.123825
v -0.048790 0.059776 -0.324554
v -0.048824 0.106133 0.082596
v -0.048866 -0.223907 -0.058941
v -0.048882 0.086639 -0.487152
v -0.048882 -0.183105 0.069138
v -0.048897 0.352173 -0.119057
v -0.048897 -0.333923 -0.012077
v -0.048908 0.127487 -0.021910
v -0.048988 -0.270416 -0.040936
v -0.049000 0.225677 -0.103401
v -0.049004 -0.267456 0.037403
v -0.049004 -0.447113 0.019075
v -0.049076 -0.183624 -0.013199
v -0.049137 -0.082939 0.089348
v -0.049168 0.076210 -0.485260
v -0.049187 -0.232651 -0.025562
v -0.049198 0.119530 -0.026520
v -0.049301 0.369812 0.104568
v -0.049320 0.106529 -0.078011
v -0.049324 0.383209 -0.086044
v -0.049408 0.048393 0.076889
v -0.049427 -0.231247 0.026457
v -0.049438 -0.483612 0.065903
v -0.049469 0.147354 -0.014186
v -0.049503 -0.403473 -0.060715
v -0.049572 0.346863 0.122314
v -0.049610 0.060516 0.324890
v -0.049747 0.093613 -0.443085
v -0.049751 -0.485352 0.058643
v -0.049759 0.086617 0.490356
v -0.049881 -0.219620 -0.061375
v -0.049908 0.102852 -0.158905
v -0.049953 0.061104 -0.107582
v -0.049965 0.157715 -0.012225
v -0.049980 -0.218475 -0.025414
v -0.050034 0.065910 -0.407837
v -0.050041 0.062569 0.240555
v -0.050045 -0.247559 0.053795
v -0.050079 0.103203 -0.122734
v -0.050079 -0.036110 -0.076912
v -0.050083 -0.379608 0.018894
v -0.050091 -0.197815 0.063721
v -0.050102 0.108650 0.057594
v -0.050213 0.207626 0.082794
v -0.050251 0.139145 -0.015495
v -0.050285 0.097916 -0.314758
v -0.050301 0.145081 0.013493
v -0.050316 0.061760 0.115936
v -0.050316 0.237869 0.113129
v -0.050316 -0.204346 0.017139
v -0.050320 0.166428 0.013653
v -0.050331 0.102203 0.187531
v -0.050377 0.166611 -0.013365
v -0.050442 0.115585 -0.030130
v -0.050449 0.115570 0.045193
v -0.050468 0.063087 0.349548
v -0.050491 -0.213577 0.026417
v -0.050518 0.322113 -0.128830
v -0.050537 0.394836 -0.055222
v -0.050564 0.359436 0.113533
v -0.050575 0.377350 -0.094002
v -0.050613 -0.170349 -0.068420
v -0.050625 -0.130829 -0.093620
v -0.050632 -0.162949 -0.070793
v -0.050690 -0.243118 0.030657
v -0.050747 0.065704 0.406952
v -0.050755 -0.209610 -0.062141
v -0.050762 -0.279053 -0.043083
v -0.050766 -0.293884 -0.056374
v -0.050774 0.175903 0.019625
v -0.050800 0.097878 0.350067
v -0.050838 -0.225174 -0.055851
v -0.050865 -0.198349 -0.017607
v -0.050926 0.073929 -0.465546
v -0.050941 -0.281982 -0.036747
v -0.050991 -0.242020 -0.052780
v -0.051056 0.115738 -0.046059
v -0.051067 -0.355652 -0.064621
v -0.051075 0.173172 -0.015623
v -0.051125 0.064392 0.207657
v -0.051182 -0.183609 0.017099
v -0.051254 -0.406921 0.061638
v -0.051266 0.367554 -0.105164
v -0.051296 -0.419678 -0.019104
v -0.051319 -0.432983 -0.063927
v -0.051353 0.111183 0.048595
v -0.051403 0.150543 0.009473
v -0.051403 -0.331879 -0.014810
v -0.051411 0.188812 0.041557
v -0.051418 0.104156 -0.343689
v -0.051418 -0.219040 -0.022295
v -0.051460 0.118477 -0.033127
v -0.051460 0.284302 -0.130554
v -0.051502 0.064392 -0.197662
v -0.051563 0.060345 0.101395
v -0.051590 -0.145157 -0.087433
v -0.051628 0.376007 0.095451
v -0.051628 -0.218079 -0.054897
v -0.051689 -0.192963 -0.066864
v -0.051708 -0.333588 0.013456
v -0.051716 -0.066750 -0.083443
v -0.051754 0.203201 0.074951
v -0.051758 -0.309174 0.021248
v -0.051796 0.101257 -0.271698
v -0.051807 -0.153610 -0.080788
v -0.051815 0.092926 0.448090
v -0.051937 0.064392 0.186493
v -0.051968 -0.355255 -0.015209
v -0.052013 0.387390 0.076134
v -0.052032 -0.239822 -0.032875
v -0.052036 -0.200821 0.056580
v -0.052074 -0.310608 0.062637
v -0.052124 0.182022 0.025681
v -0.052158 -0.221710 0.054981
v -0.052280 -0.183472 -0.017504
v -0.052292 -0.055557 -0.080261
v -0.052296 0.151917 -0.005896
v -0.052326 -0.021667 -0.073303
v -0.052334 0.397308 -0.041695
v -0.052437 0.161880 -0.004741
v -0.052471 -0.221573 -0.057705
v -0.052513 -0.217270 -0.029877
v -0.052544 0.097763 -0.426514
v -0.052551 -0.211227 0.030233
v -0.052563 0.098061 -0.364777
v -0.052582 0.103874 0.346344
v -0.052616 0.063591 0.306000
v -0.052624 -0.221405 -0.052578
v -0.052647 -0.243668 -0.046635
v -0.052658 0.062336 0.268250
v -0.052666 0.055111 -0.082878
v -0.052795 0.128296 0.017614
v -0.052830 -0.100929 0.090218
v -0.052879 0.162933 0.003543
v -0.052895 0.200562 0.069237
v -0.052940 -0.293182 0.053978
v -0.052956 -0.245453 -0.040001
v -0.052967 0.060150 -0.384644
v -0.052975 0.102257 -0.193436
v -0.053055 -0.218155 -0.025105
v -0.053097 0.336731 -0.124176
v -0.053150 -0.293365 0.030207
v -0.053177 0.064674 -0.210861
v -0.053177 -0.214981 -0.056602
v -0.053207 0.261841 -0.124031
v -0.053272 0.285339 0.130508
v -0.053276 0.104950 -0.330139
v -0.053299 0.311859 -0.129288
v -0.053356 0.062950 -0.349182
v -0.053360 0.148911 0.000793
v -0.053398 0.102570 -0.209610
v -0.053429 -0.213211 0.024752
v -0.053444 0.171814 -0.007701
v -0.053501 -0.218109 -0.032829
v -0.053501 -0.310333 -0.060295
v -0.053528 0.400116 -0.016287
v -0.053539 0.064087 0.324219
v -0.053555 0.142578 -0.006126
v -0.053616 0.133820 0.012451
v -0.053635 0.097839 -0.348480
v -0.053677 0.079041 -0.492157
v -0.053677 -0.183365 0.007145
v -0.053692 0.139023 -0.008390
v -0.053696 0.129486 -0.015366
v -0.053745 -0.331573 0.065025
v -0.053749 -0.238510 0.045273
v -0.053772 0.097946 -0.325653
v -0.053787 0.271057 0.127274
v -0.053795 0.178970 -0.016706
v -0.053802 0.250092 -0.118393
v -0.053802 -0.197754 0.059143
v -0.053806 0.062309 -0.122322
v -0.053806 -0.125961 -0.092628
v -0.053829 -0.218658 -0.048958
v -0.053894 0.041988 0.072754
v -0.053894 0.057537 -0.343597
v -0.053925 -0.235016 0.039162
v -0.053936 -0.182480 0.016237
v -0.053974 0.103004 0.125671
v -0.053997 0.104782 -0.098190
v -0.054054 0.118912 0.023935
v -0.054073 0.355225 -0.114235
v -0.054077 0.097992 0.325958
v -0.054096 0.186920 -0.031960
v -0.054142 -0.416077 0.020266
v -0.054173 0.140793 0.005219
v -0.054207 0.030554 -0.072304
v -0.054211 0.064445 -0.323090
v -0.054214 0.298828 -0.130035
v -0.054230 -0.209030 0.034870
v -0.054287 -0.215408 -0.038364
v -0.054295 0.387146 -0.074074
v -0.054310 -0.215546 -0.043316
v -0.054321 -0.201843 0.051483
v -0.054340 0.397125 0.038704
v -0.054340 -0.228348 -0.044956
v -0.054405 -0.219849 -0.045227
v -0.054493 0.104721 0.331665
v -0.054497 0.198669 -0.063004
v -0.054497 -0.226608 -0.038967
v -0.054501 -0.220398 -0.053558
v -0.054527 0.089149 -0.481323
v -0.054543 0.121643 0.027855
v -0.054588 -0.169159 0.064461
v -0.054646 -0.406372 -0.019400
v -0.054653 -0.294312 -0.050579
v -0.054657 -0.183075 -0.007608
v -0.054680 -0.354828 0.064880
v -0.054684 -0.132172 0.092506
v -0.054695 0.077667 0.491302
v -0.054733 -0.354431 0.016022
v -0.054737 -0.212509 0.046799
v -0.054771 -0.120537 -0.091873
v -0.054790 -0.202774 0.022459
v -0.054817 0.043205 -0.071838
v -0.054893 -0.484528 0.025398
v -0.054932 0.176239 0.009789
v -0.054977 0.112473 0.045055
v -0.054993 0.062973 -0.358093
v -0.055027 -0.384277 -0.018583
v -0.055031 0.102928 -0.125580
v -0.055035 0.062092 0.362671
v -0.055035 -0.422821 0.062126
v -0.055058 -0.290955 0.045738
v -0.055103 -0.464233 -0.016237
v -0.055115 0.173569 0.001748
v -0.055130 0.074432 0.471436
v -0.055172 -0.217896 -0.042328
v -0.055180 0.187149 0.031088
v -0.055264 0.101746 0.198456
v -0.055279 0.007889 -0.071411
v -0.055302 -0.450226 -0.017359
v -0.055321 -0.216370 -0.029369
v -0.055336 0.104790 0.096725
v -0.055393 -0.331482 -0.063400
v -0.055435 -0.082596 -0.083580
v -0.055447 -0.217255 -0.050743
v -0.055462 -0.216309 -0.036110
v -0.055485 0.101753 0.261078
v -0.055515 -0.291748 0.038227
v -0.055573 -0.330261 0.017372
v -0.055576 0.319000 0.128113
v -0.055611 -0.205490 0.042503
v -0.055656 -0.354156 -0.063652
v -0.055683 0.138016 0.000592
v -0.055733 -0.350616 0.014206
v -0.055737 0.073746 -0.459351
v -0.055786 0.070152 0.433105
v -0.055786 -0.423950 -0.060883
v -0.055801 0.102211 -0.172989
v -0.055813 -0.210938 0.029219
v -0.055828 -0.194916 -0.061993
v -0.055847 -0.099915 -0.087456
v -0.055870 0.399841 -0.005373
v -0.055901 0.393555 0.053661
v -0.056026 -0.168518 -0.063194
v -0.056087 -0.330627 -0.016636
v -0.056110 0.204758 -0.072563
v -0.056149 -0.040272 0.072998
v -0.056149 -0.217041 -0.033070
v -0.056164 -0.406372 -0.059605
v -0.056179 0.074608 -0.481018
v -0.056179 -0.184921 0.059849
v -0.056274 -0.473602 0.074364
v -0.056282 0.399445 0.014366
v -0.056293 0.057838 0.345215
v -0.056297 0.070412 -0.434021
v -0.056305 -0.200806 0.053822
v -0.056339 0.006436 0.071251
v -0.056393 -0.179535 0.000659
v -0.056393 -0.216522 -0.048176
v -0.056400 0.049248 -0.073181
v -0.056427 -0.182236 0.022732
v -0.056435 0.337433 0.123108
v -0.056446 0.065544 0.215225
v -0.056458 -0.332214 -0.065048
v -0.056469 0.063499 0.244247
v -0.056477 0.098190 0.304749
v -0.056477 -0.293610 -0.044159
v -0.056492 -0.305206 -0.025158
v -0.056496 0.390991 -0.061668
v -0.056503 0.235596 -0.107346
v -0.056683 -0.201401 -0.024754
v -0.056820 0.183029 -0.018009
v -0.056824 0.063469 -0.245010
v -0.056854 0.179398 -0.008450
v -0.056870 -0.211365 -0.049454
v -0.056889 0.088982 0.481018
v -0.056988 -0.215195 -0.044281
v -0.056999 -0.483215 -0.064369
v -0.057022 0.064804 0.159241
v -0.057037 -0.332703 -0.013675
v -0.057049 0.181870 0.015038
v -0.057056 0.186493 -0.025805
v -0.057060 0.092880 -0.439850
v -0.057186 -0.181808 -0.022829
v -0.057251 -0.140793 -0.087326
v -0.057255 0.083603 -0.491638
v -0.057285 -0.479950 -0.069366
v -0.057304 -0.214890 -0.040142
v -0.057426 -0.350616 -0.014050
v -0.057468 -0.208649 0.034691
v -0.057518 -0.213089 -0.038425
v -0.057640 0.129120 0.008637
v -0.057774 -0.463898 -0.072952
v -0.057785 -0.173187 0.059242
v -0.057854 -0.333649 0.066956
v -0.057858 0.128265 -0.008895
v -0.057888 0.059074 -0.089302
v -0.057911 -0.198120 0.028376
v -0.057972 -0.484039 -0.023149
v -0.057995 0.062378 -0.102257
v -0.058025 0.122536 0.028198
v -0.058037 -0.061584 0.076599
v -0.058056 0.090599 0.448090
v -0.058067 0.116890 -0.020908
v -0.058067 -0.334595 0.014445
v -0.058071 0.118286 -0.036316
v -0.058075 0.097931 -0.303528
v -0.058128 0.058746 0.328613
v -0.058144 0.099037 0.412903
v -0.058186 0.180099 0.003312
v -0.058193 0.225510 0.097687
v -0.058353 0.057323 0.084183
v -0.058365 -0.475494 -0.072449
v -0.058537 0.131104 0.000265
v -0.058575 -0.181992 -0.006068
v -0.058578 0.064117 -0.271149
v -0.058617 -0.205475 0.043007
v -0.058636 0.101402 0.167969
v -0.058704 0.380951 0.082329
v -0.058731 0.107010 0.057720
v -0.058746 -0.180603 -0.021776
v -0.058754 -0.353577 -0.016619
v -0.058796 -0.386719 0.020535
v -0.058804 -0.454773 0.070938
v -0.058834 -0.203400 -0.052120
v -0.058838 -0.156509 0.075584
v -0.058884 0.100731 0.194412
v -0.059059 0.120163 -0.027004
v -0.059086 0.051052 0.073219
v -0.059128 0.365692 0.101822
v -0.059128 -0.043579 -0.069427
v -0.059174 0.087318 -0.484283
v -0.059185 0.064430 0.270264
v -0.059200 0.242294 0.111115
v -0.059273 0.392944 -0.051029
v -0.059334 0.106956 -0.055645
v -0.059372 0.105782 -0.075966
v -0.059402 0.058773 -0.328796
v -0.059460 -0.308228 0.028175
v -0.059586 -0.170746 -0.057678
v -0.059601 0.002152 -0.067474
v -0.059605 -0.470520 -0.073395
v -0.059620 0.101028 0.230896
v -0.059647 -0.312866 0.057373
v -0.059658 -0.133408 -0.088928
v -0.059704 -0.477936 -0.017712
v -0.059742 -0.066521 -0.075211
v -0.059784 -0.421967 -0.019779
v -0.059963 0.063179 0.103180
v -0.060005 0.101738 -0.110054
v -0.060047 0.351715 0.113632
v -0.060055 0.359009 0.107697
v -0.060074 0.099968 0.384644
v -0.060143 0.096382 -0.324860
v -0.060158 -0.335052 -0.065346
v -0.060162 -0.148788 -0.080780
v -0.060173 0.105331 0.078140
v -0.060181 -0.353363 0.018166
v -0.060196 0.327515 -0.123604
v -0.060242 -0.198853 -0.032898
v -0.060253 -0.137787 0.088104
v -0.060280 0.094521 0.429749
v -0.060303 0.063591 -0.323029
v -0.060375 -0.187912 0.049328
v -0.060379 0.100166 -0.196960
v -0.060387 -0.180481 0.030844
v -0.060402 0.101593 0.109917
v -0.060425 -0.018852 -0.065811
v -0.060429 -0.203171 -0.041935
v -0.060432 0.108582 -0.047272
v -0.060478 0.067055 0.181564
v -0.060486 0.095810 0.325989
v -0.060497 -0.165192 -0.062294
v -0.060577 0.338379 -0.120049
v -0.060627 -0.031237 -0.065750
v -0.060635 0.065193 0.122299
v -0.060638 -0.192657 -0.053562
v -0.060677 0.100578 -0.262573
v -0.060696 -0.367401 -0.060837
v -0.060703 -0.182983 -0.029613
v -0.060764 -0.431702 0.062408
v -0.060772 0.077332 -0.482635
v -0.060818 0.097145 0.363068
v -0.060825 -0.120575 0.089478
v -0.060844 -0.350067 -0.064323
v -0.060875 0.055233 -0.075508
v -0.060905 0.084839 0.487091
v -0.060921 0.119385 0.037319
v -0.060963 -0.192734 0.041737
v -0.061024 0.078308 0.483734
v -0.061039 0.388824 0.062881
v -0.061073 -0.329865 -0.060196
v -0.061081 0.262207 0.120667
v -0.061146 -0.081757 -0.078209
v -0.061157 -0.306427 0.032398
v -0.061214 0.226959 -0.096504
v -0.061234 0.247696 -0.112701
v -0.061241 0.067551 -0.323395
v -0.061249 -0.404816 0.058979
v -0.061275 0.380341 -0.080124
v -0.061298 0.252045 0.115707
v -0.061337 0.067551 0.309204
v -0.061398 0.078247 -0.462952
v -0.061436 -0.311676 -0.053776
v -0.061455 -0.078354 0.077545
v -0.061462 0.067444 0.324249
v -0.061474 -0.031876 0.065887
v -0.061481 0.100235 0.268158
v -0.061485 0.187302 -0.018490
v -0.061501 -0.468872 0.073570
v -0.061508 0.222458 0.091988
v -0.061562 -0.175400 0.050194
v -0.061596 -0.157043 -0.072571
v -0.061604 0.098534 -0.412872
v -0.061604 0.100296 -0.161804
v -0.061615 0.370117 -0.093964
v -0.061619 0.078720 0.464203
v -0.061619 -0.306763 0.050125
v -0.061634 -0.329712 0.018316
v -0.061680 0.084831 -0.460083
v -0.061733 0.300751 0.127014
v -0.061741 0.275482 -0.123894
v -0.061741 -0.178360 -0.033695
v -0.061779 0.095764 0.350494
v -0.061798 0.065590 0.244553
v -0.061798 0.068062 -0.189545
v -0.061821 -0.171295 -0.052914
v -0.061840 -0.476288 0.071495
v -0.061859 0.083031 -0.481995
v -0.061867 -0.166489 0.060341
v -0.061893 0.187637 0.018684
v -0.061909 -0.003144 0.065521
v -0.061962 -0.194855 -0.044163
v -0.061966 -0.329224 0.021690
v -0.062035 -0.304169 -0.043221
v -0.062180 0.068321 0.211777
v -0.062229 -0.177963 0.039986
v -0.062286 0.117836 -0.014043
v -0.062302 0.094856 -0.310333
v -0.062340 0.083405 0.459290
v -0.062344 -0.180878 0.007341
v -0.062378 -0.330231 -0.061985
v -0.062389 -0.329956 0.060081
v -0.062473 -0.307129 -0.034313
v -0.062508 0.346252 -0.114937
v -0.062553 0.047001 -0.067398
v -0.062607 0.090118 -0.434814
v -0.062614 0.119560 0.011265
v -0.062645 -0.393372 -0.021860
v -0.062653 -0.328857 -0.021458
v -0.062653 -0.350067 0.064415
v -0.062660 0.373718 0.089279
v -0.062683 0.201721 0.059200
v -0.062698 -0.352661 0.061790
v -0.062752 0.065536 -0.107147
v -0.062767 -0.449097 0.018299
v -0.062805 0.186646 -0.010876
v -0.062820 -0.306152 0.040123
v -0.062859 -0.453156 -0.068375
v -0.062874 0.185394 0.003886
v -0.062897 0.075615 0.438171
v -0.062904 0.047184 0.068069
v -0.062981 -0.126221 -0.087662
v -0.062996 -0.179825 -0.038311
v -0.063026 0.098442 0.203262
v -0.063065 0.094864 -0.349182
v -0.063072 0.065506 0.324188
v -0.063095 0.067436 0.350739
v -0.063110 0.101555 0.344879
v -0.063148 0.099541 -0.224197
v -0.063179 0.072891 -0.433319
v -0.063240 -0.477692 0.018089
v -0.063248 0.119141 -0.031609
v -0.063271 0.099380 0.162369
v -0.063271 -0.416779 0.022751
v -0.063332 -0.174088 -0.045868
v -0.063339 0.101334 -0.343567
v -0.063385 -0.146683 0.081322
v -0.063400 -0.419586 -0.057415
v -0.063438 0.353149 -0.109573
v -0.063477 0.101471 -0.329224
v -0.063576 -0.348022 0.017471
v -0.063622 0.101433 0.331543
v -0.063622 0.392273 0.046616
v -0.063644 0.121895 0.016518
v -0.063644 -0.333466 0.064117
v -0.063705 -0.352020 -0.019501
v -0.063782 0.076546 -0.437531
v -0.063805 0.395782 -0.024988
v -0.063805 -0.177353 0.029343
v -0.063828 0.000805 -0.063042
v -0.063828 -0.445129 -0.018198
v -0.063889 0.315704 -0.124001
v -0.063896 0.233795 0.101532
v -0.063927 -0.176804 -0.030130
v -0.064034 -0.416534 0.057514
v -0.064079 0.068993 0.178925
v -0.064087 -0.115143 -0.085770
v -0.064095 -0.329895 0.061752
v -0.064125 0.083122 -0.441833
v -0.064125 -0.329956 -0.017754
v -0.064194 0.080940 0.443481
v -0.064209 0.085388 0.440125
v -0.064209 0.303589 -0.124878
v -0.064217 -0.470520 0.016165
v -0.064240 0.066856 -0.354919
v -0.064278 0.396973 0.005689
v -0.064308 0.069595 -0.209305
v -0.064400 0.067993 -0.281738
v -0.064484 0.329163 0.121666
v -0.064529 0.394867 0.029686
v -0.064590 0.111656 0.038784
v -0.064644 0.099060 0.246017
v -0.064667 0.241440 -0.106339
v -0.064667 0.341858 0.116661
v -0.064705 -0.401276 -0.056427
v -0.064705 -0.486023 -0.030281
v -0.064781 -0.352142 0.020712
v -0.064812 0.091774 -0.325256
v -0.064827 0.068329 -0.349121
v -0.064865 0.289490 -0.124405
v -0.064911 -0.422028 -0.021788
v -0.065025 0.094101 -0.427582
v -0.065048 0.103279 -0.071838
v -0.065086 -0.433807 -0.060177
v -0.065178 0.061050 -0.382935
v -0.065186 0.034733 -0.064674
v -0.065224 0.068878 -0.129837
v -0.065224 0.117645 -0.003977
v -0.065308 0.068939 0.128204
v -0.065399 0.118187 0.002068
v -0.065468 -0.034470 -0.060051
v -0.065567 0.067307 0.105370
v -0.065628 0.102608 0.074776
v -0.065659 0.062004 -0.344208
v -0.065666 0.104462 0.049984
v -0.065720 0.071381 0.303772
v -0.065735 -0.351868 -0.059052
v -0.065781 0.263885 -0.117867
v -0.065796 0.072426 -0.323517
v -0.065811 0.061092 -0.374237
v -0.065811 0.092056 0.310699
v -0.065834 0.097778 -0.268982
v -0.065842 -0.016092 -0.059402
v -0.065903 0.063118 -0.083862
v -0.065933 0.097572 -0.120865
v -0.065979 0.070541 -0.180908
v -0.065979 0.094963 -0.362488
v -0.065994 0.108055 -0.041634
v -0.066017 -0.049362 -0.062073
v -0.066017 -0.082550 -0.073669
v -0.066032 0.120750 -0.014239
v -0.066071 0.054546 0.067932
v -0.066170 0.068764 0.269440
v -0.066185 0.098503 -0.381073
v -0.066238 -0.388977 0.024683
v -0.066254 0.277222 0.122429
v -0.066307 0.121948 0.019850
v -0.066322 -0.141571 -0.081833
v -0.066345 0.097351 0.123299
v -0.066391 0.383087 0.070175
v -0.066437 0.095291 -0.199005
v -0.066444 -0.351074 0.059261
v -0.066467 0.068726 -0.242554
v -0.066521 0.098190 0.101799
v -0.066521 -0.178299 0.020336
v -0.066582 0.061546 0.076988
v -0.066589 0.393433 -0.034973
v -0.066605 0.074341 0.441895
v -0.066612 -0.348572 -0.018787
v -0.066650 0.095291 0.208221
v -0.066734 0.068977 0.240753
v -0.066795 0.374786 -0.083275
v -0.066811 -0.331909 -0.060551
v -0.066818 0.120140 0.029619
v -0.066849 0.067268 -0.410004
v -0.066856 0.072884 0.209412
v -0.067001 0.189178 0.007229
v -0.067062 0.060699 0.378021
v -0.067116 0.095909 0.158966
v -0.067116 -0.171539 -0.042465
v -0.067215 -0.170883 0.045013
v -0.067276 0.069321 -0.104713
v -0.067375 0.384979 -0.064240
v -0.067390 0.089233 -0.438782
v -0.067421 0.072113 0.180267
v -0.067451 0.221832 -0.085823
v -0.067490 0.096146 0.270874
v -0.067543 0.090149 0.351013
v -0.067566 0.097458 -0.098534
v -0.067650 0.095184 -0.158051
v -0.067680 -0.348541 -0.060360
v -0.067688 0.055618 -0.065712
v -0.067734 -0.462372 -0.015397
v -0.067863 0.001797 -0.058128
v -0.067909 0.091148 -0.324677
v -0.067947 0.088356 -0.311890
v -0.067963 -0.065651 -0.064079
v -0.067970 0.060589 -0.071434
v -0.067970 0.087318 0.325500
v -0.068024 0.093597 0.428741
v -0.068054 0.093422 0.192764
v -0.068054 -0.327271 -0.028614
v -0.068069 -0.131805 0.084663
v -0.068100 0.116486 -0.033314
v -0.068222 -0.471130 -0.015077
v -0.068230 -0.327301 0.029760
v -0.068260 0.089462 0.440826
v -0.068298 0.074463 -0.446716
v -0.068298 0.189896 -0.002434
v -0.068352 0.071693 -0.323273
v -0.068420 -0.327820 -0.051853
v -0.068443 -0.327362 0.052490
v -0.068535 0.217911 0.080177
v -0.068542 -0.433136 0.059135
v -0.068550 0.076080 -0.205292
v -0.068573 -0.159790 0.063873
v -0.068604 -0.175568 0.000615
v -0.068611 -0.347931 0.021223
v -0.068634 -0.044491 0.058109
v -0.068680 0.077652 0.325012
v -0.068741 0.101318 0.056164
v -0.068741 -0.327423 0.025389
v -0.068810 0.087936 -0.349060
v -0.068810 0.095047 -0.246735
v -0.068810 -0.002841 0.057217
v -0.068817 0.315155 0.122032
v -0.068993 -0.409302 -0.026066
v -0.069183 0.078438 0.304474
v -0.069199 0.072937 -0.269623
v -0.069267 -0.134583 -0.082573
v -0.069283 -0.161896 -0.059277
v -0.069290 0.084763 0.307068
v -0.069290 -0.078888 -0.068100
v -0.069305 0.082886 -0.324646
v -0.069313 0.074287 -0.120598
v -0.069313 0.079353 -0.304901
v -0.069374 -0.167969 0.049152
v -0.069382 0.081413 -0.468964
v -0.069412 -0.350616 -0.024481
v -0.069443 0.201462 0.047291
v -0.069458 -0.176453 -0.022001
v -0.069504 0.090141 -0.197784
v -0.069542 0.077759 0.200592
v -0.069595 0.120880 -0.014161
v -0.069611 -0.068260 0.063515
v -0.069679 0.066170 0.328033
v -0.069710 0.077553 -0.348297
v -0.069740 -0.330292 0.023050
v -0.069763 0.394836 -0.004292
v -0.069771 0.091942 0.146408
v -0.069786 0.276215 -0.119408
v -0.069824 0.115837 0.031422
v -0.069855 0.065033 0.344788
v -0.070015 -0.145248 -0.076935
v -0.070023 0.081642 0.474060
v -0.070030 -0.383728 -0.026901
v -0.070038 0.088852 0.192154
v -0.070053 0.077621 -0.470764
v -0.070107 0.073227 0.242340
v -0.070107 0.089760 0.219635
v -0.070206 -0.034348 -0.053150
v -0.070213 0.120377 -0.000093
v -0.070229 0.066956 0.407257
v -0.070229 -0.078621 0.067596
v -0.070244 -0.443542 -0.019901
v -0.070259 0.100655 -0.047279
v -0.070305 0.055073 -0.061108
v -0.070343 0.075890 0.121338
v -0.070343 -0.019119 -0.052639
v -0.070366 0.099709 -0.054455
v -0.070427 0.093246 0.259155
v -0.070427 -0.396637 -0.051163
v -0.070549 0.091148 -0.109879
v -0.070557 -0.326874 0.044617
v -0.070557 -0.420959 -0.052994
v -0.070564 -0.326752 0.038635
v -0.070587 0.118736 -0.023781
v -0.070618 0.109825 0.031334
v -0.070648 0.083672 0.195587
v -0.070702 0.083893 -0.197784
v -0.070709 0.250610 0.108658
v -0.070732 -0.486267 -0.049911
v -0.070755 0.073845 -0.100479
v -0.070763 -0.326630 -0.039570
v -0.070808 0.091812 0.267517
v -0.070824 0.091553 0.102516
v -0.070877 0.076172 -0.234009
v -0.070915 -0.421600 0.027500
v -0.070992 0.078354 -0.117073
v -0.070999 0.077888 -0.167755
v -0.070999 0.090988 -0.268677
v -0.071022 0.095284 0.345276
v -0.071037 0.077766 0.167068
v -0.071083 0.095154 -0.342712
v -0.071083 -0.029062 0.052109
v -0.071106 0.287933 0.121300
v -0.071114 0.259491 0.113159
v -0.071136 0.239044 0.100487
v -0.071144 0.097260 -0.073792
v -0.071159 0.061493 0.063950
v -0.071167 0.081078 0.221558
v -0.071182 0.093796 -0.328064
v -0.071190 0.046875 0.060558
v -0.071198 -0.057648 -0.056355
v -0.071213 0.106812 -0.034870
v -0.071213 0.386597 0.054516
v -0.071228 -0.327515 0.052502
v -0.071228 -0.350311 -0.052822
v -0.071259 0.358185 -0.098747
v -0.071259 -0.422394 0.053402
v -0.071266 0.393677 0.015513
v -0.071266 -0.473083 0.069107
v -0.071274 -0.407501 0.050873
v -0.071304 0.093834 0.329956
v -0.071350 0.387726 -0.050728
v -0.071381 0.074257 -0.358368
v -0.071388 -0.327576 -0.052097
v -0.071411 -0.349701 0.027460
v -0.071419 0.327423 -0.117294
v -0.071457 0.075714 0.102287
v -0.071480 0.085373 -0.155014
v -0.071487 0.258484 -0.111801
v -0.071541 0.068810 -0.326904
v -0.071571 0.078239 0.266418
v -0.071594 -0.326935 -0.029160
v -0.071602 -0.148972 0.073235
v -0.071609 -0.486237 0.035500
v -0.071648 0.086456 0.131760
v -0.071648 -0.072594 -0.061878
v -0.071686 0.070312 -0.425507
v -0.071686 0.226654 0.088020
v -0.071701 0.085045 -0.118622
v -0.071716 0.080238 0.324921
v -0.071716 -0.330841 0.055790
v -0.071724 0.075623 0.349884
v -0.071732 0.315887 -0.119293
v -0.071762 0.009057 -0.053722
v -0.071762 0.096420 0.075119
v -0.071777 0.032330 -0.057674
v -0.071846 0.081055 -0.268066
v -0.071854 -0.048817 -0.052868
v -0.071922 0.076408 0.357086
v -0.071922 0.391144 0.033894
v -0.071930 0.080795 -0.324310
v -0.071930 -0.153763 -0.067253
v -0.071983 0.087151 0.266144
v -0.072021 0.069740 0.081932
v -0.072029 0.075302 0.470215
v -0.072052 -0.381042 0.049889
v -0.072105 0.066299 -0.069122
v -0.072121 -0.486542 -0.038486
v -0.072144 -0.330048 -0.025707
v -0.072182 0.369629 0.085754
v -0.072212 -0.166672 -0.046597
v -0.072227 0.085571 -0.104279
v -0.072342 -0.140335 -0.078018
v -0.072350 -0.482056 0.022224
v -0.072380 -0.139450 0.079178
v -0.072388 -0.330933 -0.054237
v -0.072418 0.205353 -0.052269
v -0.072456 -0.385010 0.031567
v -0.072525 -0.442474 0.021610
v -0.072632 0.085510 0.101372
v -0.072647 -0.459442 0.067558
v -0.072701 -0.120804 -0.080635
v -0.072746 -0.346802 0.055988
v -0.072838 0.059769 0.058956
v -0.072876 0.088470 0.361542
v -0.072891 -0.346924 -0.025394
v -0.072906 -0.176041 -0.005777
v -0.072937 -0.113586 -0.078934
v -0.072937 -0.349670 -0.030554
v -0.073006 -0.486450 0.048813
v -0.073143 0.298218 -0.119484
v -0.073181 -0.484772 0.056362
v -0.073189 0.095390 -0.381165
v -0.073189 0.340149 -0.110931
v -0.073227 -0.349030 0.049973
v -0.073250 0.236969 -0.096359
v -0.073288 -0.482849 0.060478
v -0.073303 -0.483887 -0.025614
v -0.073341 0.028004 0.055824
v -0.073341 -0.175964 -0.011209
v -0.073349 0.069832 -0.344116
v -0.073387 -0.464142 0.016109
v -0.073433 -0.484100 -0.057121
v -0.073509 0.214432 0.069557
v -0.073517 -0.346802 0.027306
v -0.073563 -0.415222 0.031986
v -0.073570 -0.326263 -0.040798
v -0.073616 -0.423523 -0.028099
v -0.073631 0.086517 -0.472351
v -0.073639 0.095848 -0.418457
v -0.073647 -0.326141 0.038345
v -0.073784 -0.117393 0.080162
v -0.073807 -0.035503 -0.046696
v -0.073837 0.376160 -0.073784
v -0.073845 -0.407867 -0.046455
v -0.073860 -0.004365 -0.047726
v -0.073868 0.089378 -0.329529
v -0.073982 0.066734 -0.059479
v -0.073990 0.251251 -0.105911
v -0.073997 -0.436890 -0.055958
v -0.074005 0.265564 -0.113113
v -0.074036 -0.385345 -0.043716
v -0.074043 -0.382538 -0.035728
v -0.074051 -0.017738 -0.045925
v -0.074081 0.089149 -0.082542
v -0.074089 0.082306 -0.089912
v -0.074120 0.211899 -0.063751
v -0.074135 0.119469 0.012501
v -0.074181 0.094925 0.382538
v -0.074310 -0.414825 -0.031857
v -0.074326 -0.173111 -0.001159
v -0.074348 0.093269 0.054939
v -0.074409 -0.348877 0.036358
v -0.074409 -0.378387 0.040455
v -0.074417 0.391663 -0.021612
v -0.074425 0.272858 0.116028
v -0.074600 0.321960 0.117104
v -0.074608 0.002022 0.047813
v -0.074623 0.093613 -0.047405
v -0.074631 -0.175476 0.008534
v -0.074669 -0.477905 0.064789
v -0.074722 0.288391 -0.118073
v -0.074799 -0.478394 -0.017992
v -0.074814 -0.348907 -0.040253
v -0.074837 0.387848 -0.043518
v -0.074883 0.350128 0.103584
v -0.074936 0.070358 0.426361
v -0.074982 0.387543 0.044373
v -0.075012 0.218811 -0.074295
v -0.075020 0.350250 -0.102654
v -0.075058 0.064377 -0.055202
v -0.075081 -0.329620 0.046417
v -0.075104 -0.346863 -0.050217
v -0.075119 0.095650 0.418427
v -0.075134 0.092407 0.047771
v -0.075150 0.091385 -0.438660
v -0.075165 -0.329010 0.035328
v -0.075211 0.115685 0.020174
v -0.075256 0.087227 0.470886
v -0.075272 0.115517 -0.023216
v -0.075279 0.376404 0.072052
v -0.075302 0.091286 -0.055687
v -0.075363 0.086182 -0.343536
v -0.075394 0.086571 0.345398
v -0.075401 0.069992 0.058208
v -0.075447 0.080345 -0.328918
v -0.075455 -0.171768 0.001750
v -0.075539 0.074181 -0.069656
v -0.075546 0.081650 -0.477478
v -0.075554 0.105736 -0.026125
v -0.075584 0.302643 0.118294
v -0.075668 0.053925 -0.054550
v -0.075676 -0.473480 0.016989
v -0.075684 0.075066 0.071236
v -0.075706 0.075684 -0.342133
v -0.075714 -0.422058 -0.047436
v -0.075729 0.203430 -0.040646
v -0.075745 0.079575 0.329376
v -0.075745 -0.066612 -0.051762
v -0.075752 0.075516 0.342987
v -0.075775 -0.408936 -0.041431
v -0.075829 -0.329407 -0.040169
v -0.075867 0.107277 0.021620
v -0.075974 0.207367 0.051491
v -0.075989 -0.413696 -0.036873
v -0.076004 0.073112 -0.451080
v -0.076004 0.084938 0.076653
v -0.076019 0.068222 0.375092
v -0.076027 -0.413300 0.040150
v -0.076080 0.095428 0.041718
v -0.076118 0.065811 -0.385986
v -0.076180 0.085167 -0.368561
v -0.076210 0.107994 -0.024361
v -0.076210 -0.463928 -0.016039
v -0.076256 0.079338 -0.072227
v -0.076263 -0.346680 0.033966
v -0.076324 -0.051189 -0.044659
v -0.076370 0.085976 -0.054588
v -0.076431 -0.443512 -0.022535
v -0.076462 0.117737 0.006814
v -0.076469 0.077324 -0.055866
v -0.076523 0.068817 -0.375153
v -0.076523 0.085258 -0.063416
v -0.076553 0.365906 -0.085297
v -0.076614 0.379639 -0.063583
v -0.076645 -0.421356 0.045620
v -0.076653 -0.026335 -0.039806
v -0.076744 0.212708 0.061901
v -0.076782 0.092117 0.433807
v -0.076797 0.069305 -0.052208
v -0.076797 0.074341 -0.472351
v -0.076813 0.009094 -0.044228
v -0.076813 -0.346252 -0.035923
v -0.076813 -0.466736 -0.066322
v -0.076836 -0.346588 0.042961
v -0.076851 -0.031532 0.040306
v -0.076874 0.117653 -0.011607
v -0.076920 0.082458 0.055767
v -0.076965 0.036850 -0.051060
v -0.077026 0.202682 0.035404
v -0.077110 -0.081429 -0.059448
v -0.077148 0.085571 -0.047466
v -0.077202 0.066643 0.388672
v -0.077255 0.081413 0.478394
v -0.077255 -0.172134 0.022991
v -0.077332 -0.069366 0.050732
v -0.077423 0.078522 -0.049824
v -0.077568 0.074226 0.471100
v -0.077568 0.102570 -0.000282
v -0.077644 0.079605 0.050354
v -0.077644 -0.050247 0.042439
v -0.077652 0.070618 -0.413849
v -0.077888 0.104904 -0.018291
v -0.077888 -0.005108 -0.037769
v -0.077995 0.052303 0.051941
v -0.078018 0.090019 -0.379852
v -0.078026 0.275970 -0.113564
v -0.078094 -0.041573 -0.037910
v -0.078102 -0.422028 -0.041901
v -0.078255 0.244904 -0.098190
v -0.078262 -0.480408 -0.059803
v -0.078300 0.226120 -0.080032
v -0.078346 -0.425049 0.035427
v -0.078468 0.333252 0.110863
v -0.078590 0.103966 0.005328
v -0.078598 0.078949 -0.373199
v -0.078766 0.226639 0.080849
v -0.078789 0.105011 0.012759
v -0.078934 -0.019741 -0.032799
v -0.078941 -0.485077 -0.049202
v -0.078957 0.103966 -0.004025
v -0.079018 -0.426514 -0.034271
v -0.079117 -0.016876 0.001803
v -0.079155 -0.025869 0.001753
v -0.079155 -0.438354 -0.051693
v -0.079285 0.074265 0.453491
v -0.079300 -0.063271 -0.042328
v -0.079308 0.238617 0.092979
v -0.079338 -0.459106 -0.062759
v -0.079353 0.360748 0.089195
v -0.079384 0.112976 0.008578
v -0.079391 0.112465 -0.001215
v -0.079430 0.103973 -0.012552
v -0.079460 -0.025240 -0.000775
v -0.079468 0.389099 0.021643
v -0.079514 0.087875 0.458740
v -0.079514 -0.073586 -0.049671
v -0.079536 0.107529 -0.015353
v -0.079552 -0.012829 0.031712
v -0.079689 0.106476 0.003184
v -0.079727 0.008954 -0.036610
v -0.079727 -0.483521 0.053951
v -0.079750 0.104591 -0.007800
v -0.079750 -0.170792 -0.021477
v -0.079758 0.106026 -0.002040
v -0.079773 0.198364 -0.007721
v -0.079857 -0.007089 -0.000259
v -0.079865 0.092690 -0.415802
v -0.079887 -0.034660 0.000939
v -0.079903 0.113510 -0.011030
v -0.079987 0.232758 -0.085815
v -0.080002 -0.167694 -0.000733
v -0.080078 0.311279 -0.113808
v -0.080124 -0.472748 -0.064018
v -0.080246 -0.039288 -0.030291
v -0.080269 0.202682 -0.027637
v -0.080315 0.087112 -0.467957
v -0.080330 -0.145782 -0.066444
v -0.080551 -0.467316 0.065094
v -0.080582 0.283875 0.113922
v -0.080643 0.380554 0.055717
v -0.080673 0.253632 0.102692
v -0.080673 0.387085 -0.031769
v -0.080696 -0.124863 -0.073936
v -0.080704 0.010571 0.035366
v -0.080727 -0.483337 0.031944
v -0.080734 0.000016 -0.029594
v -0.080772 0.090614 0.394470
v -0.080788 -0.046452 0.031338
v -0.080833 -0.053288 -0.033520
v -0.080841 0.107201 -0.010161
v -0.080948 -0.460785 -0.018646
v -0.080971 0.036587 -0.044018
v -0.081001 -0.458771 0.062225
v -0.081024 -0.484161 -0.034691
v -0.081032 -0.000712 0.003314
v -0.081116 0.000121 0.029097
v -0.081169 0.052570 -0.045452
v -0.081200 -0.028496 -0.023325
v -0.081207 0.080559 0.379761
v -0.081291 -0.026962 -0.004137
v -0.081314 -0.108429 0.070061
v -0.081390 0.090836 0.416260
v -0.081398 0.267700 -0.108116
v -0.081451 0.035660 0.043800
v -0.081604 0.065598 -0.044678
v -0.081650 -0.018820 0.006824
v -0.081703 -0.471283 -0.017651
v -0.081749 -0.012524 -0.020767
v -0.081802 -0.151871 -0.058750
v -0.081833 0.089241 -0.398438
v -0.081848 0.087891 0.001388
v -0.081978 -0.441528 0.051331
v -0.081993 0.380585 -0.052273
v -0.081993 -0.017900 0.017784
v -0.082054 -0.040531 0.023355
v -0.082062 0.322754 -0.110580
v -0.082077 0.073570 -0.389709
v -0.082092 -0.113014 -0.070351
v -0.082115 0.086601 -0.446655
v -0.082130 0.001379 -0.023977
v -0.082275 0.081429 -0.475403
v -0.082359 -0.071442 -0.041523
v -0.082375 -0.031315 0.008816
v -0.082375 -0.069008 0.038406
v -0.082436 0.012092 -0.029333
v -0.082451 0.201660 0.016123
v -0.082489 0.286987 -0.111938
v -0.082497 0.219833 0.066650
v -0.082497 -0.004646 -0.005342
v -0.082497 -0.018869 -0.007922
v -0.082512 -0.062492 -0.032932
v -0.082550 0.083961 0.473419
v -0.082581 0.333618 -0.106544
v -0.082596 0.077454 -0.457336
v -0.082619 -0.030525 -0.009486
v -0.082642 0.388062 -0.015011
v -0.082771 -0.008750 0.010432
v -0.082802 0.088058 -0.029030
v -0.082825 0.076324 0.421326
v -0.082840 0.063713 0.043427
v -0.082878 -0.483978 0.044910
v -0.082947 0.077400 0.471130
v -0.082985 -0.479492 -0.024603
v -0.083038 0.004446 0.020983
v -0.083038 0.017511 0.001772
v -0.083076 -0.038731 0.010351
v -0.083176 0.080528 -0.388702
v -0.083176 0.202515 -0.017616
v -0.083176 0.295837 -0.111977
v -0.083183 0.002652 0.007676
v -0.083275 0.077278 -0.423615
v -0.083344 0.077332 0.388733
v -0.083397 -0.169586 0.007672
v -0.083405 0.077942 -0.037045
v -0.083435 -0.048798 -0.019363
v -0.083473 0.077431 -0.470703
v -0.083473 0.258270 -0.102058
v -0.083488 0.017605 -0.001290
v -0.083633 0.082352 -0.468231
v -0.083641 0.005871 -0.018087
v -0.083687 0.263947 0.105377
v -0.083748 -0.147430 0.062244
v -0.083763 0.038998 -0.038731
v -0.083824 -0.124352 0.071808
v -0.083878 0.082764 -0.000673
v -0.083878 -0.046700 -0.010481
v -0.083885 0.201340 0.003152
v -0.083946 0.002589 -0.009954
v -0.083961 0.383545 0.038433
v -0.083961 0.385773 0.028036
v -0.083992 0.069511 -0.039062
v -0.084023 0.081299 0.467072
v -0.084045 0.084297 -0.417755
v -0.084091 -0.049503 0.014569
v -0.084175 0.008554 -0.005710
v -0.084236 -0.099510 -0.061531
v -0.084290 0.083595 0.421753
v -0.084366 0.240814 -0.088875
v -0.084442 -0.065170 0.000456
v -0.084480 0.085991 0.026747
v -0.084511 -0.483154 -0.043858
v -0.084541 0.007160 0.011419
v -0.084572 0.310974 0.110847
v -0.084686 -0.441437 -0.045197
v -0.084755 0.350708 -0.093117
v -0.084816 0.372314 -0.066078
v -0.084816 -0.057087 -0.005748
v -0.084824 -0.473846 0.021170
v -0.084869 -0.061520 -0.021999
v -0.084877 0.059467 -0.037708
v -0.084908 0.211487 -0.045200
v -0.084908 0.367371 0.074646
v -0.084984 0.358673 -0.085022
v -0.084991 -0.157242 -0.046700
v -0.085083 -0.062008 0.021502
v -0.085136 -0.129547 -0.069115
v -0.085175 -0.060040 0.007235
v -0.085251 -0.164963 -0.028931
v -0.085274 0.033157 0.001718
v -0.085304 0.086639 -0.020609
v -0.085327 0.382172 -0.040184
v -0.085381 -0.069145 0.001656
v -0.085396 -0.167938 -0.007227
v -0.085487 -0.070732 0.031132
v -0.085594 -0.154755 0.050785
v -0.085655 0.073357 0.034389
v -0.085655 -0.134903 -0.067139
v -0.085716 -0.477539 0.056416
v -0.085815 -0.478394 0.026730
v -0.085838 0.072556 0.001244
v -0.085846 -0.461823 0.022560
v -0.085861 0.386719 0.006415
v -0.085930 0.080437 -0.026833
v -0.085968 0.017958 0.007891
v -0.086052 -0.101494 0.061146
v -0.086052 -0.142578 -0.062630
v -0.086090 0.339966 -0.099976
v -0.086121 -0.474365 -0.021955
v -0.086136 -0.062988 0.011890
v -0.086159 -0.138000 0.066246
v -0.086182 -0.472137 0.060593
v -0.086197 0.037163 -0.000844
v -0.086227 0.084602 -0.004653
v -0.086235 0.220596 -0.062046
v -0.086243 -0.070152 -0.028070
v -0.086288 0.086823 0.009981
v -0.086319 0.227814 0.073189
v -0.086472 0.249542 0.094437
v -0.086563 -0.070976 -0.001941
v -0.086586 0.037823 -0.030590
v -0.086624 0.336884 0.101952
v -0.086655 -0.459137 -0.024117
v -0.086739 0.322327 0.107460
v -0.086739 -0.161789 0.035099
v -0.086746 0.365601 -0.074356
v -0.086792 -0.122314 -0.067093
v -0.086830 0.041096 0.031849
v -0.086845 0.051064 0.001833
v -0.086853 0.085167 -0.007933
v -0.086906 0.050289 -0.031967
v -0.086945 -0.152740 -0.050556
v -0.086960 0.032410 -0.025961
v -0.086998 0.070793 -0.030212
v -0.087013 0.020473 -0.008835
v -0.087044 0.237839 0.083847
v -0.087051 0.062645 -0.000237
v -0.087059 0.025171 -0.018923
v -0.087151 -0.067581 -0.005850
v -0.087173 0.249908 -0.093124
v -0.087219 -0.070526 0.005186
v -0.087273 -0.091103 -0.052200
v -0.087334 -0.066933 -0.011023
v -0.087479 0.030243 0.022432
v -0.087517 -0.479492 -0.049854
v -0.087540 0.272766 0.105141
v -0.087563 -0.070801 0.020977
v -0.087585 0.080048 0.006301
v -0.087593 0.279968 -0.106247
v -0.087700 0.218384 0.056057
v -0.087746 0.078873 -0.018795
v -0.087845 0.075455 0.024189
v -0.088066 0.295258 0.108421
v -0.088295 -0.069962 0.010849
v -0.088303 -0.459869 -0.054932
v -0.088348 0.231735 -0.074860
v -0.088463 -0.478790 -0.031506
v -0.088470 -0.466522 -0.057728
v -0.088623 -0.091454 0.051159
v -0.088669 -0.472992 -0.056870
v -0.088676 0.063179 0.026869
v -0.088875 -0.162674 -0.003617
v -0.088905 0.037670 -0.004519
v -0.088905 -0.162827 0.025949
v -0.088982 -0.163132 0.005543
v -0.089027 0.073189 -0.004516
v -0.089035 -0.460876 0.055534
v -0.089088 0.370056 0.064171
v -0.089111 -0.467041 -0.024378
v -0.089142 0.348694 0.091103
v -0.089188 0.274078 -0.103142
v -0.089432 0.318939 -0.105026
v -0.089554 0.042347 0.006309
v -0.089668 -0.451965 0.034901
v -0.089676 0.266449 -0.099922
v -0.089706 -0.476257 0.052769
v -0.089767 0.046436 0.019543
v -0.089790 -0.450714 -0.036510
v -0.089905 0.213120 0.039089
v -0.089920 0.061089 -0.020166
v -0.089928 0.384125 -0.004083
v -0.089958 -0.478729 0.039555
v -0.089966 0.069550 -0.014419
v -0.090004 0.044621 -0.017611
v -0.090218 0.040951 0.010272
v -0.090317 -0.113312 0.061020
v -0.090355 -0.459076 -0.029512
v -0.090485 -0.087463 -0.043114
v -0.090561 -0.159470 -0.030773
v -0.090622 0.058491 -0.004711
v -0.090691 -0.129791 -0.061886
v -0.090767 0.045097 -0.008165
v -0.090805 0.065521 0.007682
v -0.090897 0.063858 -0.006957
v -0.091011 -0.467529 0.055481
v -0.091110 0.286560 0.104828
v -0.091194 0.210663 0.026806
v -0.091194 -0.473145 -0.029320
v -0.091278 0.377747 0.040344
v -0.091347 -0.162140 -0.006994
v -0.091362 0.380707 -0.027641
v -0.091522 -0.087440 0.041458
v -0.091530 -0.082764 -0.033482
v -0.091545 -0.155640 0.001600
v -0.091652 -0.150681 -0.044312
v -0.091721 -0.130157 0.060871
v -0.091759 0.360504 -0.074638
v -0.091774 0.371674 0.055786
v -0.091812 0.381378 0.021324
v -0.091820 0.372681 -0.052536
v -0.091850 -0.476715 -0.038689
v -0.091881 -0.095390 -0.047150
v -0.091927 0.260559 0.095558
v -0.091934 -0.111542 -0.057007
v -0.091949 0.247253 0.086502
v -0.091965 0.353943 -0.082016
v -0.092102 -0.473846 0.033352
v -0.092125 -0.088432 0.001002
v -0.092186 0.341522 -0.092613
v -0.092232 -0.466309 0.030680
v -0.092331 0.288452 -0.103210
v -0.092384 -0.140945 -0.053612
v -0.092430 0.359650 0.075401
v -0.092430 -0.120422 -0.059017
v -0.092560 -0.160767 0.008677
v -0.092575 -0.468384 -0.051846
v -0.092712 -0.458984 0.044567
v -0.092842 -0.473480 -0.047367
v -0.092880 -0.459869 -0.045341
v -0.093025 -0.158310 -0.025377
v -0.093231 0.218323 -0.044655
v -0.093353 -0.465820 -0.033138
v -0.093468 -0.471985 0.047527
v -0.093613 0.230850 0.066963
v -0.093643 0.213928 -0.031376
v -0.093849 -0.146530 0.046169
v -0.093918 0.314240 -0.101578
v -0.094162 0.324280 0.099701
v -0.094162 -0.470001 -0.038322
v -0.094177 -0.466644 0.039959
v -0.094254 0.324280 -0.099014
v -0.094337 0.209991 0.009386
v -0.094345 0.259338 -0.091393
v -0.094589 0.380249 0.011966
v -0.094589 -0.154755 0.031044
v -0.094711 -0.118164 0.055843
v -0.094841 0.301483 -0.101212
v -0.094902 0.231522 -0.064964
v -0.094971 0.374420 -0.040356
v -0.095009 0.329834 -0.096085
v -0.095032 -0.152008 -0.000429
v -0.095245 0.210434 -0.005791
v -0.095322 -0.136292 0.051941
v -0.095329 0.247955 -0.082176
v -0.095375 0.349762 0.082329
v -0.095436 0.379944 -0.005345
v -0.095459 -0.082718 -0.008671
v -0.095497 -0.094772 0.001464
v -0.095566 0.240204 -0.074455
v -0.095688 0.310425 0.100830
v -0.095802 0.212601 -0.016893
v -0.096230 0.333588 0.093346
v -0.096252 -0.086456 -0.020935
v -0.096359 0.225830 -0.053795
v -0.096375 0.222031 0.047005
v -0.096512 -0.088173 0.023937
v -0.096519 -0.149033 0.001393
v -0.096657 -0.150497 -0.031815
v -0.096870 0.364319 -0.060478
v -0.096886 -0.155487 -0.006859
v -0.096916 -0.087708 0.006609
v -0.097107 0.377747 -0.016878
v -0.097122 -0.086769 0.010675
v -0.097221 -0.103065 0.042236
v -0.097282 -0.118156 -0.049656
v -0.097290 -0.097565 -0.000493
v -0.097527 -0.094223 -0.030754
v -0.097542 -0.102722 -0.040325
v -0.097679 -0.146606 0.035915
v -0.097923 -0.136322 -0.045700
v -0.097931 0.243500 0.075104
v -0.098007 -0.127365 -0.048855
v -0.098038 -0.094490 0.029976
v -0.098160 -0.143250 -0.038872
v -0.098305 0.370819 0.043041
v -0.098320 -0.090172 -0.004979
v -0.098938 0.340240 -0.085098
v -0.099174 0.355865 0.070015
v -0.099350 -0.123077 0.046864
v -0.099571 0.276947 0.093559
v -0.099586 0.342163 0.083160
v -0.099602 -0.141922 -0.000328
v -0.099953 -0.138168 0.039597
v -0.099968 -0.105949 0.001792
v -0.100006 -0.149078 -0.003484
v -0.100021 -0.151337 0.008671
v -0.100029 0.273132 -0.090813
v -0.100060 0.261200 -0.085335
v -0.100792 0.362000 0.057747
v -0.100883 0.281097 -0.092415
v -0.100922 -0.099350 -0.024323
v -0.100998 0.231506 0.055111
v -0.101013 -0.102478 -0.002077
v -0.101044 0.352844 -0.069923
v -0.101234 -0.134811 0.001354
v -0.101364 0.221527 0.032490
v -0.101555 -0.148926 -0.007087
v -0.101646 0.292694 -0.093811
v -0.101654 -0.132736 -0.036736
v -0.101669 0.320526 -0.091629
v -0.101738 0.346039 -0.076180
v -0.101738 -0.122253 -0.038193
v -0.101807 0.257172 0.081215
v -0.101814 -0.129852 0.037533
v -0.101974 0.370789 0.031387
v -0.102005 -0.146652 0.005813
v -0.102020 0.370911 -0.030148
v -0.102043 0.217117 -0.008328
v -0.102211 -0.109970 0.031967
v -0.102364 -0.102791 0.022179
v -0.102386 -0.122215 0.001787
v -0.102448 -0.110817 -0.030893
v -0.102509 -0.127151 -0.000350
v -0.102654 0.250305 -0.074043
v -0.102707 0.239655 -0.062515
v -0.102791 0.373657 0.003745
v -0.102798 -0.142548 -0.018427
v -0.102982 0.366516 -0.041496
v -0.103043 -0.145111 0.011955
v -0.103233 0.300201 0.093102
v -0.103577 -0.102104 0.008963
v -0.103775 -0.102333 -0.007767
v -0.104042 0.372284 -0.006080
v -0.104073 0.219269 0.009339
v -0.104095 -0.142059 -0.007644
v -0.104103 0.314850 0.090706
v -0.104240 -0.108368 0.005810
v -0.104240 -0.138260 -0.004131
v -0.104469 0.251404 0.072922
v -0.104561 0.311401 -0.090340
v -0.104630 0.370514 0.018848
v -0.104637 0.226227 -0.035534
v -0.104729 -0.133286 0.021711
v -0.104767 -0.111870 -0.019608
v -0.105064 0.330688 0.082939
v -0.105118 -0.119110 0.023987
v -0.105278 -0.133179 -0.017450
v -0.105431 0.236404 -0.053062
v -0.105461 0.291260 0.089760
v -0.105606 -0.117638 -0.004108
v -0.105675 0.223770 -0.023661
v -0.105812 -0.122345 -0.019415
v -0.105873 0.267578 0.081566
v -0.105957 0.230972 -0.042542
v -0.105988 0.352661 -0.060989
v -0.106232 0.242767 0.061043
v -0.106422 0.325439 -0.083244
v -0.106537 -0.116524 -0.007662
v -0.106590 -0.117584 0.009965
v -0.106651 0.342194 0.072578
v -0.106781 0.323120 0.084221
v -0.106873 -0.128815 0.007290
v -0.106880 0.261993 -0.076149
v -0.106926 -0.127747 -0.006145
v -0.107025 0.349487 0.063911
v -0.107056 0.357422 -0.051361
v -0.107239 0.279266 0.084427
v -0.107292 0.367218 -0.021887
v -0.107407 0.290894 -0.086441
v -0.107788 0.254181 -0.069061
v -0.107910 0.225449 0.019718
v -0.108047 0.279907 -0.082825
v -0.108215 0.335968 -0.074249
v -0.108360 0.362885 -0.034889
v -0.109055 0.233032 0.039810
v -0.109184 0.302246 0.085442
v -0.109871 0.246933 -0.058224
v -0.109886 0.297760 -0.083908
v -0.110046 0.357513 -0.043251
v -0.110184 0.366058 -0.006184
v -0.110237 0.358673 0.041668
v -0.110382 0.341888 -0.065094
v -0.111061 0.227005 -0.006745
v -0.111412 0.339752 0.065903
v -0.111618 0.352448 0.049709
v -0.111710 0.361176 0.027533
v -0.111763 0.308411 -0.080498
v -0.111763 0.363892 0.010682
v -0.112137 0.264832 0.070351
v -0.112144 0.228027 0.003681
v -0.112282 0.310120 0.079765
v -0.112289 0.235535 -0.034370
v -0.112396 0.241501 -0.045265
v -0.112755 0.327789 -0.072029
v -0.112915 0.362549 -0.007852
v -0.112923 0.291046 0.079277
v -0.112999 0.285217 -0.077148
v -0.113075 0.256165 0.062107
v -0.113182 0.238068 0.037380
v -0.113197 0.232071 -0.020594
v -0.113251 0.360107 -0.022120
v -0.113258 0.269592 -0.070389
v -0.113388 0.357178 -0.032928
v -0.113449 0.318451 -0.074890
v -0.114334 0.330261 0.067986
v -0.114349 0.300995 0.077538
v -0.114616 0.234314 0.021038
v -0.114639 0.316772 0.073860
v -0.114716 0.279449 0.073196
v -0.114799 0.247284 0.048691
v -0.114906 0.333435 -0.063759
v -0.116669 0.259125 -0.056847
v -0.116875 0.290375 -0.071877
v -0.117126 0.308411 -0.070862
v -0.117157 0.347168 -0.042629
v -0.117332 0.253082 -0.048824
v -0.117340 0.288513 0.071274
v -0.117363 0.243530 -0.034306
v -0.117462 0.257629 0.054520
v -0.117561 0.356262 -0.001808
v -0.117599 0.298218 -0.071014
v -0.117683 0.354553 -0.017544
v -0.117722 0.269501 -0.062202
v -0.117722 0.345245 0.044449
v -0.117760 0.355621 0.007731
v -0.117935 0.237228 -0.012914
v -0.117935 0.322662 -0.064293
v -0.118103 0.236328 0.005426
v -0.118408 0.351624 0.027485
v -0.118774 0.341309 -0.046097
v -0.118790 0.302063 0.069107
v -0.119019 0.279816 -0.064651
v -0.119171 0.349579 -0.028843
v -0.119247 0.273224 0.061863
v -0.120476 0.332092 0.052086
v -0.121605 0.247849 0.025833
v -0.121864 0.319550 0.057602
v -0.122177 0.318756 -0.056644
v -0.122292 0.342194 0.032738
v -0.122627 0.345673 0.018156
v -0.122726 0.247986 -0.020317
v -0.122726 0.336914 0.040321
v -0.122894 0.253357 -0.031780
v -0.122902 0.259125 -0.040855
v -0.122971 0.245483 -0.008787
v -0.123009 0.346130 -0.009513
v -0.123085 0.346161 0.006502
v -0.123192 0.270416 -0.050728
v -0.123276 0.246201 0.009192
v -0.123314 0.286072 -0.057755
v -0.123337 0.266418 0.047958
v -0.123451 0.256531 0.035152
v -0.123589 0.330261 -0.044891
v -0.123634 0.289459 0.058186
v -0.123634 0.304565 -0.057194
v -0.123894 0.279144 0.054737
v -0.124062 0.337524 -0.033939
v -0.124123 0.306976 0.056160
v -0.124176 0.341370 -0.022261
v -0.124916 0.295074 -0.054951
v -0.126724 0.313995 -0.046886
v -0.126816 0.296509 0.050522
v -0.126938 0.279388 -0.045803
v -0.127472 0.319244 -0.042038
v -0.127502 0.257629 -0.016579
v -0.127655 0.270630 0.037636
v -0.127808 0.321899 0.039593
v -0.128067 0.269196 -0.033913
v -0.128082 0.274933 -0.039566
v -0.128098 0.263733 -0.026232
v -0.128311 0.334473 -0.004878
v -0.128510 0.257202 -0.003800
v -0.128510 0.325531 -0.032345
v -0.128510 0.331299 0.020340
v -0.128601 0.330750 -0.020756
v -0.128754 0.265533 0.025986
v -0.128845 0.308472 0.042877
v -0.128860 0.325012 0.031723
v -0.129028 0.259216 0.008720
v -0.129074 0.291199 0.043537
v -0.129196 0.280151 0.039165
v -0.129196 0.304077 -0.042290
v -0.129379 0.290771 -0.042114
v -0.130402 0.277222 -0.030937
v -0.130478 0.307739 -0.036655
v -0.130615 0.326660 -0.013522
v -0.130890 0.266266 -0.010083
v -0.131210 0.314453 -0.030537
v -0.131470 0.286377 -0.031738
v -0.131683 0.273499 -0.018599
v -0.132034 0.268616 -0.001019
v -0.132050 0.323425 0.003638
v -0.132080 0.310822 0.028383
v -0.132156 0.291138 0.030239
v -0.132324 0.315796 -0.021893
v -0.132385 0.301514 -0.029842
v -0.132477 0.272949 0.011138
v -0.132599 0.282349 0.022909
v -0.132675 0.317596 0.016169
v -0.132782 0.282745 -0.022007
v -0.133133 0.301971 0.026297
v -0.133484 0.276337 -0.003681
v -0.133575 0.316223 -0.008273
v -0.133636 0.297882 -0.022884
v -0.133911 0.281372 0.009991
v -0.134155 0.290131 -0.015413
v -0.134567 0.305054 -0.014015
v -0.134628 0.285889 -0.004158
v -0.134720 0.309723 0.006478
v -0.134872 0.297577 0.012385
v -0.135330 0.300385 -0.001789
vt 0.038818 0.305908
vt 0.037354 0.299805
vt 0.045898 0.300293
vt 0.028809 0.300781
vt 0.034424 0.280518
vt 0.028564 0.287354
vt 0.027588 0.273438
vt 0.034180 0.272461
vt 0.039551 0.268799
vt 0.033203 0.261475
vt 0.034424 0.251221
vt 0.039795 0.284180
vt 0.047607 0.272705
vt 0.048096 0.249023
vt 0.042969 0.293457
vt 0.052734 0.274170
vt 0.055664 0.281738
vt 0.053711 0.261719
vt 0.057617 0.251221
vt 0.060303 0.269775
vt 0.062500 0.272705
vt 0.058838 0.260986
vt 0.064209 0.267578
vt 0.082764 0.272461
vt 0.065918 0.260498
vt 0.083740 0.269043
vt 0.078125 0.265381
vt 0.087646 0.266602
vt 0.085449 0.264404
vt 0.069092 0.252686
vt 0.076416 0.251709
vt 0.081787 0.247803
vt 0.430420 0.081299
vt 0.437012 0.082275
vt 0.427734 0.085205
vt 0.424561 0.077881
vt 0.420654 0.079102
vt 0.420166 0.061279
vt 0.428467 0.054932
vt 0.429199 0.076416
vt 0.432861 0.079102
vt 0.440674 0.060059
vt 0.446289 0.062988
vt 0.445557 0.048584
vt 0.439697 0.044922
vt 0.434326 0.061768
vt 0.432129 0.054199
vt 0.433350 0.038818
vt 0.427490 0.041748
vt 0.428223 0.038086
vt 0.103516 0.589600
vt 0.105469 0.597412
vt 0.097412 0.589844
vt 0.099365 0.554199
vt 0.108643 0.587646
vt 0.113281 0.591553
vt 0.119629 0.562744
vt 0.107666 0.548584
vt 0.089355 0.539307
vt 0.080322 0.542480
vt 0.073242 0.534424
vt 0.113770 0.561035
vt 0.117432 0.545166
vt 0.139404 0.537598
vt 0.133545 0.558594
vt 0.143066 0.540039
vt 0.147217 0.538086
vt 0.144287 0.531982
vt 0.158203 0.527832
vt 0.155762 0.531982
vt 0.178223 0.525635
vt 0.159180 0.523193
vt 0.153809 0.521484
vt 0.176270 0.521973
vt 0.192627 0.514160
vt 0.163330 0.516357
vt 0.152832 0.515625
vt 0.176758 0.518066
vt 0.188721 0.511719
vt 0.198242 0.500977
vt 0.187500 0.509277
vt 0.183838 0.503662
vt 0.172363 0.512451
vt 0.170166 0.507568
vt 0.151611 0.509033
vt 0.192383 0.492188
vt 0.185791 0.493896
vt 0.188232 0.489258
vt 0.184570 0.478271
vt 0.181152 0.475586
vt 0.189941 0.481201
vt 0.193359 0.487793
vt 0.179932 0.466797
vt 0.196045 0.478760
vt 0.182129 0.464844
vt 0.193604 0.461914
vt 0.197021 0.462402
vt 0.205322 0.451904
vt 0.186768 0.458496
vt 0.177002 0.463379
vt 0.192383 0.440918
vt 0.204834 0.441406
vt 0.175049 0.452148
vt 0.166992 0.478271
vt 0.166260 0.484131
vt 0.197266 0.427002
vt 0.211182 0.433594
vt 0.213867 0.425537
vt 0.195068 0.421875
vt 0.180420 0.439941
vt 0.192139 0.410645
vt 0.184082 0.420410
vt 0.177490 0.427490
vt 0.202637 0.406494
vt 0.218506 0.420654
vt 0.210938 0.402588
vt 0.225586 0.418945
vt 0.206299 0.399902
vt 0.212402 0.397949
vt 0.210449 0.394531
vt 0.195068 0.402100
vt 0.200684 0.395996
vt 0.204102 0.385742
vt 0.210938 0.385742
vt 0.185547 0.402344
vt 0.191895 0.397217
vt 0.197266 0.386475
vt 0.205322 0.381104
vt 0.209717 0.380859
vt 0.206787 0.369629
vt 0.199219 0.380859
vt 0.201660 0.366455
vt 0.195068 0.382568
vt 0.190430 0.385986
vt 0.192139 0.380371
vt 0.183105 0.396484
vt 0.186035 0.381592
vt 0.192871 0.368896
vt 0.182617 0.385742
vt 0.177002 0.400879
vt 0.176514 0.395264
vt 0.174561 0.386719
vt 0.170410 0.395264
vt 0.167236 0.384033
vt 0.167236 0.400391
vt 0.175049 0.382080
vt 0.170654 0.380127
vt 0.177002 0.380127
vt 0.167236 0.407959
vt 0.160156 0.419434
vt 0.162354 0.428467
vt 0.176025 0.405518
vt 0.169678 0.420654
vt 0.177490 0.418213
vt 0.170166 0.427002
vt 0.164307 0.447510
vt 0.158936 0.442871
vt 0.168457 0.448242
vt 0.166260 0.467285
vt 0.158691 0.474854
vt 0.160645 0.476562
vt 0.157227 0.480225
vt 0.164307 0.476807
vt 0.162109 0.481201
vt 0.160889 0.485840
vt 0.254395 0.049561
vt 0.263916 0.052490
vt 0.258789 0.054688
vt 0.261719 0.046631
vt 0.276611 0.064697
vt 0.274658 0.058594
vt 0.276123 0.053711
vt 0.281250 0.052490
vt 0.270508 0.046875
vt 0.281738 0.060303
vt 0.278564 0.046387
vt 0.287598 0.068115
vt 0.280518 0.069336
vt 0.284912 0.073486
vt 0.286377 0.048584
vt 0.288086 0.081543
vt 0.297852 0.054199
vt 0.298584 0.047119
vt 0.296387 0.068604
vt 0.303223 0.061279
vt 0.311035 0.056641
vt 0.323242 0.052246
vt 0.321777 0.058105
vt 0.328125 0.054199
vt 0.323730 0.064453
vt 0.304932 0.070801
vt 0.303711 0.077881
vt 0.288818 0.089355
vt 0.319580 0.068604
vt 0.314941 0.083496
vt 0.301758 0.097412
vt 0.327637 0.076660
vt 0.324463 0.096680
vt 0.309814 0.107422
vt 0.313477 0.119141
vt 0.316406 0.123291
vt 0.310791 0.131104
vt 0.328125 0.114258
vt 0.330811 0.105225
vt 0.335938 0.089600
vt 0.345459 0.090820
vt 0.336670 0.078369
vt 0.342529 0.085449
vt 0.334961 0.071045
vt 0.342285 0.077148
vt 0.331055 0.061035
vt 0.336182 0.067627
vt 0.333252 0.055664
vt 0.331055 0.050293
vt 0.339600 0.046631
vt 0.337402 0.062500
vt 0.341309 0.052246
vt 0.344727 0.045898
vt 0.341064 0.069824
vt 0.344971 0.058350
vt 0.350342 0.065430
vt 0.352539 0.073486
vt 0.354248 0.062988
vt 0.349609 0.055420
vt 0.347900 0.051270
vt 0.362793 0.048584
vt 0.355957 0.042480
vt 0.354736 0.038086
vt 0.365234 0.040283
vt 0.378418 0.028809
vt 0.380615 0.025391
vt 0.395752 0.019287
vt 0.389648 0.017578
vt 0.384033 0.028320
vt 0.387695 0.031982
vt 0.403320 0.022217
vt 0.390381 0.036621
vt 0.362061 0.058105
vt 0.395508 0.044922
vt 0.406982 0.034424
vt 0.395996 0.051270
vt 0.371338 0.064453
vt 0.357910 0.069824
vt 0.393799 0.057373
vt 0.414795 0.051270
vt 0.406494 0.057373
vt 0.370117 0.072998
vt 0.394043 0.062012
vt 0.401367 0.063477
vt 0.397461 0.064453
vt 0.360107 0.074463
vt 0.364502 0.081543
vt 0.359619 0.083496
vt 0.355713 0.078369
vt 0.347168 0.082031
vt 0.349609 0.087646
vt 0.351807 0.092285
vt 0.186279 0.380127
vt 0.182373 0.366943
vt 0.177002 0.366943
vt 0.186523 0.370605
vt 0.172607 0.368164
vt 0.167480 0.370605
vt 0.167969 0.343018
vt 0.177490 0.342773
vt 0.172119 0.342529
vt 0.167969 0.338623
vt 0.162109 0.318604
vt 0.176270 0.314941
vt 0.181396 0.327637
vt 0.184326 0.344482
vt 0.184326 0.326172
vt 0.188232 0.328857
vt 0.189453 0.345459
vt 0.192871 0.329346
vt 0.193848 0.344482
vt 0.196777 0.326904
vt 0.198486 0.345947
vt 0.205811 0.317627
vt 0.203369 0.344482
vt 0.210938 0.330566
vt 0.206543 0.344482
vt 0.209717 0.343018
vt 0.052246 0.554199
vt 0.052246 0.558838
vt 0.046875 0.542725
vt 0.049805 0.564941
vt 0.067627 0.566895
vt 0.069092 0.561035
vt 0.069824 0.557617
vt 0.049805 0.548340
vt 0.090332 0.563965
vt 0.087646 0.566895
vt 0.091064 0.556396
vt 0.084229 0.571533
vt 0.083496 0.575195
vt 0.070068 0.554688
vt 0.061768 0.543945
vt 0.071289 0.552246
vt 0.067383 0.574463
vt 0.089355 0.585205
vt 0.081299 0.588867
vt 0.056885 0.577393
vt 0.036377 0.570801
vt 0.049805 0.588379
vt 0.070801 0.597412
vt 0.089600 0.602295
vt 0.070801 0.603760
vt 0.029785 0.593018
vt 0.113281 0.614014
vt 0.023438 0.605469
vt 0.066650 0.612061
vt 0.085449 0.621582
vt 0.045410 0.614014
vt 0.068604 0.616455
vt 0.088379 0.628418
vt 0.062012 0.619873
vt 0.036621 0.621582
vt 0.061035 0.624512
vt 0.031982 0.633545
vt 0.059082 0.632324
vt 0.990479 0.961182
vt 0.966309 0.953613
vt 0.966553 0.945312
vt 0.948975 0.953613
vt 0.948730 0.957764
vt 0.958252 0.959961
vt 0.950684 0.948242
vt 0.927490 0.959473
vt 0.929199 0.964600
vt 0.919189 0.954590
vt 0.903564 0.958496
vt 0.893799 0.963379
vt 0.890137 0.955322
vt 0.892334 0.950195
vt 0.874023 0.954102
vt 0.910400 0.947510
vt 0.874512 0.947021
vt 0.890869 0.945801
vt 0.891113 0.938965
vt 0.933105 0.940674
vt 0.953369 0.942383
vt 0.904053 0.938721
vt 0.940674 0.933594
vt 0.958984 0.937744
vt 0.979248 0.937256
vt 0.978516 0.933350
vt 0.908203 0.931152
vt 0.940430 0.929688
vt 0.960693 0.932129
vt 0.980713 0.927734
vt 0.963135 0.926025
vt 0.980957 0.923340
vt 0.942383 0.926270
vt 0.959473 0.920898
vt 0.979004 0.916748
vt 0.960449 0.913818
vt 0.970703 0.910645
vt 0.960205 0.907959
vt 0.939209 0.912354
vt 0.906494 0.909424
vt 0.943604 0.918457
vt 0.928711 0.923584
vt 0.905762 0.918213
vt 0.905273 0.926514
vt 0.893799 0.920410
vt 0.890137 0.917480
vt 0.891602 0.926758
vt 0.892334 0.931885
vt 0.879639 0.924316
vt 0.874756 0.929688
vt 0.877930 0.936523
vt 0.871094 0.940918
vt 0.861328 0.946045
vt 0.863281 0.938477
vt 0.857666 0.944092
vt 0.861816 0.933105
vt 0.866211 0.933105
vt 0.867920 0.928711
vt 0.862305 0.925781
vt 0.042725 0.916992
vt 0.083496 0.933594
vt 0.058838 0.935059
vt 0.093506 0.934570
vt 0.092773 0.928955
vt 0.087891 0.940674
vt 0.085205 0.945068
vt 0.061523 0.939941
vt 0.098389 0.940430
vt 0.099365 0.931396
vt 0.083740 0.949463
vt 0.058838 0.947266
vt 0.093994 0.947998
vt 0.101807 0.947754
vt 0.102295 0.935059
vt 0.096436 0.954346
vt 0.081055 0.956543
vt 0.052002 0.953369
vt 0.051514 0.959961
vt 0.112061 0.948730
vt 0.110596 0.944336
vt 0.114990 0.955566
vt 0.085449 0.963867
vt 0.094727 0.960449
vt 0.117188 0.963135
vt 0.056641 0.971191
vt 0.106445 0.966553
vt 0.118164 0.968262
vt 0.080566 0.969238
vt 0.108643 0.974854
vt 0.119873 0.971924
vt 0.096436 0.971436
vt 0.077393 0.974854
vt 0.041260 0.975586
vt 0.103516 0.981445
vt 0.116943 0.988281
vt 0.053955 0.986816
vt 0.101562 0.989502
vt 0.115723 0.994385
vt 0.092285 0.992676
vt 0.076416 0.981934
vt 0.074219 0.985840
vt 0.080811 0.992676
vt 0.058105 0.994141
vt 0.060791 0.999756
vt 0.764893 0.341309
vt 0.769775 0.328613
vt 0.776123 0.339355
vt 0.788086 0.333740
vt 0.780029 0.319092
vt 0.787354 0.317627
vt 0.793945 0.322266
vt 0.795166 0.302734
vt 0.802002 0.341064
vt 0.804688 0.321045
vt 0.800293 0.299072
vt 0.811035 0.322021
vt 0.813232 0.337646
vt 0.819580 0.335693
vt 0.822998 0.346924
vt 0.818848 0.359863
vt 0.829834 0.354004
vt 0.826660 0.374023
vt 0.816406 0.373535
vt 0.802490 0.359131
vt 0.789307 0.346191
vt 0.783691 0.352051
vt 0.799805 0.366455
vt 0.775391 0.352783
vt 0.788330 0.363525
vt 0.761963 0.359863
vt 0.747803 0.354492
vt 0.743408 0.369141
vt 0.775391 0.368164
vt 0.759521 0.371582
vt 0.748291 0.381836
vt 0.731689 0.385010
vt 0.768555 0.382080
vt 0.742676 0.397217
vt 0.729248 0.395264
vt 0.784912 0.376221
vt 0.798340 0.374756
vt 0.808105 0.383301
vt 0.798828 0.386230
vt 0.788818 0.393066
vt 0.770752 0.395752
vt 0.791260 0.406250
vt 0.807129 0.399414
vt 0.815674 0.388428
vt 0.755127 0.392822
vt 0.772217 0.408936
vt 0.825928 0.383545
vt 0.837402 0.376953
vt 0.836670 0.394775
vt 0.825684 0.394043
vt 0.818115 0.403564
vt 0.830811 0.407227
vt 0.842041 0.396484
vt 0.806396 0.412842
vt 0.798584 0.415771
vt 0.814453 0.416504
vt 0.809814 0.424805
vt 0.823486 0.411133
vt 0.821533 0.422363
vt 0.829834 0.417725
vt 0.839600 0.418701
vt 0.842041 0.411865
vt 0.834717 0.424072
vt 0.843750 0.428223
vt 0.839355 0.436768
vt 0.829346 0.431396
vt 0.819336 0.432861
vt 0.833984 0.442871
vt 0.840088 0.444580
vt 0.824707 0.441650
vt 0.835693 0.458252
vt 0.826904 0.456055
vt 0.812256 0.439209
vt 0.805908 0.434082
vt 0.799316 0.428711
vt 0.792969 0.443359
vt 0.818604 0.451660
vt 0.811523 0.458252
vt 0.789062 0.427246
vt 0.788086 0.416992
vt 0.778076 0.420898
vt 0.776855 0.437012
vt 0.764404 0.420166
vt 0.801025 0.458008
vt 0.787109 0.459473
vt 0.804932 0.472656
vt 0.795898 0.474365
vt 0.816895 0.471436
vt 0.806396 0.482910
vt 0.826416 0.469482
vt 0.834961 0.472900
vt 0.843262 0.463135
vt 0.819336 0.486816
vt 0.828613 0.484131
vt 0.837891 0.487793
vt 0.828857 0.493896
vt 0.834717 0.501465
vt 0.821777 0.502197
vt 0.824951 0.510742
vt 0.830811 0.514160
vt 0.827637 0.529785
vt 0.813721 0.503418
vt 0.818359 0.519531
vt 0.816895 0.528320
vt 0.804199 0.514648
vt 0.824219 0.539307
vt 0.807129 0.490723
vt 0.804688 0.503662
vt 0.795410 0.492188
vt 0.790039 0.508545
vt 0.790283 0.480957
vt 0.786133 0.469238
vt 0.782471 0.488525
vt 0.776123 0.480713
vt 0.783936 0.501953
vt 0.775879 0.507812
vt 0.778320 0.469482
vt 0.772705 0.487549
vt 0.763428 0.485596
vt 0.766846 0.470215
vt 0.771973 0.458740
vt 0.777588 0.448486
vt 0.764648 0.451416
vt 0.760010 0.468750
vt 0.763672 0.500977
vt 0.751953 0.495361
vt 0.751709 0.478760
vt 0.753662 0.461182
vt 0.766846 0.511963
vt 0.752441 0.512451
vt 0.771973 0.518555
vt 0.740234 0.508057
vt 0.754883 0.519775
vt 0.781738 0.522461
vt 0.760742 0.530273
vt 0.740967 0.521484
vt 0.746826 0.532959
vt 0.738525 0.540771
vt 0.775391 0.531250
vt 0.752197 0.544434
vt 0.763672 0.551514
vt 0.776123 0.541504
vt 0.786377 0.539062
vt 0.795654 0.535156
vt 0.787842 0.547363
vt 0.776611 0.555420
vt 0.771729 0.565918
vt 0.760010 0.565186
vt 0.755615 0.559326
vt 0.787354 0.560791
vt 0.785889 0.569824
vt 0.795898 0.551270
vt 0.794678 0.563232
vt 0.744629 0.553955
vt 0.744629 0.565674
vt 0.732910 0.557129
vt 0.800049 0.549316
vt 0.804443 0.561523
vt 0.817627 0.552734
vt 0.728760 0.546387
vt 0.718262 0.556885
vt 0.808105 0.546631
vt 0.727051 0.533691
vt 0.714844 0.545654
vt 0.710693 0.559326
vt 0.704834 0.542725
vt 0.817871 0.542969
vt 0.808594 0.538330
vt 0.803711 0.525879
vt 0.792236 0.520752
vt 0.711426 0.532471
vt 0.703369 0.529053
vt 0.713623 0.521240
vt 0.697754 0.537842
vt 0.695801 0.551514
vt 0.692383 0.544189
vt 0.686035 0.535889
vt 0.682617 0.545654
vt 0.674316 0.536621
vt 0.677979 0.521484
vt 0.690430 0.526855
vt 0.682373 0.506836
vt 0.699219 0.512939
vt 0.692139 0.501465
vt 0.686768 0.484375
vt 0.713623 0.505859
vt 0.696533 0.482422
vt 0.696533 0.473877
vt 0.705078 0.503906
vt 0.702881 0.492676
vt 0.705811 0.469238
vt 0.695068 0.459961
vt 0.710938 0.481201
vt 0.701416 0.453613
vt 0.714844 0.490234
vt 0.718506 0.471924
vt 0.710449 0.458008
vt 0.708008 0.438232
vt 0.723877 0.504395
vt 0.720947 0.459473
vt 0.721191 0.448242
vt 0.720947 0.432129
vt 0.713867 0.427002
vt 0.732422 0.457520
vt 0.725098 0.416992
vt 0.713623 0.412842
vt 0.732422 0.437988
vt 0.718994 0.402344
vt 0.733398 0.424805
vt 0.731445 0.408447
vt 0.739502 0.415039
vt 0.754150 0.408936
vt 0.751221 0.423340
vt 0.740967 0.435791
vt 0.755859 0.435547
vt 0.768555 0.428223
vt 0.765137 0.441650
vt 0.752197 0.448730
vt 0.740967 0.456055
vt 0.740967 0.464844
vt 0.746826 0.472168
vt 0.729980 0.468994
vt 0.738281 0.473145
vt 0.726074 0.476562
vt 0.737793 0.481934
vt 0.724609 0.489746
vt 0.740234 0.495117
vt 0.729736 0.498779
vt 0.732422 0.522217
vt 0.722656 0.516602
vt 0.984863 0.503906
vt 0.989746 0.520752
vt 0.971924 0.524170
vt 0.980225 0.543213
vt 0.967041 0.502441
vt 0.960205 0.541260
vt 0.976318 0.498291
vt 0.989014 0.487305
vt 0.956055 0.525391
vt 0.967529 0.483887
vt 0.975342 0.470459
vt 0.981201 0.463623
vt 0.994385 0.481201
vt 0.987061 0.460205
vt 0.985840 0.451904
vt 0.956299 0.479248
vt 0.974365 0.459961
vt 0.976562 0.452148
vt 0.951660 0.473877
vt 0.950439 0.502197
vt 0.978760 0.442627
vt 0.944824 0.484375
vt 0.946289 0.519531
vt 0.968750 0.447510
vt 0.947754 0.529297
vt 0.934082 0.516357
vt 0.934814 0.527344
vt 0.939209 0.540283
vt 0.969971 0.438721
vt 0.933105 0.493652
vt 0.907959 0.530518
vt 0.914062 0.537598
vt 0.956299 0.552734
vt 0.966064 0.558350
vt 0.983398 0.561768
vt 0.965332 0.570801
vt 0.976074 0.585205
vt 0.958008 0.584717
vt 0.943604 0.577881
vt 0.942627 0.550781
vt 0.937012 0.562256
vt 0.923340 0.567627
vt 0.930664 0.549316
vt 0.911377 0.553955
vt 0.908936 0.567627
vt 0.895752 0.558594
vt 0.901855 0.550049
vt 0.876465 0.547852
vt 0.885986 0.536377
vt 0.871338 0.537842
vt 0.902344 0.520752
vt 0.866699 0.528320
vt 0.851074 0.543457
vt 0.837158 0.535889
vt 0.857666 0.521729
vt 0.874268 0.515137
vt 0.844482 0.506104
vt 0.853027 0.499268
vt 0.885986 0.507080
vt 0.860596 0.488525
vt 0.901123 0.510254
vt 0.881104 0.488525
vt 0.866455 0.468262
vt 0.909180 0.501465
vt 0.925537 0.501953
vt 0.913330 0.491699
vt 0.898926 0.486816
vt 0.884033 0.475098
vt 0.903076 0.478271
vt 0.894287 0.472900
vt 0.880371 0.462402
vt 0.864502 0.461914
vt 0.866943 0.455811
vt 0.879150 0.454346
vt 0.888916 0.465332
vt 0.895508 0.472412
vt 0.908203 0.477783
vt 0.903320 0.473145
vt 0.912354 0.482178
vt 0.919434 0.478516
vt 0.920898 0.481689
vt 0.923096 0.484375
vt 0.931396 0.482422
vt 0.938965 0.479004
vt 0.933594 0.476807
vt 0.948730 0.469727
vt 0.944824 0.471436
vt 0.953125 0.461914
vt 0.949951 0.463379
vt 0.940918 0.471436
vt 0.959717 0.446289
vt 0.928711 0.475830
vt 0.950684 0.451416
vt 0.952881 0.433350
vt 0.919678 0.473145
vt 0.944336 0.454102
vt 0.908691 0.471436
vt 0.929688 0.471191
vt 0.914307 0.462646
vt 0.923340 0.465332
vt 0.935303 0.466797
vt 0.897949 0.466797
vt 0.904053 0.461670
vt 0.886475 0.456787
vt 0.880127 0.448975
vt 0.873047 0.448486
vt 0.883545 0.443359
vt 0.873779 0.443115
vt 0.895264 0.457520
vt 0.904785 0.450195
vt 0.893555 0.446045
vt 0.895264 0.437500
vt 0.884521 0.431885
vt 0.878418 0.433838
vt 0.890869 0.424561
vt 0.880127 0.421143
vt 0.907471 0.435791
vt 0.891113 0.416260
vt 0.904541 0.422852
vt 0.916504 0.448730
vt 0.915039 0.423584
vt 0.906982 0.414307
vt 0.900146 0.408447
vt 0.890625 0.402588
vt 0.911133 0.403564
vt 0.895020 0.392578
vt 0.908447 0.389160
vt 0.920898 0.432617
vt 0.924072 0.417725
vt 0.929932 0.427734
vt 0.915283 0.395996
vt 0.925537 0.408203
vt 0.915527 0.392578
vt 0.912598 0.382568
vt 0.933350 0.417969
vt 0.930664 0.409424
vt 0.940186 0.427490
vt 0.940430 0.423340
vt 0.935059 0.407959
vt 0.935059 0.436279
vt 0.945068 0.437500
vt 0.926758 0.442383
vt 0.938965 0.444092
vt 0.924316 0.453857
vt 0.932373 0.451660
vt 0.942383 0.456543
vt 0.940918 0.463379
vt 0.945557 0.462891
vt 0.943359 0.467773
vt 0.953369 0.424072
vt 0.956055 0.409668
vt 0.963867 0.426270
vt 0.964355 0.416504
vt 0.962891 0.433838
vt 0.970215 0.424316
vt 0.978760 0.413086
vt 0.973145 0.411621
vt 0.962891 0.406006
vt 0.958008 0.393799
vt 0.967773 0.397705
vt 0.976807 0.399902
vt 0.964111 0.385254
vt 0.933105 0.391113
vt 0.981445 0.390381
vt 0.927002 0.395752
vt 0.926514 0.384277
vt 0.949219 0.386719
vt 0.944092 0.382080
vt 0.931396 0.375244
vt 0.917725 0.367920
vt 0.928467 0.362305
vt 0.937500 0.379150
vt 0.942383 0.369385
vt 0.943115 0.362061
vt 0.952148 0.377441
vt 0.952881 0.369873
vt 0.969238 0.382080
vt 0.968018 0.370850
vt 0.944824 0.347656
vt 0.947510 0.357422
vt 0.958740 0.361816
vt 0.950439 0.346680
vt 0.972656 0.368164
vt 0.968994 0.351318
vt 0.953857 0.335205
vt 0.979980 0.375977
vt 0.985840 0.354004
vt 0.987793 0.389160
vt 0.989990 0.383301
vt 0.987061 0.415771
vt 0.970459 0.342285
vt 0.975586 0.338135
vt 0.954346 0.331299
vt 0.966309 0.330078
vt 0.978271 0.432129
vt 0.985596 0.437256
vt 0.992676 0.418213
vt 0.993896 0.436035
vt 0.779541 0.707764
vt 0.783447 0.722656
vt 0.776367 0.725098
vt 0.773926 0.747559
vt 0.768799 0.735840
vt 0.791992 0.695068
vt 0.789795 0.679199
vt 0.810547 0.687500
vt 0.796631 0.718994
vt 0.810791 0.701416
vt 0.804199 0.678467
vt 0.821289 0.684326
vt 0.829346 0.687988
vt 0.813232 0.716309
vt 0.835938 0.683105
vt 0.823975 0.678467
vt 0.848877 0.679443
vt 0.843262 0.688721
vt 0.854492 0.682617
vt 0.829834 0.698975
vt 0.839355 0.701904
vt 0.849365 0.698975
vt 0.825439 0.714111
vt 0.838379 0.718262
vt 0.857422 0.711426
vt 0.813232 0.726074
vt 0.837891 0.737061
vt 0.851807 0.727539
vt 0.851807 0.745605
vt 0.847168 0.756592
vt 0.863770 0.735596
vt 0.863525 0.756592
vt 0.874023 0.752441
vt 0.816650 0.747559
vt 0.865967 0.766113
vt 0.801758 0.745117
vt 0.817871 0.763428
vt 0.847900 0.766113
vt 0.821045 0.779297
vt 0.808838 0.770020
vt 0.832275 0.785889
vt 0.794189 0.727783
vt 0.787842 0.741455
vt 0.773682 0.766602
vt 0.758057 0.767090
vt 0.793701 0.772217
vt 0.770020 0.774414
vt 0.803223 0.784424
vt 0.814697 0.786377
vt 0.793945 0.785889
vt 0.779297 0.788086
vt 0.761963 0.794434
vt 0.768311 0.799316
vt 0.763672 0.811279
vt 0.750488 0.806641
vt 0.780762 0.809326
vt 0.784668 0.799072
vt 0.798096 0.800781
vt 0.807861 0.793457
vt 0.801514 0.808594
vt 0.794678 0.817871
vt 0.809814 0.817383
vt 0.813232 0.805420
vt 0.822998 0.812744
vt 0.814453 0.798340
vt 0.829834 0.807373
vt 0.843994 0.818115
vt 0.823486 0.797607
vt 0.832764 0.795410
vt 0.843994 0.804199
vt 0.855469 0.808350
vt 0.863037 0.818115
vt 0.851074 0.785889
vt 0.869141 0.790283
vt 0.873291 0.800537
vt 0.886719 0.804199
vt 0.879395 0.820068
vt 0.906494 0.810547
vt 0.859619 0.775879
vt 0.871094 0.778809
vt 0.880371 0.768311
vt 0.883057 0.780029
vt 0.885010 0.792480
vt 0.889893 0.754639
vt 0.900391 0.793701
vt 0.914062 0.798584
vt 0.918701 0.807129
vt 0.896484 0.765137
vt 0.891113 0.746338
vt 0.899170 0.779297
vt 0.921631 0.784912
vt 0.905518 0.770752
vt 0.911865 0.755371
vt 0.929443 0.763916
vt 0.932861 0.786133
vt 0.934326 0.808105
vt 0.951904 0.788818
vt 0.956299 0.812744
vt 0.963867 0.771484
vt 0.941406 0.764648
vt 0.954102 0.757080
vt 0.931396 0.748779
vt 0.950439 0.746338
vt 0.964355 0.743408
vt 0.912598 0.745361
vt 0.930420 0.739014
vt 0.946533 0.734863
vt 0.958008 0.734375
vt 0.971924 0.729004
vt 0.952881 0.724609
vt 0.936035 0.729492
vt 0.940186 0.716797
vt 0.919922 0.732178
vt 0.958252 0.715576
vt 0.968994 0.701904
vt 0.897949 0.731445
vt 0.924072 0.721191
vt 0.907227 0.723145
vt 0.926270 0.710693
vt 0.908691 0.709717
vt 0.891357 0.708252
vt 0.875732 0.728760
vt 0.875732 0.713623
vt 0.869385 0.706543
vt 0.860840 0.695068
vt 0.868652 0.688232
vt 0.864014 0.675049
vt 0.880859 0.688965
vt 0.875488 0.696045
vt 0.886963 0.696289
vt 0.895752 0.684570
vt 0.900391 0.697754
vt 0.922119 0.691162
vt 0.901855 0.677734
vt 0.923828 0.700684
vt 0.935059 0.698975
vt 0.938721 0.692139
vt 0.930664 0.668457
vt 0.948486 0.704834
vt 0.954834 0.690430
vt 0.957031 0.680176
vt 0.970703 0.687256
vt 0.218018 0.932373
vt 0.204834 0.936035
vt 0.206787 0.917236
vt 0.201416 0.927002
vt 0.221436 0.923340
vt 0.229980 0.934326
vt 0.215332 0.912598
vt 0.207031 0.905273
vt 0.232910 0.925537
vt 0.248047 0.934814
vt 0.247314 0.926514
vt 0.257568 0.930664
vt 0.239502 0.914307
vt 0.255859 0.920410
vt 0.230469 0.916016
vt 0.224365 0.909912
vt 0.231201 0.900635
vt 0.247803 0.911377
vt 0.214844 0.902588
vt 0.225098 0.896240
vt 0.210938 0.893311
vt 0.201416 0.893555
vt 0.203613 0.883057
vt 0.213867 0.884521
vt 0.224609 0.886719
vt 0.215820 0.876221
vt 0.206543 0.867920
vt 0.237549 0.887207
vt 0.219482 0.865234
vt 0.212158 0.860352
vt 0.225098 0.876465
vt 0.237061 0.878662
vt 0.221436 0.851562
vt 0.209229 0.848389
vt 0.232666 0.861816
vt 0.218750 0.838379
vt 0.235596 0.869629
vt 0.233154 0.850098
vt 0.233643 0.835693
vt 0.244141 0.846680
vt 0.247314 0.857178
vt 0.244873 0.867188
vt 0.229248 0.831787
vt 0.222412 0.819336
vt 0.235840 0.819092
vt 0.228027 0.805420
vt 0.251221 0.873535
vt 0.237793 0.805664
vt 0.233398 0.791748
vt 0.242188 0.790771
vt 0.250244 0.799316
vt 0.246338 0.807373
vt 0.260498 0.802246
vt 0.245117 0.821533
vt 0.253906 0.815918
vt 0.266846 0.808350
vt 0.246826 0.833984
vt 0.255859 0.844482
vt 0.260498 0.834961
vt 0.264160 0.821045
vt 0.275879 0.819824
vt 0.281982 0.812500
vt 0.273193 0.830566
vt 0.269531 0.847168
vt 0.289551 0.829834
vt 0.290283 0.821777
vt 0.295654 0.817139
vt 0.290771 0.841553
vt 0.293945 0.829346
vt 0.298340 0.830566
vt 0.300049 0.820557
vt 0.302734 0.831055
vt 0.306396 0.823486
vt 0.296631 0.840820
vt 0.300781 0.837891
vt 0.307373 0.842529
vt 0.302002 0.847656
vt 0.307617 0.853516
vt 0.297119 0.851807
vt 0.303711 0.858154
vt 0.313721 0.868408
vt 0.291260 0.854004
vt 0.297852 0.863770
vt 0.309814 0.871826
vt 0.319092 0.878662
vt 0.322266 0.875000
vt 0.310059 0.879883
vt 0.331299 0.884277
vt 0.324463 0.886475
vt 0.299805 0.878174
vt 0.311279 0.886230
vt 0.289062 0.863770
vt 0.286865 0.888672
vt 0.320557 0.889893
vt 0.270020 0.859375
vt 0.268555 0.871094
vt 0.261475 0.859619
vt 0.253662 0.866455
vt 0.270020 0.883057
vt 0.292725 0.899170
vt 0.266602 0.887939
vt 0.247314 0.883301
vt 0.261475 0.894287
vt 0.243164 0.895020
vt 0.240723 0.900879
vt 0.259033 0.910889
vt 0.264404 0.905273
vt 0.280273 0.901855
vt 0.270020 0.913818
vt 0.279541 0.907227
vt 0.292236 0.907227
vt 0.281494 0.913818
vt 0.268311 0.923828
vt 0.270752 0.931641
vt 0.282471 0.924805
vt 0.287598 0.930176
vt 0.298096 0.916260
vt 0.309082 0.922607
vt 0.292969 0.934814
vt 0.310303 0.915527
vt 0.309570 0.910889
vt 0.323730 0.918701
vt 0.322266 0.923828
vt 0.336670 0.926514
vt 0.339355 0.923828
vt 0.339355 0.917969
vt 0.324219 0.913574
vt 0.338623 0.912354
vt 0.325195 0.907715
vt 0.355957 0.913330
vt 0.364990 0.919922
vt 0.363525 0.915771
vt 0.346680 0.904053
vt 0.362305 0.910889
vt 0.378174 0.916260
vt 0.315430 0.904541
vt 0.379150 0.911621
vt 0.331787 0.891846
vt 0.301758 0.903809
vt 0.302734 0.897705
vt 0.338135 0.890625
vt 0.336670 0.885010
vt 0.343750 0.888672
vt 0.343506 0.895264
vt 0.346680 0.891846
vt 0.353516 0.887695
vt 0.359863 0.901611
vt 0.354736 0.895752
vt 0.354736 0.892578
vt 0.358398 0.888672
vt 0.362549 0.894531
vt 0.362305 0.891846
vt 0.364746 0.888916
vt 0.368408 0.892578
vt 0.371826 0.890625
vt 0.372314 0.895020
vt 0.369141 0.895020
vt 0.361572 0.898438
vt 0.366455 0.897217
vt 0.368652 0.900146
vt 0.371094 0.895996
vt 0.376465 0.895264
vt 0.372559 0.898438
vt 0.376221 0.895508
vt 0.382080 0.904297
vt 0.389160 0.902100
vt 0.391602 0.907715
vt 0.375244 0.907227
vt 0.386475 0.909668
vt 0.392090 0.911133
vt 0.397461 0.908203
vt 0.395996 0.913330
vt 0.392578 0.917969
vt 0.385742 0.913818
vt 0.382812 0.918945
vt 0.367920 0.908447
vt 0.655029 0.342041
vt 0.665527 0.322021
vt 0.666016 0.350586
vt 0.641357 0.340088
vt 0.648926 0.351562
vt 0.664307 0.365723
vt 0.643799 0.365723
vt 0.678223 0.364746
vt 0.633057 0.354004
vt 0.639404 0.376465
vt 0.616943 0.364990
vt 0.680664 0.324707
vt 0.694092 0.324707
vt 0.689209 0.365723
vt 0.702148 0.364990
vt 0.708008 0.341797
vt 0.626221 0.348389
vt 0.613281 0.354248
vt 0.601074 0.358154
vt 0.604492 0.371582
vt 0.608154 0.346191
vt 0.588867 0.366455
vt 0.631104 0.333008
vt 0.649414 0.319092
vt 0.614258 0.332520
vt 0.629150 0.312500
vt 0.596680 0.349121
vt 0.637207 0.315430
vt 0.597900 0.338623
vt 0.583008 0.354492
vt 0.586426 0.343750
vt 0.572510 0.360107
vt 0.572510 0.367920
vt 0.560791 0.364502
vt 0.574463 0.350586
vt 0.559570 0.355713
vt 0.553467 0.357178
vt 0.551025 0.366699
vt 0.544678 0.361084
vt 0.542236 0.357422
vt 0.551270 0.343018
vt 0.541748 0.346436
vt 0.534668 0.350586
vt 0.532959 0.365234
vt 0.528809 0.355957
vt 0.533203 0.341797
vt 0.533203 0.331299
vt 0.523438 0.347656
vt 0.517578 0.355469
vt 0.513916 0.353760
vt 0.525635 0.338623
vt 0.513672 0.344482
vt 0.509277 0.346436
vt 0.519775 0.335449
vt 0.515381 0.335693
vt 0.521729 0.323975
vt 0.509521 0.334961
vt 0.500000 0.352295
vt 0.501709 0.345215
vt 0.514160 0.317627
vt 0.508301 0.332031
vt 0.499756 0.339355
vt 0.490723 0.347412
vt 0.493408 0.341553
vt 0.519775 0.314453
vt 0.512207 0.314209
vt 0.502441 0.327637
vt 0.497070 0.331787
vt 0.487549 0.336914
vt 0.487061 0.345947
vt 0.499023 0.324219
vt 0.489502 0.323730
vt 0.507080 0.310303
vt 0.493164 0.313721
vt 0.504883 0.304688
vt 0.510254 0.297607
vt 0.496826 0.301514
vt 0.479736 0.314209
vt 0.509766 0.290527
vt 0.514893 0.300781
vt 0.518799 0.286133
vt 0.520020 0.294922
vt 0.520264 0.301270
vt 0.526855 0.287354
vt 0.530029 0.291992
vt 0.530273 0.276123
vt 0.532959 0.276367
vt 0.525391 0.311279
vt 0.534180 0.291992
vt 0.536621 0.308838
vt 0.538330 0.279053
vt 0.544678 0.291016
vt 0.538086 0.276367
vt 0.535400 0.319580
vt 0.543701 0.318604
vt 0.550537 0.310059
vt 0.562744 0.332275
vt 0.568359 0.340820
vt 0.580322 0.329102
vt 0.566650 0.309570
vt 0.558350 0.298584
vt 0.571777 0.292969
vt 0.581299 0.293457
vt 0.566895 0.289551
vt 0.560547 0.287109
vt 0.590332 0.302979
vt 0.603027 0.310059
vt 0.604980 0.297363
vt 0.615967 0.313965
vt 0.619629 0.306152
vt 0.624512 0.301758
vt 0.636963 0.304443
vt 0.607422 0.294922
vt 0.594482 0.294678
vt 0.628906 0.284668
vt 0.602783 0.275391
vt 0.590088 0.286865
vt 0.576660 0.275879
vt 0.589111 0.269287
vt 0.567139 0.280762
vt 0.561279 0.276367
vt 0.552490 0.282471
vt 0.554443 0.266357
vt 0.541748 0.277344
vt 0.542969 0.265869
vt 0.566650 0.265869
vt 0.549316 0.260254
vt 0.577393 0.266113
vt 0.558105 0.256592
vt 0.579834 0.252930
vt 0.588135 0.254883
vt 0.569092 0.248535
vt 0.600098 0.230957
vt 0.609863 0.233154
vt 0.580811 0.232422
vt 0.595947 0.257568
vt 0.616699 0.241455
vt 0.603760 0.263672
vt 0.611572 0.254639
vt 0.624512 0.252197
vt 0.631836 0.231445
vt 0.617920 0.265137
vt 0.644043 0.270508
vt 0.639648 0.256104
vt 0.647705 0.243652
vt 0.648926 0.254395
vt 0.656006 0.263916
vt 0.662109 0.250244
vt 0.638428 0.291992
vt 0.667480 0.250977
vt 0.653564 0.280762
vt 0.667725 0.274170
vt 0.680420 0.252686
vt 0.663086 0.286133
vt 0.677979 0.278564
vt 0.689697 0.261230
vt 0.672607 0.291016
vt 0.646973 0.304688
vt 0.657715 0.308105
vt 0.653076 0.308350
vt 0.662354 0.311768
vt 0.680176 0.297607
vt 0.678467 0.313721
vt 0.687744 0.314209
vt 0.688721 0.300049
vt 0.689453 0.286133
vt 0.696045 0.312256
vt 0.696533 0.269287
vt 0.714355 0.265381
vt 0.709229 0.275146
vt 0.704346 0.285645
vt 0.714600 0.291748
vt 0.702881 0.316650
vt 0.714111 0.317139
vt 0.723389 0.342041
vt 0.049805 0.518311
vt 0.051025 0.533203
vt 0.042969 0.531006
vt 0.036621 0.518555
vt 0.059326 0.526367
vt 0.041016 0.504150
vt 0.057617 0.505371
vt 0.059082 0.512939
vt 0.037842 0.489502
vt 0.065186 0.515869
vt 0.070801 0.529053
vt 0.066650 0.506348
vt 0.075928 0.517334
vt 0.078369 0.527100
vt 0.093994 0.515381
vt 0.093750 0.525146
vt 0.079346 0.507568
vt 0.092529 0.508057
vt 0.083008 0.481934
vt 0.094727 0.485107
vt 0.103271 0.500732
vt 0.062988 0.496094
vt 0.051758 0.485596
vt 0.071045 0.475098
vt 0.044434 0.474121
vt 0.031738 0.477783
vt 0.060059 0.467529
vt 0.041748 0.463623
vt 0.034912 0.457764
vt 0.045166 0.453613
vt 0.062988 0.459961
vt 0.036865 0.442627
vt 0.031738 0.441162
vt 0.036133 0.427490
vt 0.048096 0.436035
vt 0.060059 0.444336
vt 0.072510 0.436279
vt 0.078125 0.456543
vt 0.084473 0.448730
vt 0.076660 0.435303
vt 0.084717 0.464844
vt 0.088135 0.455566
vt 0.093506 0.466064
vt 0.093994 0.456543
vt 0.087646 0.452148
vt 0.087891 0.439209
vt 0.080566 0.432373
vt 0.102783 0.482422
vt 0.112549 0.480713
vt 0.117432 0.494629
vt 0.102051 0.466797
vt 0.119141 0.462158
vt 0.109863 0.508057
vt 0.119629 0.507812
vt 0.108643 0.519531
vt 0.109863 0.458740
vt 0.115723 0.455566
vt 0.099609 0.459229
vt 0.111084 0.454834
vt 0.111572 0.449463
vt 0.114746 0.449463
vt 0.099609 0.451416
vt 0.099609 0.454590
vt 0.095215 0.452637
vt 0.097168 0.447754
vt 0.093750 0.446289
vt 0.097656 0.441406
vt 0.091553 0.449219
vt 0.087891 0.446045
vt 0.092529 0.443359
vt 0.092529 0.437744
vt 0.097656 0.430176
vt 0.088135 0.432129
vt 0.088623 0.435059
vt 0.082520 0.430908
vt 0.346680 0.802734
vt 0.326904 0.802979
vt 0.332520 0.792236
vt 0.353516 0.796875
vt 0.323730 0.787109
vt 0.313721 0.800537
vt 0.333740 0.782227
vt 0.311523 0.787842
vt 0.303467 0.800293
vt 0.322266 0.781006
vt 0.299072 0.784424
vt 0.291992 0.798828
vt 0.310303 0.780273
vt 0.286133 0.782715
vt 0.276855 0.805176
vt 0.302246 0.776123
vt 0.282715 0.777588
vt 0.312744 0.774658
vt 0.305420 0.770264
vt 0.288330 0.770020
vt 0.296143 0.764893
vt 0.325684 0.773926
vt 0.315918 0.767578
vt 0.309082 0.763916
vt 0.310303 0.755859
vt 0.291260 0.757324
vt 0.322754 0.760498
vt 0.316895 0.751465
vt 0.335693 0.752930
vt 0.332275 0.766846
vt 0.345215 0.758789
vt 0.343506 0.774902
vt 0.352783 0.784912
vt 0.359863 0.782471
vt 0.353516 0.769531
vt 0.357422 0.759521
vt 0.364014 0.791016
vt 0.375244 0.809814
vt 0.371094 0.794189
vt 0.385498 0.804199
vt 0.367188 0.778076
vt 0.376221 0.762939
vt 0.379883 0.774414
vt 0.381592 0.788574
vt 0.402588 0.802490
vt 0.402100 0.810059
vt 0.416504 0.805176
vt 0.391357 0.785400
vt 0.412842 0.794922
vt 0.401611 0.777100
vt 0.398438 0.765625
vt 0.424805 0.799561
vt 0.428223 0.808105
vt 0.436279 0.803711
vt 0.411865 0.774414
vt 0.428223 0.772461
vt 0.437256 0.793945
vt 0.442383 0.806396
vt 0.417969 0.762451
vt 0.447754 0.798096
vt 0.446777 0.809082
vt 0.439941 0.772705
vt 0.430908 0.763916
vt 0.450195 0.788086
vt 0.455322 0.798340
vt 0.457520 0.803955
vt 0.463623 0.801270
vt 0.457031 0.793701
vt 0.454834 0.777588
vt 0.463379 0.792969
vt 0.467773 0.799805
vt 0.467285 0.794434
vt 0.474365 0.803711
vt 0.470947 0.793457
vt 0.445068 0.765381
vt 0.464111 0.782959
vt 0.431885 0.752441
vt 0.470703 0.790283
vt 0.477539 0.795898
vt 0.477539 0.791016
vt 0.468994 0.779785
vt 0.478760 0.788086
vt 0.484619 0.795166
vt 0.486084 0.792969
vt 0.477783 0.784424
vt 0.463379 0.771240
vt 0.457520 0.769531
vt 0.460205 0.762695
vt 0.452881 0.753662
vt 0.454834 0.769043
vt 0.449219 0.756104
vt 0.451660 0.746826
vt 0.445068 0.746582
vt 0.453613 0.736328
vt 0.446289 0.754395
vt 0.448730 0.765625
vt 0.439941 0.752686
vt 0.439941 0.745605
vt 0.445312 0.735840
vt 0.444824 0.726074
vt 0.441406 0.725342
vt 0.436035 0.724854
vt 0.436523 0.745850
vt 0.429443 0.739014
vt 0.431152 0.730225
vt 0.435547 0.711914
vt 0.420166 0.745117
vt 0.429443 0.722168
vt 0.426514 0.734619
vt 0.420166 0.740234
vt 0.419434 0.737549
vt 0.423340 0.754639
vt 0.406250 0.755615
vt 0.410156 0.747070
vt 0.410400 0.742676
vt 0.401123 0.752197
vt 0.400879 0.748535
vt 0.391357 0.753906
vt 0.390625 0.759766
vt 0.383301 0.755371
vt 0.395264 0.744141
vt 0.370850 0.757812
vt 0.387939 0.733887
vt 0.383301 0.735596
vt 0.362793 0.747803
vt 0.393799 0.731445
vt 0.389160 0.730225
vt 0.400146 0.728271
vt 0.394531 0.728760
vt 0.405762 0.725098
vt 0.398926 0.725586
vt 0.392090 0.706055
vt 0.397705 0.707275
vt 0.403320 0.681641
vt 0.403809 0.700195
vt 0.409668 0.697021
vt 0.408203 0.720215
vt 0.386719 0.707764
vt 0.392090 0.680420
vt 0.380615 0.732910
vt 0.379639 0.711426
vt 0.380615 0.684326
vt 0.374756 0.686768
vt 0.372803 0.732666
vt 0.373047 0.711670
vt 0.366455 0.689453
vt 0.361328 0.727051
vt 0.377930 0.734863
vt 0.367432 0.730713
vt 0.371094 0.734863
vt 0.372314 0.745850
vt 0.366943 0.733398
vt 0.361084 0.731445
vt 0.356201 0.730713
vt 0.361328 0.734131
vt 0.354004 0.745117
vt 0.351074 0.732178
vt 0.040283 0.312012
vt 0.045166 0.320557
vt 0.031494 0.309814
vt 0.052734 0.326172
vt 0.054199 0.320068
vt 0.045166 0.325928
vt 0.033447 0.318115
vt 0.057129 0.322510
vt 0.045166 0.333984
vt 0.052734 0.333252
vt 0.057373 0.332520
vt 0.052490 0.341553
vt 0.039795 0.339355
vt 0.050049 0.347412
vt 0.057861 0.343994
vt 0.054688 0.353760
vt 0.062744 0.342529
vt 0.074951 0.351318
vt 0.070801 0.332764
vt 0.080078 0.336182
vt 0.065430 0.328613
vt 0.087646 0.339111
vt 0.089600 0.352539
vt 0.059814 0.323975
vt 0.066162 0.323730
vt 0.059570 0.320068
vt 0.077393 0.359131
vt 0.068604 0.359863
vt 0.091553 0.367188
vt 0.093750 0.356934
vt 0.074707 0.367432
vt 0.060059 0.365967
vt 0.052246 0.374268
vt 0.046387 0.368408
vt 0.099365 0.362549
vt 0.101562 0.355713
vt 0.103271 0.357910
vt 0.095947 0.378418
vt 0.044434 0.379150
vt 0.039062 0.377686
vt 0.031494 0.407959
vt 0.038330 0.415039
vt 0.048584 0.392090
vt 0.045654 0.414307
vt 0.053467 0.411377
vt 0.058838 0.385986
vt 0.063965 0.404541
vt 0.069336 0.382324
vt 0.069580 0.412109
vt 0.074951 0.410889
vt 0.077393 0.391357
vt 0.086914 0.407715
vt 0.080322 0.380127
vt 0.087402 0.385986
vt 0.090332 0.384521
vt 0.094482 0.390625
vt 0.092529 0.401123
vt 0.086426 0.413330
vt 0.095703 0.405518
vt 0.335205 0.946777
vt 0.339844 0.943115
vt 0.343750 0.945801
vt 0.348145 0.943359
vt 0.332275 0.935547
vt 0.344482 0.934326
vt 0.347656 0.950195
vt 0.340088 0.950439
vt 0.354248 0.946289
vt 0.353027 0.937988
vt 0.351562 0.930908
vt 0.343994 0.926270
vt 0.349365 0.924805
vt 0.353760 0.926758
vt 0.358154 0.933594
vt 0.379639 0.923584
vt 0.400146 0.931641
vt 0.395752 0.942383
vt 0.359131 0.941162
vt 0.385498 0.954834
vt 0.356934 0.951416
vt 0.349609 0.953857
vt 0.339355 0.957031
vt 0.347168 0.957764
vt 0.349121 0.959473
vt 0.377930 0.959229
vt 0.398438 0.960693
vt 0.370361 0.963867
vt 0.388916 0.969727
vt 0.384033 0.973145
vt 0.364258 0.972168
vt 0.373047 0.970215
vt 0.381104 0.985596
vt 0.772461 0.981934
vt 0.767822 0.972900
vt 0.784424 0.960938
vt 0.776611 0.954834
vt 0.791748 0.964355
vt 0.800537 0.950928
vt 0.793457 0.946777
vt 0.780762 0.938965
vt 0.786621 0.974854
vt 0.809326 0.960938
vt 0.792480 0.981445
vt 0.762695 0.997559
vt 0.762695 0.947998
vt 0.754883 0.990234
vt 0.757812 0.979980
vt 0.759766 0.970703
vt 0.748047 0.967529
vt 0.750000 0.976807
vt 0.751465 0.983154
vt 0.737549 0.992676
vt 0.713135 1.000000
vt 0.733398 0.986084
vt 0.739014 0.980957
vt 0.738037 0.972412
vt 0.727051 0.977783
vt 0.719727 0.988037
vt 0.714844 0.979980
vt 0.713867 0.963623
vt 0.697021 0.974121
vt 0.688721 0.980957
vt 0.731445 0.960693
vt 0.744629 0.957275
vt 0.736328 0.947510
vt 0.705811 0.947266
vt 0.706299 0.968262
vt 0.701172 0.950684
vt 0.693359 0.956543
vt 0.690674 0.959229
vt 0.693115 0.942383
vt 0.686279 0.958496
vt 0.677490 0.964355
vt 0.679199 0.946777
vt 0.683594 0.939697
vt 0.697998 0.928223
vt 0.705322 0.930664
vt 0.727051 0.908691
vt 0.722656 0.899902
vt 0.717529 0.933105
vt 0.748291 0.907227
vt 0.752686 0.932373
vt 0.737793 0.915527
vt 0.759277 0.921143
vt 0.772461 0.909180
vt 0.755615 0.910645
vt 0.755859 0.897461
vt 0.397949 0.373047
vt 0.396484 0.368652
vt 0.403564 0.375732
vt 0.399902 0.363281
vt 0.405762 0.369141
vt 0.390137 0.365723
vt 0.387451 0.359131
vt 0.396729 0.356445
vt 0.405518 0.362793
vt 0.385254 0.351074
vt 0.387695 0.370850
vt 0.378418 0.359619
vt 0.393066 0.375977
vt 0.405029 0.380859
vt 0.396484 0.381592
vt 0.378418 0.363281
vt 0.378418 0.373535
vt 0.381836 0.380859
vt 0.378662 0.384766
vt 0.397461 0.387695
vt 0.369629 0.378418
vt 0.371582 0.368408
vt 0.370850 0.359375
vt 0.370117 0.352295
vt 0.365967 0.364014
vt 0.366455 0.354492
vt 0.362793 0.367188
vt 0.362793 0.361572
vt 0.357422 0.374512
vt 0.338135 0.359131
vt 0.359619 0.356445
vt 0.338135 0.351562
vt 0.350586 0.348633
vt 0.341309 0.347656
vt 0.351562 0.344482
vt 0.345703 0.341797
vt 0.338379 0.340576
vt 0.358154 0.343018
vt 0.354492 0.338867
vt 0.358887 0.341064
vt 0.370361 0.341309
vt 0.373535 0.349121
vt 0.359131 0.338623
vt 0.381104 0.344238
vt 0.384521 0.332275
vt 0.391602 0.342285
vt 0.396240 0.349365
vt 0.406250 0.347168
vt 0.402832 0.339111
vt 0.399414 0.329834
vt 0.372314 0.334717
vt 0.393311 0.322754
vt 0.405762 0.321289
vt 0.405273 0.313477
vt 0.380859 0.326416
vt 0.390137 0.319336
vt 0.394043 0.302979
vt 0.370117 0.330322
vt 0.377441 0.324463
vt 0.360352 0.333252
vt 0.361084 0.330811
vt 0.353516 0.336914
vt 0.344727 0.336426
vt 0.357910 0.326416
vt 0.352783 0.332275
vt 0.340088 0.321533
vt 0.346924 0.313477
vt 0.353271 0.309570
vt 0.343262 0.309082
vt 0.359619 0.307617
vt 0.355469 0.300537
vt 0.368164 0.309082
vt 0.367432 0.318115
vt 0.378418 0.319824
vt 0.373535 0.311523
vt 0.385498 0.305420
vt 0.394775 0.291748
vt 0.379150 0.303223
vt 0.372314 0.306641
vt 0.387207 0.289795
vt 0.399902 0.283447
vt 0.367920 0.295410
vt 0.388428 0.284668
vt 0.365723 0.290527
vt 0.381348 0.279785
vt 0.393799 0.274658
vt 0.389648 0.268799
vt 0.360107 0.288086
vt 0.373535 0.276123
vt 0.381592 0.263916
vt 0.377441 0.261719
vt 0.345459 0.298340
vt 0.366455 0.275146
vt 0.349121 0.274414
vt 0.373047 0.259033
vt 0.380371 0.252686
vt 0.373535 0.236328
vt 0.359863 0.251953
vt 0.357666 0.270996
vt 0.353027 0.257324
vt 0.349609 0.245850
vt 0.358643 0.230713
vt 0.348145 0.238037
vt 0.345703 0.239746
vt 0.341553 0.228271
vt 0.344971 0.266357
vt 0.334717 0.250000
vt 0.335693 0.275635
vt 0.338867 0.290771
vt 0.329590 0.282715
vt 0.327148 0.264648
vt 0.325439 0.296143
vt 0.322754 0.285400
vt 0.329834 0.306641
vt 0.335205 0.304443
vt 0.339600 0.307861
vt 0.319580 0.294434
vt 0.318604 0.304688
vt 0.331787 0.315674
vt 0.334473 0.322754
vt 0.313721 0.316650
vt 0.309326 0.311279
vt 0.319580 0.321289
vt 0.304688 0.317627
vt 0.324707 0.326416
vt 0.312256 0.324951
vt 0.305420 0.321045
vt 0.295166 0.332275
vt 0.317383 0.330811
vt 0.301270 0.329834
vt 0.305664 0.332764
vt 0.301270 0.335693
vt 0.282959 0.333984
vt 0.290039 0.335938
vt 0.320801 0.333740
vt 0.327148 0.331299
vt 0.307617 0.335938
vt 0.324951 0.336670
vt 0.329102 0.335449
vt 0.333008 0.335693
vt 0.329102 0.343750
vt 0.331543 0.346191
vt 0.321777 0.344238
vt 0.327393 0.348145
vt 0.313232 0.340332
vt 0.308350 0.338867
vt 0.304688 0.340576
vt 0.313477 0.345703
vt 0.320068 0.347656
vt 0.322266 0.352295
vt 0.297852 0.341797
vt 0.318115 0.349609
vt 0.303955 0.345459
vt 0.328125 0.351562
vt 0.316895 0.354492
vt 0.312500 0.351318
vt 0.307861 0.348145
vt 0.313477 0.355957
vt 0.310791 0.352051
vt 0.304932 0.354248
vt 0.309082 0.360107
vt 0.301025 0.355713
vt 0.301025 0.362061
vt 0.294434 0.352783
vt 0.316406 0.359131
vt 0.309814 0.363525
vt 0.330811 0.352295
vt 0.335449 0.357666
vt 0.325928 0.358154
vt 0.314697 0.363037
vt 0.332764 0.360107
vt 0.321045 0.363281
vt 0.325439 0.370361
vt 0.336914 0.369385
vt 0.324219 0.376221
vt 0.334473 0.374268
vt 0.338379 0.382568
vt 0.346436 0.387939
vt 0.331055 0.389160
vt 0.353516 0.387451
vt 0.358643 0.389893
vt 0.340820 0.400635
vt 0.331543 0.400879
vt 0.331055 0.407715
vt 0.323730 0.403809
vt 0.343262 0.406982
vt 0.363281 0.395020
vt 0.368896 0.399658
vt 0.351318 0.410400
vt 0.375977 0.403320
vt 0.401367 0.394531
vt 0.402588 0.413330
vt 0.373047 0.413818
vt 0.400146 0.423340
vt 0.342773 0.412354
vt 0.352295 0.417236
vt 0.376465 0.425537
vt 0.394775 0.432617
vt 0.360352 0.427979
vt 0.385986 0.443604
vt 0.402832 0.445312
vt 0.387207 0.449463
vt 0.367432 0.443604
vt 0.350342 0.423584
vt 0.362549 0.445557
vt 0.343750 0.418457
vt 0.338379 0.435059
vt 0.362549 0.452393
vt 0.332520 0.429199
vt 0.332520 0.414551
vt 0.326172 0.423584
vt 0.324707 0.429932
vt 0.334961 0.440674
vt 0.319580 0.437012
vt 0.314453 0.432617
vt 0.327637 0.409668
vt 0.315674 0.424072
vt 0.320312 0.418457
vt 0.319092 0.406494
vt 0.309570 0.416992
vt 0.309570 0.428955
vt 0.307129 0.437500
vt 0.304199 0.432129
vt 0.307129 0.423584
vt 0.309326 0.404053
vt 0.321777 0.397461
vt 0.318359 0.391602
vt 0.298828 0.418701
vt 0.297852 0.427490
vt 0.296387 0.435547
vt 0.290771 0.429688
vt 0.295410 0.419189
vt 0.303223 0.405762
vt 0.293701 0.406494
vt 0.288574 0.412842
vt 0.298340 0.399170
vt 0.293213 0.398193
vt 0.301025 0.397217
vt 0.306641 0.396729
vt 0.294434 0.393311
vt 0.290039 0.397461
vt 0.301025 0.393311
vt 0.311035 0.393066
vt 0.310303 0.390137
vt 0.299805 0.387695
vt 0.290283 0.386963
vt 0.299072 0.382812
vt 0.295410 0.377197
vt 0.307861 0.381348
vt 0.302734 0.381348
vt 0.301514 0.371582
vt 0.289795 0.374512
vt 0.308350 0.371338
vt 0.293457 0.363037
vt 0.301758 0.366699
vt 0.293213 0.359375
vt 0.278564 0.359131
vt 0.285889 0.353271
vt 0.284668 0.353027
vt 0.280762 0.349854
vt 0.288818 0.346436
vt 0.291992 0.343262
vt 0.286133 0.345215
vt 0.295898 0.337891
vt 0.178955 0.215820
vt 0.194824 0.210449
vt 0.206055 0.221924
vt 0.197510 0.229004
vt 0.226318 0.216553
vt 0.244385 0.229736
vt 0.236572 0.234619
vt 0.212891 0.240479
vt 0.245605 0.198242
vt 0.193115 0.236084
vt 0.178711 0.224121
vt 0.191650 0.246582
vt 0.221191 0.256104
vt 0.241211 0.240479
vt 0.247803 0.255127
vt 0.251953 0.239746
vt 0.252930 0.248047
vt 0.218506 0.263428
vt 0.181641 0.257324
vt 0.248779 0.261230
vt 0.213379 0.282471
vt 0.177246 0.273926
vt 0.249756 0.271240
vt 0.215088 0.302246
vt 0.257080 0.262451
vt 0.264648 0.256592
vt 0.270752 0.258789
vt 0.266846 0.248291
vt 0.264893 0.238525
vt 0.263428 0.270996
vt 0.257324 0.286621
vt 0.275146 0.249023
vt 0.276855 0.270508
vt 0.271484 0.282959
vt 0.279297 0.258789
vt 0.284668 0.279785
vt 0.273682 0.293945
vt 0.285889 0.270020
vt 0.292480 0.282471
vt 0.254395 0.302979
vt 0.234131 0.308594
vt 0.214355 0.319580
vt 0.230713 0.325195
vt 0.244141 0.316162
vt 0.276611 0.300781
vt 0.289551 0.291748
vt 0.252441 0.318359
vt 0.230469 0.341064
vt 0.254395 0.324463
vt 0.291016 0.301270
vt 0.307861 0.290039
vt 0.303955 0.271484
vt 0.318359 0.266113
vt 0.294678 0.267578
vt 0.323486 0.235107
vt 0.329346 0.234375
vt 0.288330 0.259277
vt 0.299316 0.251465
vt 0.289551 0.247314
vt 0.314209 0.231445
vt 0.321533 0.224609
vt 0.345459 0.217041
vt 0.340820 0.207764
vt 0.314697 0.212402
vt 0.340332 0.198730
vt 0.331055 0.190918
vt 0.308105 0.195801
vt 0.342773 0.166992
vt 0.306641 0.214844
vt 0.298584 0.178955
vt 0.291748 0.224609
vt 0.296387 0.202393
vt 0.292969 0.189697
vt 0.283691 0.202637
vt 0.279053 0.241699
vt 0.273193 0.231445
vt 0.263916 0.225342
vt 0.276367 0.194092
vt 0.253906 0.211914
vt 0.266846 0.181885
vt 0.279541 0.183594
vt 0.253418 0.178955
vt 0.288818 0.169189
vt 0.319336 0.147705
vt 0.271484 0.168213
vt 0.285156 0.161133
vt 0.306396 0.122314
vt 0.293945 0.128906
vt 0.282471 0.146484
vt 0.266113 0.150391
vt 0.285156 0.127197
vt 0.291992 0.114014
vt 0.282715 0.122314
vt 0.285889 0.108154
vt 0.277344 0.117432
vt 0.253174 0.146484
vt 0.259033 0.163330
vt 0.254883 0.157471
vt 0.239502 0.159424
vt 0.244629 0.170654
vt 0.229248 0.163086
vt 0.216064 0.181152
vt 0.211670 0.162109
vt 0.187256 0.182861
vt 0.214844 0.189209
vt 0.191406 0.196045
vt 0.422852 0.152832
vt 0.416992 0.163818
vt 0.410645 0.152344
vt 0.433350 0.166260
vt 0.419678 0.178711
vt 0.439941 0.158691
vt 0.428955 0.139160
vt 0.437256 0.143311
vt 0.447266 0.142822
vt 0.456787 0.158203
vt 0.456543 0.138916
vt 0.452148 0.168701
vt 0.432129 0.181152
vt 0.432617 0.191406
vt 0.444824 0.193359
vt 0.447998 0.185547
vt 0.464600 0.185547
vt 0.470703 0.157715
vt 0.470947 0.171631
vt 0.473877 0.190918
vt 0.458740 0.197021
vt 0.481201 0.168945
vt 0.476074 0.143799
vt 0.466309 0.131104
vt 0.476562 0.134033
vt 0.488037 0.163086
vt 0.491211 0.145020
vt 0.483643 0.129639
vt 0.490723 0.180176
vt 0.483398 0.189209
vt 0.490967 0.187988
vt 0.497070 0.169189
vt 0.500244 0.180176
vt 0.501953 0.185303
vt 0.506592 0.185303
vt 0.500977 0.159668
vt 0.504883 0.177490
vt 0.510986 0.184082
vt 0.512207 0.180908
vt 0.514160 0.187012
vt 0.519043 0.182129
vt 0.510254 0.156006
vt 0.518555 0.174561
vt 0.524902 0.183838
vt 0.513184 0.189697
vt 0.502686 0.151611
vt 0.497314 0.136719
vt 0.493164 0.126221
vt 0.498291 0.127930
vt 0.502686 0.142578
vt 0.509521 0.148193
vt 0.508789 0.140381
vt 0.503662 0.129150
vt 0.509766 0.131592
vt 0.511719 0.147705
vt 0.515625 0.149170
vt 0.521240 0.152588
vt 0.515137 0.128174
vt 0.503174 0.119141
vt 0.518799 0.141602
vt 0.520752 0.124023
vt 0.516846 0.120850
vt 0.531494 0.136719
vt 0.533203 0.124756
vt 0.540039 0.127930
vt 0.544434 0.142090
vt 0.534424 0.150146
vt 0.523193 0.166260
vt 0.532471 0.168457
vt 0.542480 0.158936
vt 0.534424 0.178467
vt 0.546143 0.171143
vt 0.538574 0.185547
vt 0.528320 0.197266
vt 0.544678 0.179199
vt 0.554443 0.180176
vt 0.552979 0.187256
vt 0.541992 0.195068
vt 0.560791 0.191650
vt 0.553223 0.197021
vt 0.564209 0.184814
vt 0.570557 0.199219
vt 0.557617 0.169189
vt 0.550537 0.160645
vt 0.559814 0.154541
vt 0.552002 0.147217
vt 0.575684 0.191162
vt 0.581299 0.196533
vt 0.566650 0.166992
vt 0.578125 0.184082
vt 0.570312 0.176025
vt 0.567139 0.153320
vt 0.577148 0.167480
vt 0.575195 0.152588
vt 0.565430 0.139160
vt 0.586670 0.161133
vt 0.591797 0.184814
vt 0.587646 0.202637
vt 0.594238 0.200928
vt 0.602783 0.198975
vt 0.603027 0.183594
vt 0.599365 0.172852
vt 0.612793 0.176270
vt 0.606201 0.212891
vt 0.611084 0.201904
vt 0.597412 0.152832
vt 0.582275 0.149170
vt 0.581299 0.137207
vt 0.607666 0.151367
vt 0.592529 0.138672
vt 0.601318 0.131836
vt 0.586426 0.116455
vt 0.580566 0.120605
vt 0.574951 0.122314
vt 0.568848 0.121582
vt 0.572998 0.135986
vt 0.558105 0.127441
vt 0.563965 0.117432
vt 0.557617 0.138672
vt 0.548096 0.127930
vt 0.551758 0.120850
vt 0.541260 0.120850
vt 0.925293 0.846436
vt 0.961426 0.838379
vt 0.960693 0.845947
vt 0.931885 0.854004
vt 0.915039 0.855957
vt 0.939209 0.859619
vt 0.962158 0.851318
vt 0.927002 0.861328
vt 0.945068 0.865234
vt 0.968750 0.858154
vt 0.922119 0.865479
vt 0.950195 0.871094
vt 0.910400 0.863525
vt 0.902100 0.860107
vt 0.935303 0.873291
vt 0.916992 0.872070
vt 0.903809 0.869385
vt 0.892090 0.873779
vt 0.892090 0.862305
vt 0.902100 0.877686
vt 0.882080 0.866943
vt 0.910889 0.879639
vt 0.894287 0.882080
vt 0.886475 0.886475
vt 0.899170 0.901855
vt 0.909424 0.892090
vt 0.922363 0.889160
vt 0.915283 0.904053
vt 0.925537 0.900635
vt 0.939941 0.897217
vt 0.930176 0.882080
vt 0.938721 0.887939
vt 0.944580 0.880371
vt 0.953369 0.883789
vt 0.955811 0.894775
vt 0.970947 0.890381
vt 0.970215 0.884033
vt 0.969238 0.875732
vt 0.968262 0.868896
vt 0.036621 0.124023
vt 0.042969 0.135010
vt 0.037354 0.132568
vt 0.034180 0.134521
vt 0.049561 0.132324
vt 0.037842 0.159668
vt 0.048096 0.141113
vt 0.044189 0.157959
vt 0.043945 0.177002
vt 0.033691 0.178711
vt 0.050049 0.155518
vt 0.041016 0.184814
vt 0.032471 0.181885
vt 0.037842 0.187012
vt 0.042236 0.194580
vt 0.051514 0.172119
vt 0.052979 0.190186
vt 0.047852 0.197266
vt 0.044678 0.200195
vt 0.049805 0.207520
vt 0.045654 0.207275
vt 0.045410 0.216553
vt 0.056152 0.175049
vt 0.058838 0.212158
vt 0.055908 0.215332
vt 0.048340 0.221924
vt 0.038574 0.225342
vt 0.054199 0.219482
vt 0.056885 0.220703
vt 0.051270 0.223877
vt 0.043457 0.226074
vt 0.060059 0.217773
vt 0.052490 0.230225
vt 0.047852 0.230957
vt 0.049805 0.232422
vt 0.062256 0.213623
vt 0.070312 0.210449
vt 0.069092 0.208008
vt 0.072998 0.203857
vt 0.064697 0.207275
vt 0.072021 0.200684
vt 0.079834 0.198730
vt 0.067383 0.204590
vt 0.079102 0.196533
vt 0.068604 0.195068
vt 0.062012 0.182373
vt 0.076416 0.189697
vt 0.086182 0.194336
vt 0.089355 0.190918
vt 0.064209 0.175537
vt 0.081055 0.176514
vt 0.089844 0.174805
vt 0.098877 0.174072
vt 0.070312 0.166748
vt 0.063232 0.157227
vt 0.056885 0.150879
vt 0.078369 0.164062
vt 0.091064 0.168213
vt 0.071045 0.154297
vt 0.083252 0.155273
vt 0.098633 0.158203
vt 0.091064 0.153564
vt 0.076904 0.146484
vt 0.065430 0.146484
vt 0.101807 0.158203
vt 0.103516 0.174561
vt 0.101562 0.150391
vt 0.091309 0.146729
vt 0.105957 0.157227
vt 0.108887 0.167236
vt 0.105713 0.175293
vt 0.108154 0.161377
vt 0.091797 0.135254
vt 0.107178 0.151611
vt 0.106201 0.136475
vt 0.103027 0.139893
vt 0.106201 0.125977
vt 0.100586 0.138428
vt 0.102051 0.127441
vt 0.103760 0.117676
vt 0.110107 0.111328
vt 0.095459 0.129883
vt 0.094238 0.120850
vt 0.107666 0.108398
vt 0.086914 0.125000
vt 0.091064 0.108887
vt 0.078857 0.115479
vt 0.076904 0.125977
vt 0.072266 0.118164
vt 0.083496 0.130859
vt 0.079590 0.136963
vt 0.066650 0.126465
vt 0.065674 0.116211
vt 0.076660 0.132812
vt 0.070312 0.137939
vt 0.055420 0.133301
vt 0.061035 0.136475
vt 0.043701 0.117920
vt 0.005371 0.573486
vt 0.010986 0.559326
vt 0.019043 0.588379
vt 0.824463 0.840088
vt 0.844482 0.835205
vt 0.849854 0.844971
vt 0.836426 0.848389
vt 0.849854 0.854004
vt 0.856934 0.858887
vt 0.848145 0.858398
vt 0.850098 0.866943
vt 0.838379 0.857178
vt 0.825439 0.845703
vt 0.825684 0.851562
vt 0.826904 0.855957
vt 0.822266 0.840820
vt 0.822998 0.844727
vt 0.823730 0.850830
vt 0.822510 0.856689
vt 0.812744 0.846680
vt 0.818115 0.837402
vt 0.818604 0.835449
vt 0.814941 0.829102
vt 0.783936 0.828369
vt 0.788086 0.832764
vt 0.798584 0.840088
vt 0.802246 0.846924
vt 0.772949 0.824463
vt 0.805664 0.855713
vt 0.782959 0.854492
vt 0.791504 0.863770
vt 0.814941 0.864258
vt 0.794922 0.870117
vt 0.823730 0.861328
vt 0.820801 0.868896
vt 0.826416 0.860352
vt 0.823486 0.869873
vt 0.838379 0.866455
vt 0.834961 0.873047
vt 0.820557 0.877441
vt 0.817383 0.876465
vt 0.787354 0.879395
vt 0.829590 0.884766
vt 0.849121 0.877197
vt 0.857910 0.872803
vt 0.817871 0.882568
vt 0.845459 0.885742
vt 0.815186 0.881348
vt 0.849854 0.887451
vt 0.841309 0.894043
vt 0.824219 0.890381
vt 0.815186 0.887207
vt 0.812256 0.885742
vt 0.797119 0.884277
vt 0.781738 0.886475
vt 0.809082 0.891113
vt 0.805176 0.894287
vt 0.775635 0.892822
vt 0.810791 0.893555
vt 0.803467 0.899658
vt 0.791748 0.906006
vt 0.805908 0.900635
vt 0.821045 0.896973
vt 0.780518 0.912598
vt 0.790283 0.915283
vt 0.794678 0.916748
vt 0.800781 0.906494
vt 0.799805 0.911133
vt 0.791504 0.921143
vt 0.806396 0.924805
vt 0.803467 0.930908
vt 0.812500 0.934082
vt 0.809570 0.919678
vt 0.819580 0.925781
vt 0.815674 0.936279
vt 0.816162 0.903076
vt 0.828857 0.914307
vt 0.822754 0.927002
vt 0.833984 0.907959
vt 0.837402 0.902344
vt 0.840332 0.901855
vt 0.829102 0.919189
vt 0.825439 0.930176
vt 0.815918 0.939941
vt 0.826904 0.930664
vt 0.833252 0.922607
vt 0.841309 0.911377
vt 0.843506 0.917480
vt 0.848877 0.910400
vt 0.851807 0.896729
vt 0.860107 0.906982
vt 0.856201 0.915283
vt 0.863037 0.893555
vt 0.869385 0.907227
vt 0.862061 0.869629
vt 0.865479 0.857666
vt 0.877197 0.881836
vt 0.877197 0.891113
vt 0.881348 0.906494
vt 0.877686 0.909912
vt 0.892578 0.905762
vt 0.896973 0.906982
vt 0.103516 0.000000
vt 0.129395 0.021973
vt 0.122314 0.040527
vt 0.134766 0.038086
vt 0.093994 0.017334
vt 0.068359 0.007324
vt 0.109619 0.045410
vt 0.074219 0.024658
vt 0.053223 0.025391
vt 0.082520 0.050537
vt 0.106689 0.080322
vt 0.085938 0.075195
vt 0.062744 0.037842
vt 0.057373 0.045410
vt 0.045654 0.034180
vt 0.073730 0.072266
vt 0.080322 0.084961
vt 0.053955 0.051758
vt 0.066895 0.076416
vt 0.062500 0.083984
vt 0.055420 0.067383
vt 0.042725 0.043701
vt 0.034424 0.033691
vt 0.053711 0.082520
vt 0.052734 0.098389
vt 0.038818 0.048584
vt 0.024414 0.040771
vt 0.025879 0.030518
vt 0.043945 0.068604
vt 0.045654 0.083496
vt 0.044922 0.097412
vt 0.033691 0.088867
vt 0.038818 0.099609
vt 0.588379 0.844727
vt 0.609375 0.848877
vt 0.598633 0.858154
vt 0.589355 0.866455
vt 0.596191 0.868408
vt 0.577393 0.852783
vt 0.601562 0.863281
vt 0.608154 0.856934
vt 0.612549 0.875244
vt 0.607666 0.886719
vt 0.628662 0.893311
vt 0.618896 0.896484
vt 0.640137 0.909912
vt 0.630127 0.884277
vt 0.645996 0.905518
vt 0.655762 0.937012
vt 0.637695 0.920166
vt 0.653809 0.947998
vt 0.659424 0.931396
vt 0.651367 0.903564
vt 0.666748 0.923096
vt 0.669678 0.915527
vt 0.635498 0.878662
vt 0.658447 0.897217
vt 0.614014 0.852051
vt 0.638672 0.869629
vt 0.618164 0.848389
vt 0.665039 0.892822
vt 0.676514 0.906494
vt 0.676514 0.936035
vt 0.658691 0.874512
vt 0.672607 0.889893
vt 0.687500 0.903809
vt 0.689453 0.926514
vt 0.640869 0.862549
vt 0.666748 0.871826
vt 0.646484 0.857666
vt 0.627197 0.840576
vt 0.649902 0.849121
vt 0.678711 0.886719
vt 0.671387 0.867676
vt 0.684814 0.882812
vt 0.694824 0.895752
vt 0.698242 0.912109
vt 0.695312 0.881836
vt 0.709961 0.903809
vt 0.709961 0.893311
vt 0.686279 0.874512
vt 0.704834 0.877930
vt 0.715820 0.892334
vt 0.694580 0.867432
vt 0.706299 0.868896
vt 0.732666 0.890869
vt 0.724365 0.872803
vt 0.676758 0.860352
vt 0.709229 0.862793
vt 0.699951 0.856445
vt 0.680664 0.853516
vt 0.709473 0.851562
vt 0.720703 0.857422
vt 0.736816 0.876221
vt 0.730713 0.856934
vt 0.717041 0.847168
vt 0.737793 0.854736
vt 0.695312 0.829834
vt 0.683838 0.839355
vt 0.686768 0.832275
vt 0.678467 0.801270
vt 0.722168 0.846191
vt 0.746582 0.852783
vt 0.727051 0.843750
vt 0.725586 0.838867
vt 0.735352 0.841064
vt 0.757568 0.851562
vt 0.760498 0.847168
vt 0.735840 0.835693
vt 0.759033 0.839844
vt 0.755859 0.829346
vt 0.780518 0.838623
vt 0.745117 0.833008
vt 0.741211 0.826904
vt 0.753174 0.824219
vt 0.736084 0.812744
vt 0.742676 0.806396
vt 0.728760 0.817871
vt 0.722168 0.821289
vt 0.732666 0.791748
vt 0.741455 0.792480
vt 0.727539 0.799805
vt 0.718994 0.804688
vt 0.714355 0.824463
vt 0.712158 0.808594
vt 0.706055 0.827881
vt 0.707520 0.809814
vt 0.700928 0.788818
vt 0.698486 0.815918
vt 0.691650 0.793457
vt 0.685059 0.797607
vt 0.688477 0.792480
vt 0.678955 0.797607
vt 0.675293 0.802002
vt 0.681152 0.791992
vt 0.667480 0.807373
vt 0.671143 0.801025
vt 0.661133 0.812500
vt 0.660156 0.807617
vt 0.656982 0.815186
vt 0.672363 0.841553
vt 0.647217 0.822998
vt 0.661377 0.847168
vt 0.648926 0.839355
vt 0.637695 0.830811
vt 0.648193 0.817871
vt 0.636230 0.828613
vt 0.625000 0.837646
vt 0.619629 0.837158
vt 0.628662 0.829590
vt 0.635986 0.822998
vt 0.616455 0.816162
vt 0.599121 0.832520
vt 0.609619 0.823242
vt 0.605225 0.819824
vt 0.622559 0.809814
vt 0.596191 0.831055
vt 0.592773 0.820801
vt 0.589600 0.834717
vt 0.619629 0.807373
vt 0.602783 0.808350
vt 0.577881 0.843750
vt 0.543457 0.828857
vt 0.574951 0.852051
vt 0.534424 0.846924
vt 0.631348 0.803467
vt 0.631592 0.799561
vt 0.624023 0.792725
vt 0.639648 0.792725
vt 0.645020 0.794922
vt 0.645264 0.815186
vt 0.647217 0.788086
vt 0.635986 0.777588
vt 0.659424 0.785645
vt 0.656738 0.782471
vt 0.645752 0.769775
vt 0.649170 0.758301
vt 0.662354 0.778809
vt 0.666992 0.774658
vt 0.666260 0.781494
vt 0.673584 0.777100
vt 0.671631 0.771240
vt 0.669678 0.740234
vt 0.675537 0.739502
vt 0.677734 0.772705
vt 0.680908 0.766357
vt 0.688232 0.761963
vt 0.693115 0.785156
vt 0.684082 0.768799
vt 0.689453 0.764893
vt 0.684326 0.735107
vt 0.699219 0.751465
vt 0.691650 0.726562
vt 0.696289 0.759521
vt 0.703125 0.779297
vt 0.697021 0.787354
vt 0.708984 0.746094
vt 0.712402 0.742188
vt 0.716064 0.747559
vt 0.706299 0.753174
vt 0.707275 0.781738
vt 0.711426 0.774658
vt 0.708984 0.784668
vt 0.714111 0.781738
vt 0.718750 0.776123
vt 0.720947 0.778320
vt 0.729248 0.773438
vt 0.737061 0.769531
vt 0.727783 0.770752
vt 0.732422 0.765137
vt 0.718750 0.771240
vt 0.726562 0.765869
vt 0.105957 0.729492
vt 0.117188 0.729736
vt 0.121826 0.743408
vt 0.110840 0.719727
vt 0.110840 0.750000
vt 0.097412 0.715820
vt 0.095947 0.729980
vt 0.104980 0.751465
vt 0.096191 0.750244
vt 0.100098 0.701660
vt 0.084473 0.731201
vt 0.088135 0.722656
vt 0.083496 0.750488
vt 0.090576 0.767578
vt 0.065918 0.757568
vt 0.074463 0.735352
vt 0.053955 0.730957
vt 0.027344 0.755615
vt 0.023682 0.746338
vt 0.080322 0.717773
vt 0.081787 0.701172
vt 0.068848 0.720215
vt 0.037842 0.731201
vt 0.027100 0.722412
vt 0.052979 0.696289
vt 0.041748 0.695801
vt 0.068359 0.697754
vt 0.048096 0.661133
vt 0.042236 0.665039
vt 0.034912 0.694580
vt 0.025391 0.637939
vt 0.060303 0.656250
vt 0.071045 0.659912
vt 0.067871 0.640625
vt 0.083008 0.664307
vt 0.086914 0.642334
vt 0.094238 0.654541
vt 0.088623 0.675293
vt 0.093750 0.697510
vt 0.104004 0.660889
vt 0.108643 0.645996
vt 0.110596 0.659912
vt 0.401367 0.155273
vt 0.405029 0.149170
vt 0.403809 0.161865
vt 0.400391 0.166260
vt 0.399902 0.146973
vt 0.394775 0.161865
vt 0.393311 0.176758
vt 0.397217 0.181885
vt 0.391602 0.158691
vt 0.403809 0.134033
vt 0.391113 0.169922
vt 0.390381 0.194824
vt 0.396729 0.191162
vt 0.391846 0.201416
vt 0.392578 0.209961
vt 0.393555 0.201904
vt 0.390137 0.208008
vt 0.391602 0.215820
vt 0.388184 0.189697
vt 0.389893 0.179443
vt 0.386963 0.175049
vt 0.389404 0.166016
vt 0.387451 0.185547
vt 0.381348 0.211426
vt 0.383789 0.197021
vt 0.378906 0.208496
vt 0.377441 0.217529
vt 0.381592 0.194824
vt 0.377686 0.205566
vt 0.384766 0.215332
vt 0.380859 0.219482
vt 0.384277 0.224854
vt 0.388916 0.217285
vt 0.388672 0.224365
vt 0.393799 0.238037
vt 0.391846 0.238525
vt 0.386475 0.229736
vt 0.384521 0.231934
vt 0.389404 0.240234
vt 0.387695 0.242920
vt 0.389648 0.254395
vt 0.377930 0.195801
vt 0.375488 0.200928
vt 0.380127 0.186523
vt 0.374268 0.190186
vt 0.370361 0.192627
vt 0.367676 0.198242
vt 0.363525 0.192383
vt 0.364746 0.187012
vt 0.372314 0.179932
vt 0.384277 0.183838
vt 0.380127 0.180420
vt 0.364990 0.181152
vt 0.354004 0.185059
vt 0.354248 0.191650
vt 0.349121 0.191162
vt 0.355713 0.178711
vt 0.349365 0.177734
vt 0.348145 0.170898
vt 0.364502 0.174316
vt 0.354248 0.170898
vt 0.348145 0.166016
vt 0.373535 0.174561
vt 0.360107 0.170654
vt 0.353271 0.164795
vt 0.347900 0.157715
vt 0.364990 0.167969
vt 0.363037 0.163818
vt 0.356934 0.158691
vt 0.381836 0.172363
vt 0.375244 0.169922
vt 0.367432 0.163086
vt 0.384277 0.164795
vt 0.379150 0.162109
vt 0.375244 0.158691
vt 0.367676 0.156494
vt 0.374756 0.149902
vt 0.361084 0.153320
vt 0.385986 0.154785
vt 0.395508 0.146484
vt 0.385986 0.147705
vt 0.401123 0.135986
vt 0.397705 0.134521
vt 0.387695 0.141846
vt 0.374756 0.137939
vt 0.365479 0.145508
vt 0.387939 0.135010
vt 0.375488 0.131592
vt 0.403076 0.124023
vt 0.388916 0.129395
vt 0.400635 0.120850
vt 0.406982 0.124023
vt 0.406494 0.110352
vt 0.389893 0.120361
vt 0.384277 0.123779
vt 0.401855 0.113037
vt 0.402100 0.108154
vt 0.388428 0.113037
vt 0.378418 0.116455
vt 0.373291 0.123291
vt 0.381348 0.112549
vt 0.376465 0.106201
vt 0.370850 0.111572
vt 0.368164 0.105469
vt 0.359131 0.103027
vt 0.368652 0.118408
vt 0.357910 0.109131
vt 0.348633 0.104004
vt 0.350830 0.097168
vt 0.353027 0.115479
vt 0.363525 0.123047
vt 0.356445 0.123535
vt 0.347900 0.121826
vt 0.363037 0.130127
vt 0.357422 0.132568
vt 0.361572 0.139160
vt 0.354492 0.140625
vt 0.348877 0.130371
vt 0.340088 0.133301
vt 0.348145 0.136963
vt 0.344727 0.142822
vt 0.349609 0.144043
vt 0.345459 0.149170
vt 0.342285 0.153564
vt 0.351074 0.150635
vt 0.409912 0.145508
vt 0.411621 0.134521
vt 0.411133 0.127930
vt 0.416016 0.125732
vt 0.418457 0.130127
vt 0.421143 0.123291
vt 0.424316 0.114502
vt 0.417236 0.117432
vt 0.412598 0.114502
vt 0.413818 0.109131
vt 0.406250 0.101318
vt 0.419922 0.109131
vt 0.428223 0.107178
vt 0.421143 0.103516
vt 0.424561 0.096924
vt 0.425537 0.102783
vt 0.424072 0.099365
vt 0.427246 0.097656
vt 0.427734 0.102051
vt 0.441650 0.096436
vt 0.447266 0.089600
vt 0.439941 0.091064
vt 0.442627 0.086426
vt 0.414307 0.731201
vt 0.410889 0.720703
vt 0.421143 0.724121
vt 0.416260 0.717041
vt 0.413086 0.716553
vt 0.421631 0.712158
vt 0.416260 0.712891
vt 0.424561 0.710938
vt 0.419922 0.709961
vt 0.417236 0.694092
vt 0.415771 0.677490
vt 0.423340 0.707764
vt 0.421631 0.684814
vt 0.427002 0.684814
vt 0.427490 0.700195
vt 0.434082 0.691162
vt 0.433594 0.697510
vt 0.431152 0.699951
vt 0.427979 0.705811
vt 0.880859 0.657715
vt 0.889893 0.674072
vt 0.874756 0.671143
vt 0.891602 0.658203
vt 0.863281 0.646973
vt 0.881836 0.640869
vt 0.894287 0.643311
vt 0.898193 0.625000
vt 0.857666 0.668945
vt 0.869385 0.634521
vt 0.839355 0.646484
vt 0.839355 0.654541
vt 0.857666 0.629150
vt 0.831543 0.650879
vt 0.873779 0.623291
vt 0.831543 0.644287
vt 0.824463 0.642090
vt 0.822998 0.650879
vt 0.832520 0.632568
vt 0.819580 0.647949
vt 0.852539 0.620850
vt 0.839111 0.616699
vt 0.864990 0.607178
vt 0.881104 0.607666
vt 0.820068 0.625244
vt 0.894043 0.614014
vt 0.902832 0.618408
vt 0.916016 0.608398
vt 0.910889 0.600098
vt 0.821777 0.634277
vt 0.807861 0.627930
vt 0.804932 0.621338
vt 0.818359 0.642090
vt 0.797852 0.626465
vt 0.803711 0.632568
vt 0.815186 0.642334
vt 0.812256 0.650879
vt 0.808838 0.656982
vt 0.803955 0.657959
vt 0.811768 0.645752
vt 0.794189 0.655029
vt 0.800293 0.636963
vt 0.797852 0.632080
vt 0.797363 0.641113
vt 0.793701 0.636963
vt 0.792480 0.628418
vt 0.791992 0.623047
vt 0.788086 0.653564
vt 0.789062 0.665283
vt 0.785889 0.664551
vt 0.782959 0.678955
vt 0.780762 0.659912
vt 0.774414 0.649170
vt 0.788574 0.639404
vt 0.776855 0.638916
vt 0.787842 0.632080
vt 0.787109 0.630127
vt 0.771973 0.635498
vt 0.768555 0.638428
vt 0.767578 0.646729
vt 0.769531 0.659180
vt 0.764404 0.640625
vt 0.786377 0.624756
vt 0.770020 0.628662
vt 0.787109 0.619629
vt 0.771973 0.622803
vt 0.764893 0.619141
vt 0.762207 0.627441
vt 0.763184 0.633057
vt 0.757080 0.639893
vt 0.761475 0.643555
vt 0.757080 0.633545
vt 0.752441 0.641602
vt 0.752686 0.620850
vt 0.749268 0.634277
vt 0.748047 0.641357
vt 0.758301 0.606934
vt 0.741699 0.642822
vt 0.733643 0.608643
vt 0.739258 0.634521
vt 0.715820 0.637451
vt 0.733887 0.617920
vt 0.719971 0.608887
vt 0.725098 0.623779
vt 0.719238 0.596191
vt 0.710449 0.627686
vt 0.703369 0.630127
vt 0.706055 0.618408
vt 0.696045 0.615234
vt 0.705078 0.610352
vt 0.689209 0.600830
vt 0.704346 0.598145
vt 0.708252 0.589844
vt 0.687012 0.592041
vt 0.558838 0.243164
vt 0.566650 0.228271
vt 0.579102 0.219238
vt 0.549316 0.252930
vt 0.552246 0.243164
vt 0.542725 0.252197
vt 0.561768 0.223633
vt 0.562256 0.216064
vt 0.554199 0.228271
vt 0.558838 0.218506
vt 0.556885 0.217285
vt 0.547607 0.239502
vt 0.552246 0.227783
vt 0.551758 0.218994
vt 0.542480 0.237305
vt 0.542969 0.229248
vt 0.548584 0.214111
vt 0.539307 0.238770
vt 0.540771 0.221436
vt 0.544434 0.208740
vt 0.535156 0.236816
vt 0.535889 0.247559
vt 0.529297 0.232910
vt 0.533203 0.220703
vt 0.536377 0.198486
vt 0.525146 0.213623
vt 0.528809 0.247559
vt 0.531250 0.259033
vt 0.535889 0.262451
vt 0.537598 0.263672
vt 0.526123 0.269775
vt 0.526855 0.256592
vt 0.521484 0.250244
vt 0.525635 0.271240
vt 0.517334 0.264404
vt 0.516357 0.281738
vt 0.503662 0.280518
vt 0.513672 0.252197
vt 0.519287 0.243896
vt 0.519043 0.228271
vt 0.510498 0.239014
vt 0.512939 0.224121
vt 0.516113 0.196045
vt 0.509033 0.197998
vt 0.504883 0.231445
vt 0.503906 0.208740
vt 0.498291 0.197021
vt 0.497070 0.217285
vt 0.503906 0.222656
vt 0.498535 0.229736
vt 0.489746 0.214844
vt 0.501709 0.244873
vt 0.486572 0.228027
vt 0.485840 0.210693
vt 0.467285 0.227295
vt 0.491699 0.239990
vt 0.473145 0.237305
vt 0.462891 0.231445
vt 0.465088 0.233398
vt 0.496582 0.253906
vt 0.485352 0.245361
vt 0.473633 0.241455
vt 0.509521 0.260742
vt 0.502197 0.258789
vt 0.492920 0.253662
vt 0.484375 0.246582
vt 0.455811 0.246582
vt 0.449707 0.239990
vt 0.475342 0.262207
vt 0.448242 0.261719
vt 0.438477 0.266113
vt 0.455078 0.270264
vt 0.445557 0.281494
vt 0.458008 0.281250
vt 0.470947 0.283447
vt 0.459229 0.293213
vt 0.493164 0.280273
vt 0.469238 0.300781
vt 0.496826 0.290771
vt 0.488525 0.300049
vt 0.460205 0.304443
vt 0.469482 0.315430
vt 0.476807 0.323975
vt 0.478516 0.333496
vt 0.475586 0.337891
vt 0.467285 0.322021
vt 0.455811 0.314209
vt 0.447998 0.300781
vt 0.464844 0.326904
vt 0.468750 0.336670
vt 0.453369 0.322021
vt 0.455078 0.327637
vt 0.444336 0.311279
vt 0.438721 0.316650
vt 0.437256 0.304443
vt 0.428711 0.314697
vt 0.427979 0.305664
vt 0.433594 0.296875
vt 0.439697 0.288086
vt 0.423584 0.295410
vt 0.422119 0.307129
vt 0.415527 0.293213
vt 0.424072 0.276367
vt 0.428711 0.285645
vt 0.436035 0.274414
vt 0.425049 0.265869
vt 0.228027 0.952637
vt 0.235107 0.959961
vt 0.222656 0.956055
vt 0.238037 0.955322
vt 0.244629 0.963867
vt 0.250732 0.958496
vt 0.226318 0.963135
vt 0.253174 0.964355
vt 0.259277 0.958984
vt 0.257568 0.969727
vt 0.252441 0.974854
vt 0.239746 0.965576
vt 0.243164 0.970215
vt 0.232178 0.966309
vt 0.237061 0.970703
vt 0.243408 0.977051
vt 0.224609 0.968506
vt 0.228760 0.971680
vt 0.214111 0.972168
vt 0.229980 0.974854
vt 0.237305 0.974609
vt 0.234619 0.980469
vt 0.247559 0.984131
vt 0.241211 0.984131
vt 0.254883 0.984863
vt 0.259521 0.988037
vt 0.246582 0.995117
vt 0.244873 0.989990
vt 0.238037 0.987793
vt 0.239014 0.993164
vt 0.236572 0.997070
vt 0.232666 0.991943
vt 0.229736 0.994629
vt 0.216064 0.987549
vt 0.229736 0.985107
vt 0.228271 0.980225
vt 0.214355 0.983887
vt 0.219727 0.977783
vt 0.212402 0.990234
vt 0.213867 0.993408
vt 0.210449 0.994629
vt 0.214111 0.978516
vt 0.204590 0.986816
vt 0.206055 0.991455
vt 0.199951 0.996826
vt 0.209229 0.997070
vt 0.195801 0.995361
vt 0.191895 1.000000
vt 0.188477 0.993652
vt 0.196533 0.987549
vt 0.185303 0.990479
vt 0.208008 0.980469
vt 0.200439 0.983643
vt 0.190430 0.984375
vt 0.209229 0.977539
vt 0.202637 0.978027
vt 0.208740 0.973145
vt 0.196045 0.977295
vt 0.210693 0.968018
vt 0.181152 0.989502
vt 0.173096 0.994873
vt 0.171143 0.991455
vt 0.178711 0.987549
vt 0.171387 0.989258
vt 0.183105 0.978760
vt 0.172607 0.984375
vt 0.168213 0.979980
vt 0.173096 0.978760
vt 0.172119 0.975830
vt 0.187744 0.973633
vt 0.201172 0.969727
vt 0.194336 0.968750
vt 0.207275 0.964844
vt 0.183838 0.971680
vt 0.185303 0.967773
vt 0.175049 0.968750
vt 0.190186 0.966064
vt 0.177490 0.959229
vt 0.202148 0.961914
vt 0.187500 0.959473
vt 0.183838 0.958496
vt 0.174316 0.954590
vt 0.170898 0.954590
vt 0.171631 0.951904
vt 0.190674 0.953613
vt 0.200439 0.956543
vt 0.184326 0.953125
vt 0.178955 0.950928
vt 0.185303 0.948975
vt 0.197998 0.948975
vt 0.197021 0.945068
vt 0.199707 0.952148
vt 0.204834 0.955322
vt 0.203125 0.948486
vt 0.203369 0.942871
vt 0.205811 0.949463
vt 0.199707 0.940674
vt 0.196289 0.942139
vt 0.197266 0.938721
vt 0.208496 0.956055
vt 0.212891 0.959961
vt 0.215332 0.951904
vt 0.215088 0.963379
vt 0.509033 0.952637
vt 0.508301 0.964111
vt 0.501953 0.962158
vt 0.501465 0.951416
vt 0.509033 0.946289
vt 0.497559 0.942139
vt 0.502197 0.936279
vt 0.514648 0.953369
vt 0.509277 0.938965
vt 0.504883 0.929443
vt 0.514893 0.944336
vt 0.517334 0.955811
vt 0.518066 0.967773
vt 0.531006 0.964355
vt 0.521973 0.951172
vt 0.533691 0.956055
vt 0.514648 0.928467
vt 0.506836 0.924561
vt 0.516846 0.937500
vt 0.523682 0.939697
vt 0.534668 0.947998
vt 0.542480 0.954102
vt 0.542969 0.942871
vt 0.529053 0.940918
vt 0.539551 0.941895
vt 0.536865 0.928711
vt 0.533936 0.933350
vt 0.541260 0.928223
vt 0.527588 0.932129
vt 0.531494 0.922363
vt 0.520752 0.931396
vt 0.525879 0.926270
vt 0.520020 0.922363
vt 0.525879 0.918213
vt 0.505859 0.919678
vt 0.510010 0.915771
vt 0.416748 0.386963
vt 0.414551 0.360352
vt 0.421143 0.388672
vt 0.423340 0.358887
vt 0.417236 0.411377
vt 0.423584 0.419678
vt 0.414307 0.433105
vt 0.430176 0.384766
vt 0.430420 0.357422
vt 0.435303 0.363281
vt 0.432373 0.395996
vt 0.416748 0.453369
vt 0.436523 0.398682
vt 0.432861 0.414551
vt 0.430908 0.440674
vt 0.450195 0.388428
vt 0.445068 0.355225
vt 0.461426 0.376221
vt 0.440186 0.410156
vt 0.454346 0.406738
vt 0.434570 0.448242
vt 0.430420 0.463135
vt 0.420654 0.483154
vt 0.411377 0.481445
vt 0.431152 0.490479
vt 0.433594 0.476074
vt 0.434082 0.507080
vt 0.426758 0.514648
vt 0.416748 0.490479
vt 0.436279 0.497803
vt 0.439453 0.538330
vt 0.427002 0.531006
vt 0.446045 0.553955
vt 0.441406 0.529785
vt 0.446289 0.542969
vt 0.457031 0.548584
vt 0.450684 0.569092
vt 0.445068 0.516113
vt 0.466553 0.549072
vt 0.454590 0.526367
vt 0.479980 0.569824
vt 0.487549 0.553711
vt 0.441895 0.487793
vt 0.480957 0.535400
vt 0.522705 0.546631
vt 0.504395 0.559570
vt 0.490967 0.521729
vt 0.451416 0.512939
vt 0.480713 0.505859
vt 0.449219 0.498779
vt 0.448486 0.485840
vt 0.442139 0.468018
vt 0.446045 0.449463
vt 0.447998 0.473389
vt 0.489502 0.490723
vt 0.466064 0.474609
vt 0.464600 0.458496
vt 0.444336 0.432861
vt 0.450195 0.431396
vt 0.468750 0.440430
vt 0.496338 0.459961
vt 0.470947 0.423828
vt 0.490234 0.423096
vt 0.482910 0.404053
vt 0.499756 0.442627
vt 0.508789 0.410156
vt 0.481934 0.382812
vt 0.459717 0.357910
vt 0.495605 0.395508
vt 0.505615 0.376221
vt 0.495850 0.360352
vt 0.520752 0.385498
vt 0.514160 0.363525
vt 0.524170 0.399658
vt 0.535889 0.394775
vt 0.542236 0.368408
vt 0.556152 0.380371
vt 0.535889 0.427734
vt 0.551025 0.408447
vt 0.575684 0.378418
vt 0.586426 0.387451
vt 0.563232 0.432617
vt 0.600098 0.387939
vt 0.519775 0.437012
vt 0.516846 0.452393
vt 0.536377 0.442627
vt 0.552002 0.447510
vt 0.540283 0.458252
vt 0.511230 0.467041
vt 0.500244 0.478271
vt 0.525391 0.476562
vt 0.511230 0.493408
vt 0.490967 0.508789
vt 0.522949 0.499023
vt 0.518066 0.508057
vt 0.526123 0.533203
vt 0.548340 0.526123
vt 0.539062 0.500732
vt 0.523926 0.562744
vt 0.530273 0.552490
vt 0.542969 0.547852
vt 0.558838 0.537598
vt 0.551270 0.548340
vt 0.573975 0.520264
vt 0.580811 0.539062
vt 0.594238 0.519531
vt 0.558594 0.508789
vt 0.587891 0.505127
vt 0.574951 0.493408
vt 0.551758 0.490479
vt 0.542480 0.482666
vt 0.574219 0.483643
vt 0.550049 0.469482
vt 0.554443 0.460449
vt 0.584961 0.488770
vt 0.583984 0.475342
vt 0.566650 0.453613
vt 0.583984 0.450439
vt 0.602539 0.478760
vt 0.601562 0.492920
vt 0.605469 0.503906
vt 0.622070 0.510986
vt 0.625732 0.500000
vt 0.617188 0.491211
vt 0.632324 0.488281
vt 0.640137 0.496094
vt 0.619629 0.477051
vt 0.598877 0.464111
vt 0.615723 0.467773
vt 0.637939 0.467285
vt 0.648193 0.475586
vt 0.662109 0.482422
vt 0.670166 0.463623
vt 0.689453 0.471924
vt 0.660400 0.450195
vt 0.653076 0.439697
vt 0.633057 0.459229
vt 0.635010 0.434082
vt 0.615967 0.458984
vt 0.617188 0.423584
vt 0.640869 0.417236
vt 0.600586 0.445068
vt 0.583740 0.437744
vt 0.612793 0.390869
vt 0.164795 0.540527
vt 0.167725 0.541504
vt 0.165771 0.555176
vt 0.162598 0.535645
vt 0.164062 0.557617
vt 0.170166 0.552246
vt 0.176758 0.566406
vt 0.176025 0.570557
vt 0.186279 0.577148
vt 0.156982 0.557861
vt 0.151123 0.548828
vt 0.191650 0.584473
vt 0.199951 0.588623
vt 0.172852 0.573975
vt 0.205322 0.595459
vt 0.185303 0.585693
vt 0.159668 0.566895
vt 0.149414 0.558838
vt 0.146484 0.565674
vt 0.140381 0.566650
vt 0.174805 0.582520
vt 0.157715 0.577393
vt 0.195801 0.593262
vt 0.187500 0.589600
vt 0.203613 0.599121
vt 0.144775 0.577148
vt 0.137695 0.570068
vt 0.138916 0.580078
vt 0.158447 0.586914
vt 0.218506 0.607422
vt 0.220459 0.604492
vt 0.221191 0.607422
vt 0.202148 0.601562
vt 0.216797 0.610352
vt 0.217529 0.612793
vt 0.225342 0.609375
vt 0.221436 0.615723
vt 0.215088 0.616211
vt 0.217285 0.623291
vt 0.213623 0.613037
vt 0.197021 0.610596
vt 0.188232 0.598389
vt 0.192139 0.605713
vt 0.179688 0.597656
vt 0.180908 0.609619
vt 0.188965 0.611816
vt 0.169678 0.588379
vt 0.166016 0.601318
vt 0.158691 0.593506
vt 0.155029 0.600586
vt 0.168945 0.610107
vt 0.134033 0.585205
vt 0.130127 0.574463
vt 0.150635 0.602783
vt 0.160156 0.613037
vt 0.128906 0.592041
vt 0.125732 0.582031
vt 0.146729 0.608643
vt 0.140137 0.610840
vt 0.122314 0.591553
vt 0.118652 0.594482
vt 0.155762 0.621826
vt 0.136230 0.617920
vt 0.151855 0.627686
vt 0.120605 0.619385
vt 0.128662 0.625244
vt 0.142334 0.628662
vt 0.135742 0.632080
vt 0.169189 0.618408
vt 0.139648 0.636230
vt 0.130615 0.638184
vt 0.149902 0.631348
vt 0.175049 0.615723
vt 0.127686 0.640381
vt 0.131104 0.642090
vt 0.181641 0.618164
vt 0.175537 0.628174
vt 0.132812 0.645264
vt 0.125732 0.644531
vt 0.125732 0.647461
vt 0.193115 0.616943
vt 0.120361 0.649902
vt 0.122070 0.654297
vt 0.128174 0.653076
vt 0.124512 0.656982
vt 0.127930 0.666748
vt 0.136963 0.646729
vt 0.132080 0.665771
vt 0.125000 0.685547
vt 0.133057 0.654297
vt 0.132080 0.674072
vt 0.139893 0.652344
vt 0.143799 0.639648
vt 0.138916 0.663330
vt 0.141846 0.667969
vt 0.114746 0.714600
vt 0.151123 0.638428
vt 0.148438 0.648926
vt 0.157471 0.638916
vt 0.147461 0.666992
vt 0.140625 0.684326
vt 0.147705 0.679443
vt 0.153564 0.665527
vt 0.161865 0.631836
vt 0.164307 0.641846
vt 0.152832 0.678955
vt 0.162354 0.627441
vt 0.142334 0.713379
vt 0.167480 0.626953
vt 0.171875 0.632324
vt 0.167480 0.645508
vt 0.164551 0.660400
vt 0.175537 0.640869
vt 0.178955 0.634521
vt 0.182373 0.629150
vt 0.182861 0.636963
vt 0.172607 0.657715
vt 0.188721 0.632568
vt 0.162354 0.671631
vt 0.164795 0.676758
vt 0.207275 0.622803
vt 0.157959 0.682373
vt 0.155029 0.708008
vt 0.197510 0.634277
vt 0.211426 0.617432
vt 0.210693 0.622070
vt 0.206055 0.628174
vt 0.214600 0.630615
vt 0.204346 0.632812
vt 0.204346 0.638916
vt 0.207275 0.637207
vt 0.703613 0.692871
vt 0.708252 0.666016
vt 0.709961 0.695557
vt 0.702393 0.671631
vt 0.699707 0.646973
vt 0.699707 0.690430
vt 0.697266 0.660645
vt 0.694580 0.643555
vt 0.692871 0.622559
vt 0.688232 0.674316
vt 0.692139 0.698486
vt 0.686279 0.693604
vt 0.680908 0.672607
vt 0.680176 0.690918
vt 0.686523 0.659912
vt 0.671631 0.677002
vt 0.688232 0.638916
vt 0.661377 0.680664
vt 0.664307 0.663818
vt 0.680664 0.652832
vt 0.683350 0.646729
vt 0.677979 0.615967
vt 0.679688 0.604980
vt 0.685791 0.608887
vt 0.677246 0.631836
vt 0.673340 0.593750
vt 0.681885 0.592529
vt 0.675537 0.576172
vt 0.673828 0.612793
vt 0.667480 0.575439
vt 0.670166 0.560059
vt 0.668213 0.587891
vt 0.663086 0.650879
vt 0.665039 0.614258
vt 0.668457 0.626953
vt 0.660645 0.583984
vt 0.654541 0.631836
vt 0.645264 0.665771
vt 0.655518 0.673828
vt 0.648926 0.684326
vt 0.666016 0.705566
vt 0.642578 0.652588
vt 0.637207 0.675781
vt 0.639404 0.692383
vt 0.622314 0.695312
vt 0.633789 0.659912
vt 0.624023 0.671875
vt 0.602783 0.681396
vt 0.616699 0.663086
vt 0.629883 0.645264
vt 0.621582 0.653809
vt 0.610107 0.659180
vt 0.594482 0.660400
vt 0.607178 0.637207
vt 0.589600 0.681152
vt 0.641357 0.634033
vt 0.617432 0.635986
vt 0.625488 0.628906
vt 0.640869 0.625732
vt 0.651367 0.618164
vt 0.637695 0.618408
vt 0.649658 0.599854
vt 0.614258 0.626709
vt 0.619629 0.616455
vt 0.602051 0.625000
vt 0.622559 0.605713
vt 0.592529 0.631836
vt 0.599365 0.614502
vt 0.630615 0.600098
vt 0.612305 0.599854
vt 0.609619 0.581055
vt 0.604980 0.590576
vt 0.636963 0.579346
vt 0.648926 0.582520
vt 0.652344 0.563477
vt 0.663818 0.562256
vt 0.662109 0.553223
vt 0.672363 0.551270
vt 0.668213 0.544434
vt 0.657227 0.559814
vt 0.657959 0.547852
vt 0.646729 0.552490
vt 0.644287 0.558350
vt 0.637451 0.560303
vt 0.651855 0.537354
vt 0.669434 0.534180
vt 0.646729 0.545654
vt 0.630859 0.542725
vt 0.654785 0.529053
vt 0.630859 0.550781
vt 0.622070 0.535156
vt 0.629639 0.554688
vt 0.618408 0.540039
vt 0.622559 0.551514
vt 0.626221 0.556885
vt 0.615479 0.551514
vt 0.615479 0.548340
vt 0.608643 0.531738
vt 0.611816 0.519775
vt 0.610107 0.537109
vt 0.630615 0.529053
vt 0.601074 0.531738
vt 0.603516 0.541016
vt 0.597168 0.541504
vt 0.604248 0.544678
vt 0.597412 0.562012
vt 0.585449 0.561523
vt 0.592529 0.537354
vt 0.577393 0.552490
vt 0.588623 0.568359
vt 0.573975 0.572021
vt 0.567383 0.550537
vt 0.600830 0.567871
vt 0.607422 0.575439
vt 0.604248 0.575195
vt 0.606445 0.583008
vt 0.599854 0.571533
vt 0.594482 0.570801
vt 0.600342 0.576660
vt 0.597412 0.574463
vt 0.591797 0.574463
vt 0.589844 0.571533
vt 0.589111 0.581543
vt 0.598877 0.583252
vt 0.583496 0.576172
vt 0.586182 0.578613
vt 0.584717 0.587402
vt 0.586670 0.585449
vt 0.590576 0.585938
vt 0.590576 0.589844
vt 0.597656 0.591309
vt 0.602783 0.585449
vt 0.604980 0.587646
vt 0.597412 0.593506
vt 0.590820 0.593262
vt 0.588135 0.612793
vt 0.575439 0.615967
vt 0.578125 0.630371
vt 0.570801 0.591064
vt 0.582764 0.654541
vt 0.566162 0.621582
vt 0.574707 0.664795
vt 0.581787 0.674805
vt 0.578857 0.682617
vt 0.567627 0.671143
vt 0.564453 0.680908
vt 0.555420 0.675781
vt 0.559326 0.658936
vt 0.540771 0.658691
vt 0.558350 0.622314
vt 0.560303 0.589844
vt 0.546387 0.619629
vt 0.565430 0.578857
vt 0.548584 0.578613
vt 0.557373 0.568604
vt 0.559814 0.553711
vt 0.549316 0.570312
vt 0.543945 0.559082
vt 0.543701 0.565674
vt 0.537109 0.569580
vt 0.533447 0.580811
vt 0.530273 0.576172
vt 0.525635 0.569580
vt 0.519531 0.577881
vt 0.519287 0.583740
vt 0.532471 0.589355
vt 0.519043 0.591797
vt 0.530029 0.614258
vt 0.533203 0.633301
vt 0.517822 0.632568
vt 0.525391 0.649414
vt 0.528076 0.668457
vt 0.514160 0.658203
vt 0.502686 0.658203
vt 0.506836 0.609375
vt 0.511230 0.588379
vt 0.508301 0.582764
vt 0.494141 0.613770
vt 0.489502 0.657471
vt 0.502930 0.588623
vt 0.474854 0.625488
vt 0.486328 0.589844
vt 0.479248 0.601562
vt 0.448486 0.625244
vt 0.458984 0.604492
vt 0.632812 0.707275
vt 0.640381 0.698975
vt 0.648193 0.708252
vt 0.632080 0.711426
vt 0.596680 0.707764
vt 0.612305 0.705322
vt 0.612061 0.711426
vt 0.585449 0.715576
vt 0.579834 0.707520
vt 0.559082 0.709473
vt 0.601318 0.718506
vt 0.622803 0.714355
vt 0.634521 0.720215
vt 0.655273 0.708984
vt 0.619141 0.719727
vt 0.624512 0.721924
vt 0.633301 0.722412
vt 0.612793 0.721924
vt 0.620361 0.738525
vt 0.602539 0.754150
vt 0.593750 0.723145
vt 0.574951 0.723633
vt 0.588623 0.740723
vt 0.580566 0.739258
vt 0.590332 0.766113
vt 0.568604 0.742188
vt 0.565674 0.718750
vt 0.562012 0.723389
vt 0.545654 0.716064
vt 0.542969 0.701660
vt 0.552002 0.722656
vt 0.555664 0.740479
vt 0.537842 0.722656
vt 0.529053 0.706299
vt 0.533936 0.694336
vt 0.520508 0.686523
vt 0.531250 0.716064
vt 0.542236 0.735840
vt 0.527588 0.723633
vt 0.514893 0.693848
vt 0.504150 0.674316
vt 0.499268 0.685059
vt 0.510498 0.703857
vt 0.481201 0.659912
vt 0.518066 0.715820
vt 0.519775 0.723877
vt 0.504395 0.719238
vt 0.474609 0.651123
vt 0.481201 0.654297
vt 0.472900 0.657959
vt 0.458740 0.642822
vt 0.466797 0.654785
vt 0.462891 0.662109
vt 0.456055 0.651855
vt 0.469971 0.671875
vt 0.455811 0.666992
vt 0.448730 0.660645
vt 0.459473 0.674316
vt 0.446289 0.667969
vt 0.492188 0.691162
vt 0.445068 0.677246
vt 0.489990 0.707031
vt 0.453369 0.684570
vt 0.484131 0.699951
vt 0.445801 0.685059
vt 0.443604 0.688965
vt 0.438721 0.685303
vt 0.476318 0.705322
vt 0.464355 0.707764
vt 0.457275 0.711914
vt 0.475586 0.720947
vt 0.495117 0.725830
vt 0.507812 0.727295
vt 0.495117 0.731201
vt 0.504150 0.748779
vt 0.511963 0.746338
vt 0.522705 0.743408
vt 0.519775 0.770020
vt 0.513428 0.776611
vt 0.523438 0.776367
vt 0.527832 0.774414
vt 0.533447 0.744629
vt 0.531982 0.769775
vt 0.532471 0.774170
vt 0.529053 0.777832
vt 0.535400 0.792725
vt 0.537598 0.769531
vt 0.539062 0.774414
vt 0.547607 0.800537
vt 0.543945 0.816895
vt 0.543457 0.773193
vt 0.544189 0.768311
vt 0.543213 0.748291
vt 0.546875 0.772461
vt 0.554199 0.792480
vt 0.547852 0.767822
vt 0.556885 0.747070
vt 0.553711 0.772217
vt 0.553711 0.767578
vt 0.560059 0.773193
vt 0.557373 0.769287
vt 0.561768 0.768799
vt 0.566650 0.766602
vt 0.568604 0.797363
vt 0.573730 0.767334
vt 0.568604 0.771240
vt 0.574219 0.771240
vt 0.578857 0.771484
vt 0.582275 0.813965
vt 0.587158 0.780029
vt 0.591064 0.769287
vt 0.597412 0.768311
vt 0.595947 0.772217
vt 0.602051 0.771240
vt 0.604248 0.802979
vt 0.599365 0.770996
vt 0.612549 0.770996
vt 0.601318 0.766846
vt 0.607666 0.767822
vt 0.614990 0.766846
vt 0.652344 0.518799
vt 0.662354 0.514893
vt 0.662109 0.519531
vt 0.663574 0.508789
vt 0.652588 0.508301
vt 0.659424 0.497314
vt 0.641357 0.525146
vt 0.640625 0.518311
vt 0.643555 0.501221
vt 0.633789 0.521240
vt 0.636230 0.512695
vt 0.636230 0.513672
vt 0.250977 0.587158
vt 0.248779 0.595215
vt 0.246094 0.589600
vt 0.249023 0.582031
vt 0.256592 0.582275
vt 0.242188 0.593750
vt 0.242432 0.585205
vt 0.244141 0.602051
vt 0.250000 0.601074
vt 0.246094 0.608154
vt 0.241699 0.606201
vt 0.240479 0.612793
vt 0.238281 0.610840
vt 0.235840 0.609375
vt 0.238037 0.598145
vt 0.236084 0.602051
vt 0.234619 0.607666
vt 0.232422 0.603027
vt 0.233398 0.597168
vt 0.229980 0.597168
vt 0.234131 0.590088
vt 0.238770 0.585938
vt 0.229492 0.587402
vt 0.225586 0.593750
vt 0.224121 0.582031
vt 0.235352 0.582520
vt 0.241211 0.574707
vt 0.231934 0.581055
vt 0.235840 0.573730
vt 0.227783 0.576416
vt 0.232422 0.569092
vt 0.241699 0.566406
vt 0.245117 0.579102
vt 0.248291 0.569092
vt 0.252197 0.575439
vt 0.255127 0.574951
vt 0.260254 0.584961
vt 0.258301 0.574951
vt 0.249756 0.564209
vt 0.244141 0.558594
vt 0.252930 0.560791
vt 0.249023 0.556152
vt 0.258545 0.566895
vt 0.262451 0.576172
vt 0.264893 0.587891
vt 0.264893 0.577393
vt 0.263184 0.567627
vt 0.256836 0.559082
vt 0.244629 0.546875
vt 0.252441 0.544189
vt 0.240234 0.546631
vt 0.245361 0.537354
vt 0.254883 0.536865
vt 0.255615 0.546387
vt 0.239014 0.539795
vt 0.235596 0.534912
vt 0.231689 0.538818
vt 0.237793 0.551270
vt 0.245605 0.530762
vt 0.229980 0.543945
vt 0.237305 0.553467
vt 0.225342 0.532471
vt 0.226318 0.548096
vt 0.223877 0.551270
vt 0.211426 0.548096
vt 0.216553 0.550537
vt 0.226807 0.554688
vt 0.211182 0.551025
vt 0.209961 0.544434
vt 0.197266 0.553467
vt 0.206543 0.552246
vt 0.211426 0.555176
vt 0.203369 0.557129
vt 0.201416 0.555420
vt 0.214844 0.539062
vt 0.203857 0.540771
vt 0.219727 0.536377
vt 0.212402 0.536377
vt 0.207031 0.536377
vt 0.208984 0.531738
vt 0.204590 0.532471
vt 0.214111 0.531250
vt 0.217529 0.522461
vt 0.207275 0.520264
vt 0.224609 0.528076
vt 0.212402 0.517334
vt 0.233398 0.527832
vt 0.219727 0.518555
vt 0.226807 0.524170
vt 0.214111 0.512695
vt 0.239990 0.528564
vt 0.234619 0.513672
vt 0.217285 0.509277
vt 0.212646 0.502686
vt 0.231201 0.513428
vt 0.226562 0.508057
vt 0.234863 0.497559
vt 0.246826 0.514648
vt 0.228271 0.492432
vt 0.240234 0.504639
vt 0.237793 0.479004
vt 0.244141 0.486328
vt 0.254150 0.479248
vt 0.249023 0.450195
vt 0.257568 0.451172
vt 0.241211 0.451172
vt 0.262695 0.459229
vt 0.228516 0.481934
vt 0.228027 0.471436
vt 0.238525 0.435059
vt 0.231934 0.433594
vt 0.222168 0.487305
vt 0.220215 0.473877
vt 0.220947 0.441162
vt 0.216064 0.470947
vt 0.213623 0.440918
vt 0.216064 0.482178
vt 0.214600 0.491455
vt 0.208252 0.495361
vt 0.210938 0.474121
vt 0.207031 0.471436
vt 0.206299 0.482666
vt 0.210449 0.488281
vt 0.206055 0.487549
vt 0.272949 0.688965
vt 0.276367 0.694580
vt 0.268555 0.693359
vt 0.270020 0.698975
vt 0.267090 0.685059
vt 0.278076 0.679932
vt 0.264404 0.695068
vt 0.265625 0.703125
vt 0.272705 0.703857
vt 0.266113 0.680908
vt 0.271240 0.672363
vt 0.253662 0.682861
vt 0.257812 0.690674
vt 0.255859 0.698975
vt 0.265381 0.708008
vt 0.269775 0.713623
vt 0.246582 0.707764
vt 0.246826 0.698486
vt 0.246826 0.692627
vt 0.229736 0.701660
vt 0.233887 0.686523
vt 0.233887 0.708496
vt 0.247314 0.716064
vt 0.232178 0.729004
vt 0.245850 0.727051
vt 0.256348 0.730469
vt 0.262451 0.730469
vt 0.267334 0.732178
vt 0.261230 0.735107
vt 0.268311 0.736328
vt 0.261719 0.740967
vt 0.254639 0.738281
vt 0.241943 0.735107
vt 0.244629 0.741211
vt 0.253418 0.743896
vt 0.266846 0.743896
vt 0.262695 0.744141
vt 0.234863 0.748779
vt 0.244385 0.745850
vt 0.257324 0.749512
vt 0.251465 0.747803
vt 0.261963 0.751953
vt 0.266113 0.748047
vt 0.269531 0.753418
vt 0.259033 0.759277
vt 0.264648 0.760254
vt 0.273926 0.760498
vt 0.269531 0.766357
vt 0.277832 0.766602
vt 0.260254 0.765137
vt 0.253906 0.763184
vt 0.251465 0.753174
vt 0.251709 0.758545
vt 0.245361 0.751709
vt 0.244629 0.757080
vt 0.235840 0.754150
vt 0.238525 0.754883
vt 0.242432 0.763184
vt 0.256348 0.768555
vt 0.237061 0.760742
vt 0.236816 0.769531
vt 0.243652 0.773438
vt 0.231201 0.775146
vt 0.229004 0.764160
vt 0.229492 0.755615
vt 0.226562 0.764893
vt 0.226074 0.774170
vt 0.229736 0.781494
vt 0.224854 0.757568
vt 0.223145 0.768799
vt 0.222168 0.778564
vt 0.226074 0.786133
vt 0.230957 0.746338
vt 0.219238 0.784912
vt 0.222656 0.791016
vt 0.219238 0.792480
vt 0.219482 0.756104
vt 0.219727 0.765137
vt 0.217285 0.774414
vt 0.211914 0.769043
vt 0.213379 0.779541
vt 0.212158 0.794189
vt 0.206299 0.786621
vt 0.196045 0.760010
vt 0.200195 0.780762
vt 0.203369 0.797607
vt 0.182861 0.791748
vt 0.178711 0.807617
vt 0.185059 0.762695
vt 0.189941 0.816162
vt 0.205811 0.802979
vt 0.208740 0.808838
vt 0.211670 0.805908
vt 0.217529 0.813965
vt 0.214844 0.804688
vt 0.218994 0.811035
vt 0.217529 0.803467
vt 0.219727 0.805908
vt 0.175781 0.762939
vt 0.184814 0.751465
vt 0.195557 0.751221
vt 0.189453 0.745117
vt 0.175049 0.742188
vt 0.210205 0.748047
vt 0.207275 0.739990
vt 0.197266 0.734131
vt 0.217773 0.737061
vt 0.175781 0.730713
vt 0.202637 0.737061
vt 0.213623 0.729248
vt 0.228271 0.725098
vt 0.192383 0.727783
vt 0.179443 0.719727
vt 0.210693 0.726318
vt 0.207275 0.720459
vt 0.196777 0.718994
vt 0.189941 0.708008
vt 0.224854 0.720703
vt 0.235596 0.714844
vt 0.223633 0.694336
vt 0.207275 0.709229
vt 0.204102 0.697998
vt 0.193359 0.693115
vt 0.226807 0.682129
vt 0.215332 0.681885
vt 0.187744 0.682861
vt 0.208008 0.670410
vt 0.224365 0.674805
vt 0.238525 0.681396
vt 0.230957 0.673340
vt 0.214600 0.667480
vt 0.202637 0.658936
vt 0.202393 0.652588
vt 0.216309 0.662598
vt 0.250488 0.674805
vt 0.244629 0.674316
vt 0.218994 0.659668
vt 0.212891 0.644775
vt 0.221924 0.656494
vt 0.234375 0.669434
vt 0.257324 0.670410
vt 0.249268 0.670410
vt 0.266113 0.668945
vt 0.275635 0.666504
vt 0.271729 0.659180
vt 0.264160 0.666992
vt 0.267090 0.659424
vt 0.255127 0.668213
vt 0.248291 0.662598
vt 0.242920 0.668213
vt 0.235840 0.665527
vt 0.242676 0.650635
vt 0.228271 0.655518
vt 0.223877 0.646973
vt 0.219238 0.634033
vt 0.227783 0.642822
vt 0.242432 0.646484
vt 0.246094 0.648193
vt 0.253174 0.658203
vt 0.254883 0.642334
vt 0.262939 0.645264
vt 0.260986 0.659180
vt 0.264160 0.654297
vt 0.269531 0.654785
vt 0.195312 0.567139
vt 0.200195 0.569092
vt 0.192383 0.574707
vt 0.200439 0.573730
vt 0.205566 0.560059
vt 0.208252 0.566895
vt 0.207520 0.574463
vt 0.208984 0.562500
vt 0.197754 0.561035
vt 0.216553 0.558594
vt 0.219727 0.563477
vt 0.226074 0.558350
vt 0.235840 0.561523
vt 0.228760 0.564453
vt 0.219727 0.571045
vt 0.214600 0.576172
vt 0.211426 0.578125
vt 0.219482 0.577637
vt 0.216553 0.584961
vt 0.224609 0.572510
vt 0.242676 0.561768
vt 0.236084 0.557373
vt 0.009033 0.916016
vt 0.024414 0.913086
vt 0.022949 0.915283
vt 0.025635 0.919189
vt 0.025879 0.924561
vt 0.027344 0.922607
vt 0.031250 0.920410
vt 0.030029 0.924805
vt 0.028320 0.931885
vt 0.035645 0.923096
vt 0.029541 0.911865
vt 0.011475 0.911865
vt 0.002441 0.905273
vt 0.027588 0.905029
vt 0.034424 0.912109
vt 0.014404 0.904785
vt 0.006348 0.892334
vt 0.025146 0.895264
vt 0.030518 0.896973
vt 0.013184 0.895752
vt 0.012207 0.890381
vt 0.029785 0.889404
vt 0.017090 0.890625
vt 0.026855 0.883545
vt 0.024414 0.887207
vt 0.028809 0.883545
vt 0.033936 0.879150
vt 0.029297 0.875732
vt 0.411377 0.935059
vt 0.418457 0.929688
vt 0.416504 0.950684
vt 0.407471 0.919922
vt 0.422607 0.950195
vt 0.426758 0.930176
vt 0.437500 0.930908
vt 0.910400 0.345459
vt 0.901855 0.338135
vt 0.908691 0.333252
vt 0.918213 0.332764
vt 0.921387 0.346436
vt 0.902100 0.319824
vt 0.928711 0.340820
vt 0.928467 0.350098
vt 0.941650 0.342773
vt 0.931641 0.329102
vt 0.945068 0.334717
vt 0.919189 0.322998
vt 0.940430 0.318604
vt 0.949463 0.324463
vt 0.952637 0.314941
vt 0.931641 0.317627
vt 0.949219 0.303711
vt 0.968506 0.306885
vt 0.937012 0.302979
vt 0.926758 0.308350
vt 0.965332 0.297607
vt 0.992676 0.300049
vt 0.946777 0.293457
vt 0.970459 0.288574
vt 0.987793 0.288574
vt 0.951904 0.283203
vt 0.931641 0.290039
vt 0.970703 0.281250
vt 0.979736 0.278809
vt 0.990479 0.278076
vt 0.941895 0.287109
vt 0.937988 0.280762
vt 0.974854 0.265625
vt 0.992188 0.268066
vt 0.981445 0.257324
vt 0.964600 0.266602
vt 0.968506 0.255615
vt 0.955078 0.272705
vt 0.953857 0.260010
vt 0.941406 0.270508
vt 0.931396 0.276123
vt 0.945801 0.260010
vt 0.934814 0.267090
vt 0.945557 0.252197
vt 0.934814 0.258057
vt 0.958984 0.248535
vt 0.933594 0.250244
vt 0.924072 0.259277
vt 0.926025 0.269775
vt 0.949463 0.245605
vt 0.932861 0.242188
vt 0.974365 0.248291
vt 0.986816 0.240234
vt 0.995361 0.252197
vt 0.972412 0.238525
vt 0.988281 0.228760
vt 0.955566 0.239258
vt 0.944580 0.236084
vt 0.954590 0.230957
vt 0.970215 0.223389
vt 0.982178 0.218750
vt 0.969727 0.207764
vt 0.985352 0.205566
vt 0.988525 0.194580
vt 0.952148 0.218506
vt 0.966553 0.195312
vt 0.972168 0.181152
vt 0.950195 0.204346
vt 0.942383 0.220703
vt 0.945068 0.186279
vt 0.927734 0.232178
vt 0.928955 0.209473
vt 0.927490 0.219971
vt 0.910889 0.224609
vt 0.927246 0.198730
vt 0.908447 0.212402
vt 0.908691 0.200195
vt 0.925781 0.189941
vt 0.920898 0.174072
vt 0.900391 0.179688
vt 0.896729 0.205566
vt 0.890137 0.199951
vt 0.898193 0.217285
vt 0.889404 0.212646
vt 0.885254 0.191162
vt 0.882080 0.205566
vt 0.875977 0.198242
vt 0.873047 0.215576
vt 0.867188 0.204102
vt 0.885742 0.219238
vt 0.864258 0.187744
vt 0.887451 0.177979
vt 0.897949 0.226807
vt 0.898682 0.168701
vt 0.861084 0.174316
vt 0.909668 0.163330
vt 0.880615 0.164551
vt 0.955566 0.164307
vt 0.962402 0.169922
vt 0.973145 0.167236
vt 0.959473 0.154785
vt 0.975098 0.160645
vt 0.907715 0.149414
vt 0.967529 0.140137
vt 0.882812 0.155762
vt 0.874512 0.157959
vt 0.880371 0.148193
vt 0.902100 0.137207
vt 0.926514 0.134766
vt 0.876953 0.139160
vt 0.863770 0.124023
vt 0.900146 0.115967
vt 0.867920 0.144287
vt 0.855957 0.133545
vt 0.845703 0.123047
vt 0.857422 0.108154
vt 0.862793 0.154297
vt 0.833984 0.153564
vt 0.849365 0.169922
vt 0.841309 0.165527
vt 0.852051 0.177246
vt 0.832031 0.179199
vt 0.842773 0.188477
vt 0.826904 0.166748
vt 0.823242 0.150879
vt 0.821045 0.176270
vt 0.819580 0.163818
vt 0.811279 0.144287
vt 0.809570 0.167969
vt 0.802246 0.128662
vt 0.835205 0.114990
vt 0.795410 0.136719
vt 0.796631 0.120117
vt 0.789551 0.129150
vt 0.805420 0.146729
vt 0.778076 0.131836
vt 0.773926 0.112549
vt 0.787598 0.155029
vt 0.796631 0.158203
vt 0.776855 0.142578
vt 0.769043 0.134521
vt 0.766357 0.125488
vt 0.772949 0.160645
vt 0.777588 0.172363
vt 0.764160 0.159912
vt 0.755615 0.145752
vt 0.754150 0.118164
vt 0.748779 0.146484
vt 0.755615 0.157959
vt 0.760742 0.178711
vt 0.747559 0.164062
vt 0.763428 0.188477
vt 0.754883 0.187012
vt 0.753906 0.191650
vt 0.759277 0.201416
vt 0.779541 0.184570
vt 0.772705 0.207275
vt 0.768311 0.217285
vt 0.750244 0.222168
vt 0.791992 0.202881
vt 0.765625 0.225342
vt 0.802490 0.173828
vt 0.801758 0.187012
vt 0.811279 0.178223
vt 0.813721 0.190430
vt 0.801270 0.199463
vt 0.822510 0.186768
vt 0.807373 0.208008
vt 0.794922 0.218262
vt 0.817871 0.197754
vt 0.831787 0.188965
vt 0.825928 0.197021
vt 0.837891 0.196289
vt 0.816162 0.210938
vt 0.802979 0.224609
vt 0.821777 0.214844
vt 0.814697 0.225830
vt 0.829834 0.208252
vt 0.829346 0.222656
vt 0.840576 0.215332
vt 0.795166 0.233887
vt 0.807861 0.231689
vt 0.823975 0.235596
vt 0.815430 0.237061
vt 0.802734 0.241455
vt 0.834717 0.229980
vt 0.818848 0.251953
vt 0.828613 0.239258
vt 0.808594 0.252197
vt 0.836426 0.237549
vt 0.795166 0.254639
vt 0.843750 0.228516
vt 0.847900 0.218018
vt 0.849609 0.206543
vt 0.854492 0.228760
vt 0.859619 0.215576
vt 0.850098 0.197754
vt 0.856689 0.205322
vt 0.858154 0.192383
vt 0.862061 0.225098
vt 0.873291 0.226562
vt 0.859863 0.239014
vt 0.885010 0.228027
vt 0.872803 0.234619
vt 0.866211 0.238281
vt 0.874268 0.240479
vt 0.894775 0.236816
vt 0.864258 0.247803
vt 0.870117 0.253174
vt 0.857178 0.253174
vt 0.850342 0.235596
vt 0.847412 0.243652
vt 0.839844 0.248291
vt 0.846191 0.255859
vt 0.832275 0.249023
vt 0.837402 0.262207
vt 0.827637 0.260010
vt 0.820068 0.264404
vt 0.822021 0.283447
vt 0.804443 0.275146
vt 0.813232 0.278320
vt 0.796143 0.271240
vt 0.806396 0.282471
vt 0.797363 0.281494
vt 0.786133 0.277344
vt 0.785889 0.287598
vt 0.798340 0.290039
vt 0.804932 0.293701
vt 0.811035 0.286865
vt 0.816162 0.293701
vt 0.808105 0.299805
vt 0.813232 0.309814
vt 0.821045 0.301758
vt 0.827393 0.294189
vt 0.829102 0.307129
vt 0.836426 0.299805
vt 0.830078 0.313965
vt 0.840820 0.311035
vt 0.827881 0.282959
vt 0.836182 0.288086
vt 0.843750 0.266846
vt 0.844482 0.304688
vt 0.846924 0.320312
vt 0.843994 0.293945
vt 0.849854 0.281494
vt 0.850586 0.262695
vt 0.851074 0.272461
vt 0.858398 0.263672
vt 0.863770 0.271729
vt 0.849365 0.291748
vt 0.860596 0.285400
vt 0.867920 0.263184
vt 0.871338 0.275146
vt 0.851074 0.301758
vt 0.855713 0.298340
vt 0.876953 0.264160
vt 0.867188 0.289795
vt 0.854004 0.308838
vt 0.865723 0.302246
vt 0.854736 0.315430
vt 0.858643 0.323242
vt 0.866211 0.320068
vt 0.875000 0.290283
vt 0.866211 0.311523
vt 0.875977 0.301758
vt 0.877197 0.308350
vt 0.873047 0.314697
vt 0.872559 0.325195
vt 0.866211 0.336182
vt 0.884766 0.300293
vt 0.880127 0.314209
vt 0.882324 0.321533
vt 0.876221 0.333740
vt 0.884766 0.330566
vt 0.890381 0.311035
vt 0.892578 0.319580
vt 0.894043 0.329834
vt 0.893311 0.339600
vt 0.898438 0.306152
vt 0.896240 0.298340
vt 0.907471 0.311768
vt 0.889893 0.291260
vt 0.882812 0.286133
vt 0.893066 0.284424
vt 0.877441 0.277100
vt 0.883789 0.274170
vt 0.891357 0.270508
vt 0.884766 0.263672
vt 0.886475 0.256104
vt 0.895264 0.261475
vt 0.883301 0.245850
vt 0.895264 0.248779
vt 0.902588 0.240234
vt 0.904297 0.248779
vt 0.906250 0.232910
vt 0.912354 0.242188
vt 0.916748 0.235352
vt 0.921631 0.246338
vt 0.915771 0.250488
vt 0.906982 0.253662
vt 0.911865 0.259033
vt 0.900879 0.265381
vt 0.912842 0.269043
vt 0.907715 0.273682
vt 0.917969 0.279785
vt 0.902344 0.281494
vt 0.911621 0.286133
vt 0.905762 0.289307
vt 0.907715 0.300049
vt 0.921387 0.287842
vt 0.916504 0.298096
vt 0.926270 0.298096
vt 0.915527 0.306641
vt 0.916748 0.316162
vt 0.909424 0.321777
vt 0.456055 0.637695
vt 0.446777 0.638672
vt 0.442627 0.631104
vt 0.437256 0.633789
vt 0.438232 0.624512
vt 0.437744 0.638184
vt 0.445068 0.638672
vt 0.433838 0.636230
vt 0.429199 0.644531
vt 0.436523 0.645020
vt 0.426514 0.641602
vt 0.423584 0.650879
vt 0.413330 0.651855
vt 0.430908 0.634521
vt 0.434814 0.615967
vt 0.440186 0.614014
vt 0.434570 0.604736
vt 0.426025 0.626221
vt 0.427002 0.633301
vt 0.423340 0.632324
vt 0.422119 0.639648
vt 0.412109 0.648438
vt 0.423828 0.623779
vt 0.431885 0.609131
vt 0.429443 0.597900
vt 0.438232 0.603027
vt 0.426758 0.601807
vt 0.426514 0.612793
vt 0.422852 0.618896
vt 0.421387 0.620605
vt 0.421143 0.611572
vt 0.424316 0.608398
vt 0.421631 0.604248
vt 0.418457 0.608643
vt 0.421387 0.626953
vt 0.422607 0.596191
vt 0.427002 0.594482
vt 0.435059 0.589844
vt 0.423340 0.576416
vt 0.418457 0.583252
vt 0.419189 0.601562
vt 0.415527 0.596191
vt 0.413330 0.602051
vt 0.415771 0.588379
vt 0.413330 0.593994
vt 0.407959 0.609619
vt 0.409424 0.598145
vt 0.406982 0.586914
vt 0.402344 0.577393
vt 0.406250 0.573242
vt 0.416504 0.573975
vt 0.400146 0.567383
vt 0.416260 0.557861
vt 0.403076 0.585693
vt 0.412109 0.561523
vt 0.404541 0.594727
vt 0.402588 0.605957
vt 0.398438 0.590576
vt 0.392578 0.578613
vt 0.393799 0.602051
vt 0.391846 0.586914
vt 0.394775 0.607666
vt 0.385254 0.593506
vt 0.403320 0.611816
vt 0.409180 0.616211
vt 0.389893 0.586670
vt 0.395020 0.571533
vt 0.388184 0.578369
vt 0.385254 0.572998
vt 0.385986 0.584473
vt 0.385986 0.579346
vt 0.383301 0.583008
vt 0.376709 0.563965
vt 0.379639 0.573242
vt 0.390381 0.563232
vt 0.380371 0.593994
vt 0.380615 0.582520
vt 0.376465 0.589355
vt 0.377441 0.581543
vt 0.369873 0.594482
vt 0.384766 0.601807
vt 0.386963 0.605469
vt 0.384033 0.611084
vt 0.379883 0.604736
vt 0.369873 0.601562
vt 0.370361 0.604248
vt 0.372803 0.609131
vt 0.396240 0.615967
vt 0.377441 0.615234
vt 0.407227 0.622070
vt 0.387939 0.619873
vt 0.367188 0.616699
vt 0.378174 0.623047
vt 0.362305 0.609131
vt 0.361816 0.603516
vt 0.359619 0.616211
vt 0.356201 0.600830
vt 0.354736 0.608887
vt 0.360107 0.624512
vt 0.349854 0.617432
vt 0.353516 0.602783
vt 0.348145 0.603271
vt 0.351318 0.600586
vt 0.343018 0.610596
vt 0.341064 0.604248
vt 0.347900 0.595459
vt 0.354248 0.594727
vt 0.354980 0.590332
vt 0.347656 0.592041
vt 0.365723 0.585693
vt 0.357422 0.582031
vt 0.370117 0.580811
vt 0.369141 0.571533
vt 0.363037 0.574707
vt 0.350342 0.584717
vt 0.352539 0.578613
vt 0.358887 0.572510
vt 0.364746 0.566650
vt 0.349854 0.580078
vt 0.348145 0.576172
vt 0.346680 0.586670
vt 0.355469 0.569336
vt 0.336670 0.583252
vt 0.341309 0.589844
vt 0.342285 0.595215
vt 0.335205 0.595459
vt 0.332520 0.605469
vt 0.342285 0.574463
vt 0.345947 0.567871
vt 0.362549 0.563721
vt 0.371826 0.559082
vt 0.357422 0.558838
vt 0.380127 0.557617
vt 0.366943 0.554443
vt 0.389893 0.559082
vt 0.344482 0.561768
vt 0.347168 0.557129
vt 0.357666 0.553467
vt 0.355225 0.545898
vt 0.380371 0.549805
vt 0.366211 0.547363
vt 0.386475 0.542236
vt 0.373535 0.535889
vt 0.359131 0.533691
vt 0.340820 0.541504
vt 0.350342 0.529297
vt 0.358887 0.526855
vt 0.321533 0.539795
vt 0.338135 0.527588
vt 0.341553 0.513184
vt 0.328125 0.512695
vt 0.328613 0.557129
vt 0.308350 0.533691
vt 0.336426 0.504395
vt 0.312988 0.545898
vt 0.309814 0.508545
vt 0.299561 0.529785
vt 0.293945 0.508057
vt 0.298096 0.546875
vt 0.279053 0.532227
vt 0.288818 0.552246
vt 0.304688 0.556152
vt 0.271973 0.549316
vt 0.284912 0.556641
vt 0.295654 0.564453
vt 0.308350 0.565918
vt 0.281250 0.566406
vt 0.271729 0.557861
vt 0.302734 0.576416
vt 0.277100 0.575195
vt 0.269531 0.572266
vt 0.290283 0.580566
vt 0.284424 0.591553
vt 0.272949 0.589600
vt 0.279785 0.601074
vt 0.299316 0.585449
vt 0.291504 0.602539
vt 0.298584 0.596191
vt 0.313232 0.586670
vt 0.313965 0.579834
vt 0.323242 0.578125
vt 0.329834 0.570312
vt 0.325195 0.583008
vt 0.334473 0.575195
vt 0.337402 0.564697
vt 0.333008 0.580811
vt 0.325195 0.587891
vt 0.317139 0.591309
vt 0.327881 0.595947
vt 0.320312 0.608154
vt 0.311523 0.593262
vt 0.327637 0.605225
vt 0.315186 0.606445
vt 0.300537 0.606201
vt 0.326172 0.607910
vt 0.290527 0.617188
vt 0.276367 0.612793
vt 0.302246 0.613525
vt 0.316895 0.618408
vt 0.302490 0.622803
vt 0.285400 0.624268
vt 0.272705 0.625244
vt 0.294678 0.632080
vt 0.285645 0.632080
vt 0.278809 0.637207
vt 0.292480 0.642090
vt 0.299316 0.636719
vt 0.290771 0.649170
vt 0.279785 0.649658
vt 0.302979 0.652588
vt 0.290527 0.662354
vt 0.303467 0.661133
vt 0.309814 0.650391
vt 0.309082 0.637939
vt 0.316650 0.628418
vt 0.326416 0.641846
vt 0.321045 0.633057
vt 0.322021 0.622070
vt 0.311279 0.660400
vt 0.318115 0.657959
vt 0.320068 0.671875
vt 0.320801 0.648682
vt 0.333008 0.655273
vt 0.343018 0.663818
vt 0.341309 0.653320
vt 0.331299 0.670410
vt 0.343018 0.690186
vt 0.325928 0.686035
vt 0.356934 0.685303
vt 0.316162 0.688965
vt 0.359375 0.674805
vt 0.298584 0.670410
vt 0.295898 0.678711
vt 0.307129 0.693359
vt 0.288330 0.677246
vt 0.281250 0.673340
vt 0.289307 0.688477
vt 0.300781 0.705322
vt 0.286377 0.697021
vt 0.360840 0.662354
vt 0.370361 0.665771
vt 0.378662 0.680176
vt 0.379395 0.667236
vt 0.366943 0.658203
vt 0.381348 0.660645
vt 0.354736 0.654541
vt 0.348389 0.649170
vt 0.337158 0.643311
vt 0.357666 0.651123
vt 0.346436 0.647461
vt 0.326904 0.633789
vt 0.335938 0.638916
vt 0.331055 0.635742
vt 0.326904 0.629395
vt 0.324219 0.620605
vt 0.329346 0.628662
vt 0.326172 0.621094
vt 0.324219 0.612793
vt 0.328369 0.610107
vt 0.326172 0.613525
vt 0.334961 0.609619
vt 0.329590 0.615234
vt 0.336670 0.611084
vt 0.330811 0.613525
vt 0.327148 0.618896
vt 0.334473 0.615967
vt 0.339355 0.619873
vt 0.330811 0.620605
vt 0.331543 0.625244
vt 0.335693 0.633545
vt 0.341064 0.628662
vt 0.347168 0.625244
vt 0.345703 0.637695
vt 0.352051 0.626953
vt 0.341309 0.639404
vt 0.348877 0.634033
vt 0.347168 0.645508
vt 0.351318 0.645508
vt 0.355469 0.638916
vt 0.359131 0.633545
vt 0.364990 0.638428
vt 0.361816 0.645264
vt 0.365234 0.649902
vt 0.369385 0.653809
vt 0.375000 0.653320
vt 0.370361 0.644287
vt 0.390137 0.659668
vt 0.397461 0.676270
vt 0.384521 0.653809
vt 0.395264 0.654785
vt 0.405273 0.674805
vt 0.384033 0.652344
vt 0.391846 0.652588
vt 0.383301 0.651611
vt 0.389893 0.651367
vt 0.400146 0.653564
vt 0.411621 0.662598
vt 0.416016 0.656738
vt 0.399902 0.650879
vt 0.390625 0.646973
vt 0.403809 0.648926
vt 0.402100 0.643555
vt 0.412598 0.642822
vt 0.397461 0.640625
vt 0.408936 0.640381
vt 0.418701 0.637451
vt 0.420166 0.632568
vt 0.417236 0.635254
vt 0.411621 0.631348
vt 0.418213 0.631104
vt 0.414551 0.625244
vt 0.415527 0.620850
vt 0.412354 0.614502
vt 0.405273 0.628906
vt 0.403076 0.636230
vt 0.400391 0.625732
vt 0.395996 0.634766
vt 0.394775 0.623779
vt 0.387207 0.630859
vt 0.386475 0.639160
vt 0.386963 0.644043
vt 0.377197 0.633057
vt 0.376709 0.642822
vt 0.380371 0.648193
vt 0.372559 0.636963
vt 0.367188 0.629883
vt 0.368652 0.624268
vt 0.091064 0.896729
vt 0.080322 0.881104
vt 0.089111 0.881836
vt 0.099609 0.895996
vt 0.076416 0.900146
vt 0.098877 0.877686
vt 0.095215 0.901123
vt 0.082031 0.902100
vt 0.075684 0.923584
vt 0.072754 0.911865
vt 0.075439 0.902832
vt 0.065186 0.909180
vt 0.063477 0.901855
vt 0.062500 0.889404
vt 0.074707 0.882568
vt 0.063721 0.885010
vt 0.068848 0.881348
vt 0.073975 0.877930
vt 0.078857 0.877441
vt 0.075684 0.846680
vt 0.089355 0.875244
vt 0.091064 0.877441
vt 0.093994 0.874512
vt 0.088623 0.857910
vt 0.098877 0.873535
vt 0.085205 0.823975
vt 0.093994 0.851318
vt 0.104980 0.846436
vt 0.107178 0.871826
vt 0.106689 0.875977
vt 0.076904 0.823242
vt 0.072021 0.817627
vt 0.097656 0.835693
vt 0.085205 0.816162
vt 0.075684 0.816162
vt 0.071045 0.799805
vt 0.059570 0.791016
vt 0.077637 0.802002
vt 0.068359 0.782471
vt 0.082275 0.798584
vt 0.095459 0.818359
vt 0.094971 0.811768
vt 0.089111 0.796143
vt 0.074463 0.773438
vt 0.095215 0.795898
vt 0.092041 0.776123
vt 0.099121 0.781250
vt 0.105225 0.809326
vt 0.106201 0.785889
vt 0.103027 0.823242
vt 0.112305 0.807861
vt 0.112793 0.782471
vt 0.112061 0.819824
vt 0.116943 0.847168
vt 0.115967 0.869385
vt 0.119629 0.805176
vt 0.118408 0.779297
vt 0.117920 0.814941
vt 0.123535 0.829346
vt 0.128418 0.799805
vt 0.125732 0.841064
vt 0.130371 0.827148
vt 0.124512 0.809570
vt 0.125244 0.776123
vt 0.127441 0.865967
vt 0.135254 0.794434
vt 0.132080 0.772949
vt 0.136963 0.772461
vt 0.141846 0.804443
vt 0.140137 0.794922
vt 0.144287 0.791260
vt 0.142334 0.758301
vt 0.147705 0.787109
vt 0.149658 0.801758
vt 0.154053 0.818359
vt 0.132568 0.807129
vt 0.147461 0.821533
vt 0.137207 0.824707
vt 0.157471 0.857178
vt 0.168213 0.847168
vt 0.166992 0.856934
vt 0.166748 0.858398
vt 0.137939 0.844971
vt 0.146484 0.838867
vt 0.150635 0.859375
vt 0.139893 0.863037
vt 0.157715 0.859863
vt 0.139893 0.866211
vt 0.151367 0.861816
vt 0.156738 0.864990
vt 0.169189 0.861816
vt 0.149658 0.866455
vt 0.161377 0.880615
vt 0.172607 0.877197
vt 0.170654 0.884521
vt 0.155273 0.883545
vt 0.166504 0.885742
vt 0.202148 0.909180
vt 0.169922 0.894287
vt 0.156250 0.888184
vt 0.187256 0.914062
vt 0.147949 0.890869
vt 0.143311 0.887695
vt 0.142822 0.869629
vt 0.130127 0.872803
vt 0.129395 0.868652
vt 0.118896 0.871826
vt 0.116943 0.876465
vt 0.129395 0.890869
vt 0.109619 0.895752
vt 0.118652 0.893555
vt 0.123535 0.896729
vt 0.134277 0.893066
vt 0.143311 0.922363
vt 0.151123 0.929932
vt 0.133545 0.922119
vt 0.120850 0.925293
vt 0.115967 0.897949
vt 0.108398 0.900391
vt 0.111572 0.933105
vt 0.102295 0.899902
vt 0.089111 0.920898
vt 0.676025 0.082520
vt 0.692139 0.095947
vt 0.679199 0.094482
vt 0.685547 0.102783
vt 0.677246 0.104980
vt 0.678711 0.111816
vt 0.669189 0.095459
vt 0.666992 0.083740
vt 0.658447 0.082031
vt 0.651855 0.095703
vt 0.671143 0.074951
vt 0.678223 0.075928
vt 0.663574 0.073486
vt 0.670654 0.065674
vt 0.650146 0.080566
vt 0.642090 0.060303
vt 0.631104 0.077148
vt 0.636963 0.037109
vt 0.648926 0.029785
vt 0.650879 0.042236
vt 0.653320 0.062500
vt 0.657959 0.048096
vt 0.660889 0.033691
vt 0.657715 0.064697
vt 0.663086 0.060303
vt 0.666260 0.050537
vt 0.673340 0.029541
vt 0.674316 0.047119
vt 0.686279 0.020264
vt 0.688721 0.032959
vt 0.694580 0.015381
vt 0.703369 0.024170
vt 0.677002 0.056641
vt 0.699219 0.041504
vt 0.686035 0.070801
vt 0.723877 0.034424
vt 0.708740 0.015869
vt 0.732666 0.025635
vt 0.695068 0.061035
vt 0.721924 0.052246
vt 0.686279 0.080078
vt 0.708740 0.095215
vt 0.722168 0.101807
vt 0.710938 0.090576
vt 0.713623 0.081299
vt 0.727051 0.091797
vt 0.720459 0.072021
vt 0.729248 0.075439
vt 0.731934 0.058838
vt 0.741455 0.044189
vt 0.739746 0.066895
vt 0.744385 0.035645
vt 0.754639 0.059082
vt 0.759766 0.027588
vt 0.760010 0.042236
vt 0.774902 0.056641
vt 0.768799 0.070801
vt 0.785400 0.053955
vt 0.761230 0.081543
vt 0.780762 0.027588
vt 0.759521 0.023682
vt 0.791260 0.020752
vt 0.738525 0.076416
vt 0.744385 0.088867
vt 0.765381 0.091797
vt 0.740967 0.097412
vt 0.756836 0.108643
vt 0.731934 0.103271
vt 0.742920 0.108154
vt 0.729736 0.109131
vt 0.094238 0.210449
vt 0.091797 0.197266
vt 0.108643 0.209717
vt 0.109131 0.203369
vt 0.119141 0.204102
vt 0.102783 0.218262
vt 0.125732 0.208496
vt 0.125977 0.188721
vt 0.126953 0.218506
vt 0.138428 0.209229
vt 0.148682 0.217529
vt 0.146484 0.225342
vt 0.121338 0.223145
vt 0.095947 0.230713
vt 0.118164 0.232910
vt 0.097168 0.241943
vt 0.086914 0.236328
vt 0.087158 0.245361
vt 0.099365 0.263184
vt 0.120117 0.245361
vt 0.139404 0.257812
vt 0.152344 0.233887
vt 0.162354 0.234131
vt 0.144287 0.269043
vt 0.111816 0.290283
vt 0.086426 0.290527
vt 0.183105 0.287109
vt 0.157227 0.283203
vt 0.137451 0.293945
vt 0.165527 0.289307
vt 0.131836 0.303467
vt 0.166992 0.293701
vt 0.112305 0.295654
vt 0.095459 0.296631
vt 0.082764 0.301025
vt 0.071777 0.297852
vt 0.104736 0.304443
vt 0.088867 0.307373
vt 0.079102 0.305176
vt 0.065918 0.302490
vt 0.100098 0.310303
vt 0.075195 0.309082
vt 0.063965 0.312500
vt 0.084229 0.312988
vt 0.095947 0.316162
vt 0.118408 0.312256
vt 0.078613 0.315430
vt 0.074707 0.320557
vt 0.085693 0.321533
vt 0.094971 0.324219
vt 0.087158 0.331543
vt 0.111572 0.319580
vt 0.117432 0.329102
vt 0.144775 0.316406
vt 0.143311 0.307129
vt 0.177734 0.299561
vt 0.177490 0.308350
vt 0.468262 0.871338
vt 0.465088 0.885254
vt 0.455566 0.881348
vt 0.482910 0.877930
vt 0.484375 0.890869
vt 0.492676 0.867920
vt 0.513672 0.889404
vt 0.477051 0.841797
vt 0.459717 0.893311
vt 0.482422 0.899170
vt 0.466797 0.845703
vt 0.507324 0.899414
vt 0.460205 0.900635
vt 0.479980 0.906982
vt 0.505859 0.906494
vt 0.449707 0.894775
vt 0.497559 0.917969
vt 0.523682 0.899414
vt 0.532227 0.913574
vt 0.544678 0.910400
vt 0.567139 0.928467
vt 0.545654 0.900391
vt 0.569336 0.917480
vt 0.526611 0.878418
vt 0.563965 0.895508
vt 0.503906 0.863525
vt 0.550537 0.876953
vt 0.577148 0.885742
vt 0.556396 0.866699
vt 0.573486 0.868896
vt 0.531982 0.855957
vt 0.534180 0.870361
vt 0.514648 0.859863
vt 0.520996 0.854492
vt 0.525146 0.840576
vt 0.520264 0.838867
vt 0.523682 0.831543
vt 0.508789 0.841797
vt 0.521484 0.823975
vt 0.498291 0.847168
vt 0.497314 0.826660
vt 0.489014 0.834473
vt 0.483887 0.826172
vt 0.466797 0.826904
vt 0.458740 0.834473
vt 0.453369 0.849121
vt 0.446045 0.840820
vt 0.450684 0.871094
vt 0.442139 0.867188
vt 0.444824 0.884766
vt 0.436035 0.847900
vt 0.439697 0.836670
vt 0.425781 0.835938
vt 0.410400 0.843506
vt 0.431641 0.873047
vt 0.419678 0.878906
vt 0.434814 0.883057
vt 0.404785 0.849854
vt 0.377930 0.826660
vt 0.409912 0.876953
vt 0.401367 0.858154
vt 0.374268 0.840332
vt 0.401367 0.885010
vt 0.409668 0.890381
vt 0.401611 0.897705
vt 0.424561 0.891846
vt 0.413818 0.903809
vt 0.437744 0.894531
vt 0.417725 0.897705
vt 0.416748 0.915527
vt 0.402832 0.911133
vt 0.425049 0.915527
vt 0.423340 0.924805
vt 0.428223 0.908447
vt 0.433105 0.902832
vt 0.434082 0.916260
vt 0.439209 0.925293
vt 0.439209 0.906982
vt 0.443604 0.898682
vt 0.443115 0.914551
vt 0.455322 0.923584
vt 0.448975 0.906006
vt 0.453125 0.915771
vt 0.489258 0.925049
vt 0.458252 0.909424
vt 0.435547 0.572510
vt 0.423828 0.559814
vt 0.421387 0.538574
vt 0.430420 0.546143
vt 0.409912 0.541016
vt 0.419922 0.530273
vt 0.399902 0.530029
vt 0.408203 0.515137
vt 0.407715 0.547852
vt 0.407959 0.553711
vt 0.395508 0.562500
vt 0.399170 0.546631
vt 0.387939 0.539307
vt 0.386475 0.522461
vt 0.366699 0.532227
vt 0.378418 0.513428
vt 0.396240 0.509277
vt 0.401123 0.500732
vt 0.388428 0.504639
vt 0.370605 0.508301
vt 0.383545 0.493896
vt 0.400879 0.487549
vt 0.385254 0.483154
vt 0.356689 0.507568
vt 0.362549 0.499023
vt 0.363281 0.488770
vt 0.349609 0.499023
vt 0.359863 0.481201
vt 0.381104 0.473389
vt 0.362793 0.473389
vt 0.343994 0.488525
vt 0.344238 0.473389
vt 0.354980 0.466309
vt 0.364014 0.457520
vt 0.347168 0.460449
vt 0.357666 0.457031
vt 0.340820 0.459229
vt 0.337891 0.496582
vt 0.320068 0.488525
vt 0.318848 0.477783
vt 0.311768 0.497803
vt 0.310059 0.488525
vt 0.303955 0.495117
vt 0.995117 0.612549
vt 0.999756 0.637939
vt 0.991699 0.615967
vt 0.994873 0.609863
vt 0.989990 0.635986
vt 0.996094 0.657227
vt 0.988525 0.614014
vt 0.988525 0.617676
vt 0.987061 0.599365
vt 1.000000 0.579834
vt 0.983154 0.616211
vt 0.983643 0.619629
vt 0.979736 0.615723
vt 0.976074 0.594238
vt 0.979004 0.619873
vt 0.981201 0.639893
vt 0.970459 0.608887
vt 0.966309 0.590088
vt 0.976074 0.619629
vt 0.962891 0.608154
vt 0.958496 0.592529
vt 0.973145 0.618896
vt 0.968262 0.618896
vt 0.973145 0.624023
vt 0.970459 0.622803
vt 0.970703 0.635254
vt 0.966064 0.624512
vt 0.966309 0.620850
vt 0.963135 0.617920
vt 0.969482 0.644531
vt 0.959473 0.636230
vt 0.960938 0.621826
vt 0.958984 0.617920
vt 0.960449 0.627197
vt 0.958008 0.620605
vt 0.953857 0.615479
vt 0.950439 0.594971
vt 0.954102 0.618164
vt 0.950684 0.623779
vt 0.951172 0.618896
vt 0.948242 0.612793
vt 0.941895 0.597168
vt 0.947510 0.617676
vt 0.944336 0.614746
vt 0.939453 0.611572
vt 0.943115 0.621094
vt 0.940430 0.617432
vt 0.936523 0.617676
vt 0.933838 0.631592
vt 0.931641 0.617188
vt 0.944092 0.631104
vt 0.923828 0.635498
vt 0.909668 0.626953
vt 0.927246 0.649414
vt 0.934570 0.651367
vt 0.940918 0.648193
vt 0.939209 0.673340
vt 0.948486 0.675293
vt 0.947998 0.645996
vt 0.955811 0.671875
vt 0.958984 0.648193
vt 0.962158 0.670898
vt 0.969971 0.667480
vt 0.978027 0.660889
vt 0.983398 0.662354
vt 0.987549 0.656982
vt 0.997314 0.660156
vt 0.988525 0.664062
vt 0.987549 0.673584
vt 0.996094 0.671387
vt 0.520508 0.048828
vt 0.514648 0.038574
vt 0.542969 0.033203
vt 0.545898 0.039307
vt 0.507080 0.052979
vt 0.489502 0.051270
vt 0.548340 0.049805
vt 0.491699 0.056396
vt 0.550049 0.044434
vt 0.506836 0.059326
vt 0.521973 0.053467
vt 0.526367 0.059570
vt 0.475098 0.058350
vt 0.460205 0.054443
vt 0.455566 0.064697
vt 0.491943 0.061035
vt 0.479248 0.066406
vt 0.458008 0.070801
vt 0.491211 0.067383
vt 0.483398 0.073975
vt 0.469727 0.076172
vt 0.506592 0.064941
vt 0.472900 0.083740
vt 0.454590 0.080078
vt 0.490967 0.073975
vt 0.506348 0.069092
vt 0.525146 0.064941
vt 0.507080 0.074219
vt 0.489258 0.082764
vt 0.490967 0.087646
vt 0.531494 0.066406
vt 0.508789 0.079590
vt 0.463867 0.093994
vt 0.528809 0.077881
vt 0.512207 0.084229
vt 0.483643 0.096436
vt 0.463379 0.107422
vt 0.480713 0.108154
vt 0.497803 0.094482
vt 0.528320 0.086914
vt 0.514893 0.090332
vt 0.500000 0.100342
vt 0.525635 0.094727
vt 0.500000 0.106689
vt 0.490479 0.114014
vt 0.470703 0.119629
vt 0.496338 0.115234
vt 0.508301 0.112549
vt 0.527100 0.103271
vt 0.528809 0.114258
vt 0.558105 0.102295
vt 0.552734 0.114014
vt 0.562256 0.109375
vt 0.563232 0.108154
vt 0.549805 0.095215
vt 0.556885 0.085938
vt 0.558350 0.093506
vt 0.560059 0.090820
vt 0.563477 0.093506
vt 0.567139 0.107178
vt 0.580078 0.103027
vt 0.558350 0.076904
vt 0.555908 0.081055
vt 0.547852 0.075439
vt 0.555176 0.074463
vt 0.552979 0.064941
vt 0.536621 0.062500
vt 0.551025 0.056152
vt 0.555420 0.064209
vt 0.553467 0.056396
vt 0.553955 0.044434
vt 0.558350 0.063965
vt 0.556885 0.055908
vt 0.571533 0.051025
vt 0.568848 0.041504
vt 0.574463 0.041748
vt 0.572266 0.059082
vt 0.575928 0.055176
vt 0.582520 0.045410
vt 0.576416 0.070312
vt 0.562012 0.075684
vt 0.579102 0.068359
vt 0.587891 0.058105
vt 0.576660 0.084473
vt 0.580566 0.077637
vt 0.592285 0.069824
vt 0.578125 0.088867
vt 0.583984 0.084229
vt 0.593262 0.082275
vt 0.587402 0.088623
vt 0.581543 0.090332
vt 0.583496 0.098145
vt 0.584717 0.104248
vt 0.621094 0.116699
vt 0.776611 0.251953
vt 0.786377 0.255371
vt 0.773682 0.260498
vt 0.781250 0.240723
vt 0.791992 0.241943
vt 0.773193 0.243408
vt 0.788818 0.224854
vt 0.778564 0.225342
vt 0.761475 0.238281
vt 0.787109 0.217041
vt 0.116455 0.068359
vt 0.121338 0.047363
vt 0.125732 0.062988
vt 0.125000 0.076416
vt 0.133789 0.045410
vt 0.132324 0.072510
vt 0.131104 0.084229
vt 0.138428 0.074463
vt 0.144531 0.049316
vt 0.152832 0.057617
vt 0.140625 0.086670
vt 0.114502 0.110107
vt 0.145020 0.074951
vt 0.151855 0.077637
vt 0.162109 0.072998
vt 0.146729 0.090576
vt 0.129883 0.107178
vt 0.114746 0.126953
vt 0.125000 0.133057
vt 0.116455 0.140137
vt 0.140625 0.108398
vt 0.156006 0.093750
vt 0.148438 0.110107
vt 0.123291 0.143066
vt 0.117920 0.149658
vt 0.130371 0.156494
vt 0.136719 0.138916
vt 0.168701 0.095947
vt 0.160400 0.111816
vt 0.171387 0.076660
vt 0.149902 0.037109
vt 0.184570 0.086182
vt 0.175293 0.056396
vt 0.174805 0.106201
vt 0.156982 0.139893
vt 0.136719 0.150635
vt 0.190674 0.107910
vt 0.177002 0.119141
vt 0.157227 0.156494
vt 0.176758 0.151855
vt 0.152588 0.164307
vt 0.174561 0.174561
vt 0.188232 0.173584
vt 0.172363 0.180664
vt 0.194580 0.142578
vt 0.151367 0.171387
vt 0.175049 0.196533
vt 0.125977 0.167236
vt 0.148682 0.178223
vt 0.125488 0.175049
vt 0.168213 0.204102
vt 0.144531 0.184082
vt 0.166260 0.215088
vt 0.189453 0.127441
vt 0.203857 0.118896
vt 0.205566 0.108398
vt 0.205811 0.130859
vt 0.204102 0.145508
vt 0.217529 0.137451
vt 0.216553 0.122803
vt 0.226074 0.135986
vt 0.228027 0.123291
vt 0.222900 0.113037
vt 0.234619 0.108398
vt 0.216309 0.103027
vt 0.231201 0.103271
vt 0.250244 0.092773
vt 0.241699 0.088623
vt 0.261719 0.083984
vt 0.247803 0.078369
vt 0.265381 0.073975
vt 0.237305 0.077393
vt 0.254395 0.070557
vt 0.205078 0.096436
vt 0.234619 0.073975
vt 0.250732 0.069336
vt 0.212891 0.086426
vt 0.237305 0.065430
vt 0.198975 0.089355
vt 0.193359 0.086914
vt 0.237549 0.059326
vt 0.195801 0.053223
vt 0.828125 0.098877
vt 0.825928 0.096680
vt 0.831543 0.096436
vt 0.829102 0.094727
vt 0.817627 0.090332
vt 0.813721 0.098145
vt 0.832520 0.093018
vt 0.796631 0.084473
vt 0.808350 0.082275
vt 0.842285 0.093750
vt 0.821045 0.081787
vt 0.820312 0.072998
vt 0.838867 0.089600
vt 0.841553 0.083984
vt 0.843262 0.087158
vt 0.842529 0.078125
vt 0.852295 0.083740
vt 0.866943 0.096924
vt 0.844971 0.079346
vt 0.842041 0.071045
vt 0.805176 0.059814
vt 0.846191 0.071533
vt 0.825928 0.057129
vt 0.871338 0.091064
vt 0.887207 0.094971
vt 0.875732 0.082275
vt 0.856445 0.069824
vt 0.843994 0.068115
vt 0.840820 0.062500
vt 0.844482 0.062012
vt 0.872314 0.071533
vt 0.840332 0.059326
vt 0.837891 0.053955
vt 0.843750 0.059326
vt 0.842041 0.053467
vt 0.840576 0.047607
vt 0.866699 0.054199
vt 0.841797 0.041504
vt 0.875977 0.049805
vt 0.881348 0.041504
vt 0.881104 0.066650
vt 0.887939 0.062500
vt 0.892334 0.052002
vt 0.894287 0.039062
vt 0.886719 0.029541
vt 0.907471 0.041016
vt 0.907715 0.028320
vt 0.905762 0.054199
vt 0.910889 0.034912
vt 0.911133 0.018311
vt 0.910156 0.046875
vt 0.906494 0.061768
vt 0.915283 0.012695
vt 0.916748 0.018555
vt 0.915527 0.031250
vt 0.914307 0.048828
vt 0.927979 0.049072
vt 0.929443 0.033691
vt 0.937256 0.051025
vt 0.924805 0.065918
vt 0.909180 0.067871
vt 0.937744 0.063477
vt 0.943115 0.052490
vt 0.947021 0.062744
vt 0.924561 0.073242
vt 0.937744 0.075928
vt 0.944580 0.072998
vt 0.960205 0.077148
vt 0.920166 0.075195
vt 0.955811 0.086914
vt 0.970703 0.094971
vt 0.961426 0.105713
vt 0.938232 0.088379
vt 0.950684 0.098389
vt 0.947021 0.107666
vt 0.933594 0.090820
vt 0.922852 0.094971
vt 0.937256 0.102783
vt 0.950684 0.127197
vt 0.928223 0.098145
vt 0.907959 0.104492
vt 0.933594 0.111816
vt 0.947021 0.131836
vt 0.936768 0.138916
vt 0.921875 0.115967
vt 0.898682 0.089844
vt 0.889404 0.099609
vt 0.897705 0.081543
vt 0.904297 0.080078
vt 0.901123 0.075439
vt 0.897461 0.072021
vt 0.883301 0.076904
vt 0.266113 0.540039
vt 0.260742 0.540527
vt 0.263672 0.534668
vt 0.269775 0.536377
vt 0.271240 0.524170
vt 0.278564 0.519287
vt 0.265625 0.522705
vt 0.275879 0.505371
vt 0.285889 0.499023
vt 0.260986 0.520508
vt 0.270264 0.496582
vt 0.278076 0.489990
vt 0.294434 0.477539
vt 0.311523 0.464844
vt 0.287598 0.455566
vt 0.261475 0.504883
vt 0.270996 0.482422
vt 0.282227 0.444336
vt 0.274658 0.449463
vt 0.251465 0.516357
vt 0.264648 0.482666
vt 0.260498 0.479004
vt 0.279053 0.428467
vt 0.718506 0.134277
vt 0.706787 0.118896
vt 0.723389 0.127686
vt 0.716553 0.109131
vt 0.701172 0.107910
vt 0.701660 0.121826
vt 0.693115 0.111084
vt 0.711182 0.134766
vt 0.686279 0.115479
vt 0.695312 0.139893
vt 0.702393 0.160400
vt 0.713379 0.162109
vt 0.689453 0.140381
vt 0.711182 0.169434
vt 0.680908 0.132568
vt 0.676025 0.118896
vt 0.691895 0.159912
vt 0.681396 0.147461
vt 0.672607 0.148682
vt 0.682129 0.162598
vt 0.700439 0.171875
vt 0.690918 0.171631
vt 0.705811 0.173340
vt 0.714111 0.167969
vt 0.710938 0.180420
vt 0.694824 0.172607
vt 0.702881 0.179932
vt 0.703857 0.193848
vt 0.717529 0.202637
vt 0.694580 0.181885
vt 0.704590 0.207031
vt 0.684814 0.173584
vt 0.689209 0.185791
vt 0.694092 0.203369
vt 0.682373 0.172852
vt 0.677246 0.175293
vt 0.677002 0.165283
vt 0.673828 0.173584
vt 0.668701 0.166504
vt 0.684082 0.189209
vt 0.669922 0.174316
vt 0.664551 0.171631
vt 0.672363 0.184326
vt 0.681641 0.203125
vt 0.665527 0.148926
vt 0.667480 0.133545
vt 0.670654 0.119141
vt 0.659180 0.125000
vt 0.672363 0.110352
vt 0.659180 0.137451
vt 0.659668 0.156250
vt 0.654297 0.135010
vt 0.642822 0.112305
vt 0.652344 0.158447
vt 0.655273 0.170654
vt 0.645020 0.144287
vt 0.634766 0.148682
vt 0.643555 0.160889
vt 0.632324 0.117920
vt 0.640137 0.177002
vt 0.626953 0.130127
vt 0.626953 0.119141
vt 0.616699 0.130859
vt 0.625000 0.145264
vt 0.634766 0.168701
vt 0.615967 0.149414
vt 0.624268 0.167480
vt 0.629883 0.176758
vt 0.619385 0.177490
vt 0.610107 0.133301
vt 0.610596 0.119141
vt 0.618408 0.182373
vt 0.629395 0.185547
vt 0.621826 0.204590
vt 0.622803 0.217041
vt 0.631836 0.218994
vt 0.642090 0.187012
vt 0.638672 0.219727
vt 0.646973 0.209229
vt 0.647461 0.224121
vt 0.647949 0.177002
vt 0.654785 0.203125
vt 0.652588 0.186035
vt 0.660645 0.205811
vt 0.661377 0.222900
vt 0.661865 0.174561
vt 0.659424 0.184570
vt 0.673096 0.200928
vt 0.675049 0.208496
vt 0.677002 0.215576
vt 0.672363 0.227783
vt 0.682373 0.236816
vt 0.689209 0.211426
vt 0.688721 0.220947
vt 0.699219 0.229736
vt 0.698975 0.217041
vt 0.706543 0.233398
vt 0.708496 0.218994
vt 0.000244 0.802002
vt 0.016113 0.760010
vt 0.008301 0.803223
vt 0.018311 0.798828
vt 0.950684 0.049805
vt 0.945068 0.039795
vt 0.967529 0.047607
vt 0.963867 0.042725
vt 0.969971 0.045166
vt 0.971191 0.049805
vt 0.965332 0.053711
vt 0.951416 0.057373
vt 0.972656 0.055420
vt 0.998047 0.038330
vt 0.976562 0.061279
vt 0.970215 0.056641
vt 0.971191 0.062500
vt 0.971680 0.067383
vt 0.977051 0.066650
vt 0.977539 0.070557
vt 0.979980 0.086670
vt 0.979736 0.119385
vt 0.000488 0.731689
vt 0.003906 0.739502
vt 0.001221 0.763672
vt 0.004150 0.760498
vt 0.009766 0.739502
vt 0.000732 0.772461
vt 0.010254 0.758057
vt 0.003906 0.770752
vt 0.155029 0.333740
vt 0.154053 0.346191
vt 0.141357 0.366699
vt 0.141113 0.350342
vt 0.137207 0.369385
vt 0.136475 0.350830
vt 0.131592 0.354980
vt 0.142822 0.371582
vt 0.133545 0.372070
vt 0.129883 0.370361
vt 0.125732 0.355713
vt 0.131348 0.388672
vt 0.124023 0.365967
vt 0.121338 0.346924
vt 0.127197 0.385742
vt 0.117188 0.348145
vt 0.134033 0.391846
vt 0.138428 0.383301
vt 0.129395 0.402588
vt 0.134766 0.406494
vt 0.141113 0.386719
vt 0.148438 0.371826
vt 0.162842 0.342773
vt 0.154785 0.371582
vt 0.149170 0.380127
vt 0.155762 0.381348
vt 0.147705 0.396729
vt 0.153564 0.397217
vt 0.140625 0.407227
vt 0.146240 0.409180
vt 0.149658 0.414795
vt 0.137207 0.433105
vt 0.141113 0.434570
vt 0.133789 0.432129
vt 0.128662 0.430908
vt 0.133057 0.433838
vt 0.139160 0.435303
vt 0.143311 0.438721
vt 0.143555 0.437256
vt 0.147705 0.442139
vt 0.129395 0.419922
vt 0.142090 0.440674
vt 0.146729 0.443359
vt 0.136475 0.437744
vt 0.124756 0.420410
vt 0.124023 0.430908
vt 0.122070 0.416504
vt 0.119141 0.429932
vt 0.124512 0.434082
vt 0.124268 0.400879
vt 0.117432 0.420410
vt 0.119141 0.398682
vt 0.112793 0.431152
vt 0.114258 0.418945
vt 0.115723 0.399658
vt 0.122070 0.381348
vt 0.113281 0.433594
vt 0.110840 0.431641
vt 0.107178 0.433838
vt 0.106934 0.433594
vt 0.119629 0.375000
vt 0.119873 0.366455
vt 0.115234 0.350586
vt 0.116211 0.367676
vt 0.109375 0.345703
vt 0.113525 0.364746
vt 0.109863 0.393066
vt 0.113037 0.397217
vt 0.117432 0.381104
vt 0.098877 0.398438
vt 0.109131 0.436035
vt 0.106445 0.435547
vt 0.104248 0.440918
vt 0.110107 0.440186
vt 0.103271 0.443359
vt 0.107422 0.443115
vt 0.112305 0.442627
vt 0.114746 0.440186
vt 0.117920 0.443604
vt 0.116699 0.434082
vt 0.118652 0.439941
vt 0.124268 0.441895
vt 0.123535 0.445068
vt 0.119873 0.434326
vt 0.130371 0.447266
vt 0.119629 0.431641
vt 0.130615 0.436279
vt 0.131592 0.443848
vt 0.135986 0.446045
vt 0.136719 0.449951
vt 0.139893 0.447510
vt 0.140869 0.452881
vt 0.142090 0.447510
vt 0.144043 0.451416
vt 0.144531 0.456299
vt 0.145264 0.445068
vt 0.146484 0.454834
vt 0.146973 0.447998
vt 0.147461 0.459473
vt 0.148438 0.448975
vt 0.149414 0.446777
vt 0.150391 0.447021
vt 0.150879 0.450684
vt 0.149170 0.457764
vt 0.149902 0.452637
vt 0.150146 0.463379
vt 0.153320 0.455078
vt 0.152588 0.452148
vt 0.157227 0.456543
vt 0.156006 0.454346
vt 0.158203 0.459473
vt 0.152588 0.460938
vt 0.154785 0.466064
vt 0.153564 0.467285
vt 0.589355 0.984619
vt 0.626221 0.983887
vt 0.608398 0.986816
vt 0.626953 0.987549
vt 0.613770 0.989746
vt 0.656494 0.982422
vt 0.629639 0.992432
vt 0.642334 0.991943
vt 0.631592 0.995850
vt 0.645508 0.996582
vt 0.656738 0.988770
vt 0.656982 0.994385
vt 0.661133 0.999268
vt 0.679688 0.994629
vt 0.679688 0.997803
vt 0.671631 0.990479
vt 0.679932 0.988770
vt 0.674561 0.985596
vt 0.658936 0.979736
vt 0.680664 0.984131
vt 0.675537 0.981445
vt 0.681396 0.981201
vt 0.583496 0.963135
vt 0.598145 0.967773
vt 0.569580 0.968994
vt 0.583740 0.970703
vt 0.598389 0.971436
vt 0.598389 0.963135
vt 0.589111 0.958008
vt 0.619629 0.971191
vt 0.629150 0.973633
vt 0.630859 0.970459
vt 0.610596 0.966064
vt 0.597656 0.958984
vt 0.584229 0.952637
vt 0.597412 0.954834
vt 0.605957 0.959717
vt 0.627441 0.956055
vt 0.628418 0.966309
vt 0.633057 0.961182
vt 0.653564 0.958984
vt 0.646729 0.968018
vt 0.649170 0.971436
vt 0.656494 0.969727
vt 0.655762 0.972656
vt 0.651611 0.964844
vt 0.656494 0.965576
vt 0.658936 0.964355
vt 0.658936 0.958740
vt 0.673828 0.952148
vt 0.662354 0.963867
vt 0.008545 0.548584
vt 0.000244 0.568604
vt 0.007324 0.541748
vt 0.056641 0.850830
vt 0.060547 0.847656
vt 0.058350 0.852783
vt 0.053223 0.843994
vt 0.063232 0.844482
vt 0.050781 0.854248
vt 0.050293 0.847656
vt 0.059814 0.835938
vt 0.066895 0.839355
vt 0.069336 0.834961
vt 0.045898 0.844971
vt 0.046631 0.850098
vt 0.038818 0.841797
vt 0.038574 0.847656
vt 0.042236 0.854004
vt 0.035889 0.853271
vt 0.032471 0.846436
vt 0.029541 0.859863
vt 0.044189 0.858154
vt 0.054688 0.859375
vt 0.058350 0.857666
vt 0.025391 0.857910
vt 0.057129 0.864746
vt 0.060303 0.862549
vt 0.062988 0.867676
vt 0.066895 0.872070
vt 0.064941 0.873047
vt 0.061035 0.870117
vt 0.054932 0.871826
vt 0.041504 0.864014
vt 0.041992 0.868896
vt 0.051025 0.875977
vt 0.036621 0.872559
vt 0.028564 0.868652
vt 0.029297 0.864502
vt 0.022705 0.870361
vt 0.020020 0.867432
vt 0.023193 0.875000
vt 0.013916 0.873047
vt 0.011963 0.877197
vt 0.010010 0.873535
vt 0.000977 0.867920
vt 0.013916 0.869629
vt 0.018066 0.862793
vt 0.022705 0.853760
vt 0.011719 0.871582
vt 0.011475 0.868164
vt 0.014893 0.861084
vt 0.008301 0.869629
vt 0.007812 0.864014
vt 0.008057 0.855957
vt 0.019531 0.851562
vt 0.016357 0.851807
vt 0.016113 0.848633
vt 0.019043 0.846680
vt 0.012207 0.845459
vt 0.015137 0.842529
vt 0.026367 0.843506
vt 0.020508 0.840088
vt 0.016602 0.840332
vt 0.008301 0.827637
vt 0.012939 0.828857
vt 0.000000 0.815674
vt 0.026367 0.832031
vt 0.019287 0.829590
vt 0.002197 0.814697
vt 0.000732 0.810303
vt 0.011719 0.823242
vt 0.014893 0.821777
vt 0.003662 0.812012
vt 0.002197 0.807373
vt 0.006104 0.810059
vt 0.019531 0.821045
vt 0.026367 0.827881
vt 0.024658 0.822021
vt 0.031738 0.832520
vt 0.029541 0.822266
vt 0.025391 0.819092
vt 0.027100 0.816406
vt 0.033691 0.819092
vt 0.039307 0.824219
vt 0.048096 0.837158
vt 0.048340 0.830811
vt 0.044922 0.820068
vt 0.058594 0.826904
vt 0.048340 0.815674
vt 0.051514 0.813965
vt 0.065430 0.831299
vt 0.064697 0.822754
vt 0.061279 0.824463
vt 0.059570 0.817139
vt 0.445312 0.939453
vt 0.450439 0.940674
vt 0.446533 0.944336
vt 0.449219 0.945801
vt 0.457275 0.937012
vt 0.459229 0.941895
vt 0.459229 0.948486
vt 0.450684 0.950928
vt 0.455566 0.955322
vt 0.461182 0.957031
vt 0.454346 0.934082
vt 0.444092 0.934326
vt 0.458984 0.930664
vt 0.441895 0.930420
vt 0.464600 0.934570
vt 0.467773 0.930176
vt 0.477783 0.932861
vt 0.481201 0.936523
vt 0.466064 0.938232
vt 0.478516 0.941895
vt 0.496826 0.928467
vt 0.464844 0.943115
vt 0.495117 0.933838
vt 0.484131 0.942139
vt 0.463623 0.948975
vt 0.477051 0.947510
vt 0.489014 0.947754
vt 0.476074 0.956299
vt 0.464111 0.954834
vt 0.470215 0.963379
vt 0.466309 0.969971
vt 0.479248 0.965088
vt 0.471436 0.977539
vt 0.467529 0.979004
vt 0.473145 0.969971
vt 0.476562 0.972656
vt 0.473389 0.976562
vt 0.478027 0.981201
vt 0.477783 0.993164
vt 0.473389 0.996338
vt 0.471436 0.986328
vt 0.469482 0.986328
vt 0.020020 0.943115
vt 0.020264 0.949707
vt 0.014893 0.945312
vt 0.012451 0.933105
vt 0.009033 0.937988
vt 0.010742 0.924561
vt 0.024902 0.937500
vt 0.011230 0.945801
vt 0.015381 0.925781
vt 0.005859 0.943359
vt 0.007080 0.949707
vt 0.004150 0.939209
vt 0.004883 0.924561
vt 0.010986 0.922363
vt 0.019531 0.920898
vt 0.008789 0.922119
vt 0.008301 0.925781
vt 0.839600 0.965088
vt 0.844971 0.963623
vt 0.844971 0.971680
vt 0.837891 0.956543
vt 0.841553 0.955078
vt 0.838379 0.953369
vt 0.838867 0.949707
vt 0.835449 0.948486
vt 0.841797 0.935059
vt 0.846924 0.931885
vt 0.830322 0.947021
vt 0.843750 0.930176
vt 0.843994 0.926514
vt 0.840332 0.933594
vt 0.839111 0.930664
vt 0.838623 0.927002
vt 0.831299 0.936279
vt 0.833252 0.940186
vt 0.823486 0.942627
vt 0.827148 0.945557
vt 0.824463 0.947754
vt 0.609863 0.060791
vt 0.613525 0.076172
vt 0.606445 0.071533
vt 0.608643 0.081787
vt 0.613037 0.081543
vt 0.611328 0.086182
vt 0.620361 0.093750
vt 0.617188 0.093750
vt 0.614990 0.096436
vt 0.626953 0.109131
vt 0.625000 0.111572
vt 0.605713 0.091553
vt 0.611572 0.100586
vt 0.604004 0.094238
vt 0.598877 0.093994
vt 0.603027 0.098633
vt 0.000244 0.585693
vt 0.003906 0.582031
vt 0.006348 0.588379
vt 0.000488 0.598633
vt 0.004395 0.602295
vt 0.000732 0.611572
vt 0.007324 0.597168
vt 0.010498 0.591553
vt 0.004150 0.613281
vt 0.003418 0.616211
vt 0.009277 0.616699
vt 0.007812 0.612305
vt 0.012451 0.612549
vt 0.008789 0.601318
vt 0.012695 0.601074
vt 0.016113 0.593506
vt 0.019531 0.598877
vt 0.020264 0.593262
vt 0.127686 0.956543
vt 0.124512 0.952637
vt 0.136719 0.952393
vt 0.125488 0.948486
vt 0.141357 0.955078
vt 0.136475 0.947754
vt 0.127197 0.944580
vt 0.144287 0.949707
vt 0.135010 0.943848
vt 0.124756 0.939697
vt 0.144287 0.947021
vt 0.129639 0.936279
vt 0.143066 0.943848
vt 0.147217 0.950928
vt 0.143555 0.960693
vt 0.152100 0.948242
vt 0.148682 0.946289
vt 0.152100 0.942627
vt 0.147217 0.944092
vt 0.143066 0.940674
vt 0.143311 0.938232
vt 0.139404 0.928711
vt 0.131348 0.929688
vt 0.124268 0.931396
s 1
usemtl tripo_mat_84b96f49-ba27-492b-82cf-8a2ab53621bc
f 3519/1 3339/2 3708/3
f 3339/2 3519/1 3297/4
f 3339/2 3297/4 3131/5
f 3131/5 3297/4 3252/6
f 3131/5 3252/6 3054/7
f 3131/5 3054/7 3052/8
f 3131/5 3052/8 3149/9
f 3149/9 3052/8 2932/10
f 3149/9 2932/10 3100/11
f 3131/5 3149/9 3284/12
f 3131/5 3284/12 3339/2
f 3149/9 3100/11 3415/13
f 3149/9 3415/13 3284/12
f 3415/13 3100/11 3630/14
f 3339/2 3284/12 3597/15
f 3597/15 3284/12 3415/13
f 3339/2 3597/15 3708/3
f 3708/3 3597/15 3624/16
f 3624/16 3597/15 3415/13
f 3708/3 3624/16 3761/17
f 3415/13 3630/14 3683/18
f 3415/13 3683/18 3624/16
f 3683/18 3630/14 4159/19
f 3761/17 3624/16 3824/20
f 3824/20 3624/16 3683/18
f 3761/17 3824/20 3823/21
f 3683/18 4159/19 3922/22
f 3683/18 3922/22 3824/20
f 3823/21 3824/20 3929/23
f 3929/23 3824/20 3922/22
f 3823/21 3929/23 3977/24
f 3922/22 4159/19 4214/25
f 3922/22 4214/25 3929/23
f 3977/24 3929/23 4164/26
f 4164/26 3929/23 4271/27
f 4271/27 3929/23 4214/25
f 4164/26 4271/27 4348/28
f 4348/28 4271/27 4388/29
f 4388/29 4271/27 4214/25
f 4388/29 4214/25 4318/30
f 4388/29 4318/30 4393/31
f 4388/29 4393/31 4355/32
f 2517/33 2761/34 2719/35
f 2517/33 2719/35 2493/36
f 2493/36 2719/35 2688/37
f 2493/36 2688/37 2676/38
f 2493/36 2676/38 2348/39
f 2517/33 2493/36 2436/40
f 2436/40 2493/36 2348/39
f 2761/34 2517/33 2510/41
f 2510/41 2517/33 2436/40
f 2761/34 2510/41 2507/42
f 2761/34 2507/42 2846/43
f 2846/43 2507/42 2543/44
f 2543/44 2507/42 2362/45
f 2507/42 2510/41 2380/46
f 2380/46 2510/41 2436/40
f 2507/42 2380/46 2362/45
f 2380/46 2436/40 2348/39
f 2362/45 2380/46 2307/47
f 2307/47 2380/46 2348/39
f 2362/45 2307/47 2252/48
f 2307/47 2348/39 2370/49
f 2307/47 2370/49 2252/48
f 2252/48 2370/49 2292/50
f 2948/51 2719/52 2761/53
f 2948/51 2761/53 2846/54
f 2719/52 2948/51 2916/55
f 2719/52 2916/55 2688/56
f 2688/56 2916/55 2676/57
f 2948/51 2846/54 3052/58
f 3052/58 2846/54 2932/59
f 2932/59 2846/54 2543/60
f 2932/59 2543/60 3100/61
f 2948/51 3052/58 2941/62
f 2948/51 2941/62 2916/55
f 2916/55 2941/62 2676/57
f 2941/62 3052/58 3054/63
f 2941/62 3054/63 2716/64
f 2941/62 2716/64 2676/57
f 2676/57 2716/64 2348/65
f 2348/65 2716/64 2370/66
f 2370/66 2716/64 2292/67
f 2292/67 2716/64 2845/68
f 2292/67 2845/68 2212/69
f 2292/67 2212/69 2137/70
f 2137/70 2212/69 151/71
f 2212/69 2845/68 2308/72
f 2308/72 2845/68 2674/73
f 151/71 2212/69 179/74
f 179/74 2212/69 2308/72
f 151/71 179/74 407/75
f 2308/72 2674/73 2116/76
f 2116/76 2674/73 2538/77
f 179/74 2308/72 272/78
f 272/78 2308/72 2116/76
f 407/75 179/74 473/79
f 473/79 179/74 272/78
f 407/75 473/79 443/80
f 443/80 473/79 472/81
f 472/81 473/79 272/78
f 443/80 472/81 318/82
f 318/82 472/81 31/83
f 31/83 472/81 272/78
f 31/83 272/78 2116/76
f 31/83 2116/76 2538/77
f 31/83 2538/77 1931/84
f 1931/84 2538/77 2344/85
f 3519/86 3708/87 3711/88
f 3711/88 3708/87 3738/89
f 3738/89 3708/87 3761/90
f 3519/86 3711/88 3536/91
f 3536/91 3711/88 3738/89
f 3519/86 3536/91 3297/92
f 3738/89 3761/90 3823/93
f 3297/92 3536/91 3252/94
f 3536/91 3738/89 3782/95
f 3782/95 3738/89 3823/93
f 3252/94 3536/91 3193/96
f 3252/94 3193/96 3054/97
f 3054/97 3193/96 2716/98
f 3193/96 3536/91 3557/99
f 3193/96 3557/99 2716/98
f 3557/99 3536/91 3782/95
f 3782/95 3823/93 3890/100
f 2716/98 3557/99 3375/101
f 2716/98 3375/101 2845/102
f 3557/99 3782/95 4152/103
f 4152/103 3782/95 3890/100
f 3890/100 3823/93 4070/104
f 3890/100 4070/104 4152/103
f 4070/104 3823/93 3977/105
f 2845/102 3375/101 3218/106
f 2845/102 3218/106 2674/107
f 2674/107 3218/106 2538/108
f 3218/106 3375/101 3288/109
f 3218/106 3288/109 2538/108
f 3985/110 3375/101 3557/99
f 3375/101 3985/110 3288/109
f 3985/110 3557/99 4152/103
f 2538/108 3288/109 3531/111
f 3288/109 3985/110 3900/112
f 3288/109 3900/112 3531/111
f 3985/110 4152/103 4228/113
f 3985/110 4228/113 3900/112
f 2538/108 3531/111 3065/114
f 2538/108 3065/114 2344/115
f 2344/115 3065/114 2737/116
f 2344/115 2737/116 2073/117
f 2737/116 3065/114 2928/118
f 2737/116 2928/118 2705/119
f 2705/119 2928/118 2612/120
f 2928/118 3065/114 3365/121
f 3365/121 3065/114 3531/111
f 2612/120 2928/118 3071/122
f 3071/122 2928/118 3365/121
f 2612/120 3071/122 2911/123
f 2612/120 2911/123 2593/124
f 3365/121 3531/111 3789/125
f 3789/125 3531/111 3900/112
f 3071/122 3365/121 3575/126
f 3575/126 3365/121 3789/125
f 3071/122 3575/126 3232/127
f 3071/122 3232/127 2911/123
f 2593/124 2911/123 2918/128
f 2593/124 2918/128 2801/129
f 2801/129 2918/128 2894/130
f 2918/128 2911/123 3141/131
f 2894/130 2918/128 3058/132
f 3058/132 2918/128 3141/131
f 3141/131 2911/123 3336/133
f 3336/133 2911/123 3232/127
f 3336/133 3232/127 3629/134
f 3629/134 3232/127 3575/126
f 3141/131 3336/133 3466/135
f 3629/134 3575/126 3975/136
f 3466/135 3336/133 3788/137
f 3788/137 3336/133 3629/134
f 3141/131 3466/135 3436/138
f 3141/131 3436/138 3058/132
f 3975/136 3575/126 3789/125
f 3629/134 3975/136 3968/139
f 3629/134 3968/139 3788/137
f 3975/136 3789/125 4057/140
f 3968/139 3975/136 4185/141
f 4185/141 3975/136 4057/140
f 3968/139 4185/141 4183/142
f 4183/142 4185/141 4169/143
f 4169/143 4185/141 4057/140
f 4183/142 4169/143 4036/144
f 4169/143 4057/140 3910/145
f 4183/142 4036/144 4055/146
f 4183/142 4055/146 3968/139
f 3968/139 4055/146 3788/137
f 4055/146 4036/144 3921/147
f 3788/137 4055/146 3942/148
f 3942/148 4055/146 3921/147
f 3910/145 4057/140 4090/149
f 3910/145 4090/149 4134/150
f 4134/150 4090/149 4303/151
f 4090/149 4057/140 4064/152
f 4064/152 4057/140 3789/125
f 4303/151 4090/149 4315/153
f 4315/153 4090/149 4064/152
f 4064/152 3789/125 4193/154
f 4064/152 4193/154 4315/153
f 4193/154 3789/125 3900/112
f 4193/154 3900/112 4228/113
f 4315/153 4193/154 4368/155
f 4315/153 4368/155 4303/151
f 4368/155 4193/154 4228/113
f 4303/151 4368/155 4393/156
f 4303/151 4393/156 4318/157
f 4393/156 4368/155 4355/158
f 4355/158 4368/155 4228/113
f 4355/158 4228/113 4152/103
f 4355/158 4152/103 4261/159
f 4355/158 4261/159 4388/160
f 4261/159 4152/103 4070/104
f 4388/160 4261/159 4358/161
f 4388/160 4358/161 4348/162
f 4261/159 4070/104 4233/163
f 4261/159 4233/163 4358/161
f 4233/163 4070/104 4229/164
f 4233/163 4229/164 4358/161
f 4358/161 4229/164 4348/162
f 4229/164 4070/104 3977/105
f 4348/162 4229/164 4164/165
f 4164/165 4229/164 3977/105
f 407/166 273/167 151/168
f 273/167 407/166 443/169
f 151/168 273/167 2137/170
f 2137/170 273/167 1/171
f 273/167 443/169 116/172
f 273/167 116/172 1/171
f 116/172 443/169 54/173
f 54/173 443/169 318/174
f 1/171 116/172 1938/175
f 1/171 1938/175 2137/170
f 1938/175 116/172 54/173
f 54/173 318/174 31/176
f 2137/170 1938/175 2123/177
f 2123/177 1938/175 54/173
f 2137/170 2123/177 2292/178
f 2292/178 2123/177 2252/179
f 54/173 31/176 1931/180
f 2252/179 2123/177 2362/181
f 54/173 1931/180 2073/182
f 2073/182 1931/180 2344/183
f 2123/177 54/173 2176/184
f 2123/177 2176/184 2362/181
f 54/173 2073/182 2113/185
f 54/173 2113/185 2176/184
f 2113/185 2073/182 2267/186
f 2267/186 2073/182 2737/187
f 2267/186 2737/187 2564/188
f 2564/188 2737/187 2705/189
f 2267/186 2564/188 2598/190
f 2267/186 2598/190 2113/185
f 2598/190 2564/188 2705/189
f 2346/191 2176/184 2113/185
f 2176/184 2346/191 2362/181
f 2346/191 2113/185 2598/190
f 2362/181 2346/191 2534/192
f 2362/181 2534/192 2543/193
f 2534/192 2346/191 2580/194
f 2580/194 2346/191 2598/190
f 2543/193 2534/192 3010/195
f 3010/195 2534/192 2580/194
f 2543/193 3010/195 3100/196
f 2580/194 2598/190 3023/197
f 2580/194 3023/197 3010/195
f 3100/196 3010/195 3674/198
f 3674/198 3010/195 3023/197
f 3100/196 3674/198 3630/199
f 3630/199 3674/198 4159/200
f 4318/201 4214/202 4159/200
f 4318/201 4159/200 4303/203
f 4303/203 4159/200 4134/204
f 4134/204 4159/200 3674/198
f 4134/204 3674/198 3704/205
f 3704/205 3674/198 3023/197
f 4134/204 3704/205 3910/206
f 3704/205 3023/197 3380/207
f 3910/206 3704/205 3745/208
f 3745/208 3704/205 3380/207
f 3380/207 3023/197 3061/209
f 3061/209 3023/197 2598/190
f 3745/208 3380/207 3435/210
f 3061/209 2598/190 2763/211
f 3380/207 3061/209 2938/212
f 2938/212 3061/209 2763/211
f 3380/207 2938/212 3435/210
f 2763/211 2598/190 2705/189
f 2763/211 2705/189 2549/213
f 2549/213 2705/189 2612/214
f 2549/213 2612/214 2593/215
f 2763/211 2549/213 2735/216
f 2763/211 2735/216 2938/212
f 2549/213 2593/215 2559/217
f 2549/213 2559/217 2735/216
f 2559/217 2593/215 2801/218
f 2938/212 2735/216 3101/219
f 2938/212 3101/219 3435/210
f 2735/216 2559/217 2747/220
f 3101/219 2735/216 3129/221
f 3129/221 2735/216 2747/220
f 3101/219 3129/221 3507/222
f 3101/219 3507/222 3435/210
f 3129/221 2747/220 3182/223
f 2747/220 2559/217 2896/224
f 2747/220 2896/224 3182/223
f 2896/224 2559/217 2826/225
f 2826/225 2559/217 2801/218
f 2896/224 2826/225 2884/226
f 2896/224 2884/226 3182/223
f 2826/225 2801/218 2797/227
f 2797/227 2801/218 2894/228
f 2826/225 2797/227 2753/229
f 2826/225 2753/229 2884/226
f 2797/227 2894/228 2711/230
f 2797/227 2711/230 2753/229
f 2711/230 2894/228 2789/231
f 2711/230 2789/231 2659/232
f 2659/232 2789/231 2854/233
f 2711/230 2659/232 2668/234
f 2711/230 2668/234 2753/229
f 2753/229 2668/234 2884/226
f 2884/226 2668/234 2760/235
f 2760/235 2668/234 2720/236
f 2760/235 2720/236 2968/237
f 2760/235 2968/237 2884/226
f 2884/226 2968/237 3126/238
f 2884/226 3126/238 3182/223
f 3126/238 2968/237 3269/239
f 3269/239 2968/237 3151/240
f 3126/238 3269/239 3548/241
f 3182/223 3126/238 3587/242
f 3587/242 3126/238 3548/241
f 3182/223 3587/242 3492/243
f 3182/223 3492/243 3129/221
f 3129/221 3492/243 3507/222
f 3587/242 3548/241 3729/244
f 3729/244 3548/241 3664/245
f 3729/244 3664/245 3834/246
f 3587/242 3729/244 3863/247
f 3587/242 3863/247 3492/243
f 3729/244 3834/246 3909/248
f 3729/244 3909/248 3863/247
f 3909/248 3834/246 3993/249
f 3909/248 3993/249 4007/250
f 3909/248 4007/250 3863/247
f 3492/243 3863/247 3693/251
f 3492/243 3693/251 3507/222
f 3693/251 3863/247 3921/252
f 3693/251 3921/252 4036/253
f 3507/222 3693/251 3804/254
f 3804/254 3693/251 4036/253
f 3507/222 3804/254 3790/255
f 3507/222 3790/255 3435/210
f 3435/210 3790/255 3745/208
f 3790/255 3804/254 4014/256
f 3790/255 4014/256 3745/208
f 4014/256 3804/254 4036/253
f 3745/208 4014/256 3910/206
f 4014/256 4036/253 4169/257
f 4014/256 4169/257 3910/206
f 3727/258 3466/135 3788/137
f 3727/258 3788/137 3942/148
f 3466/135 3727/258 3436/138
f 3727/258 3942/148 3858/259
f 3858/259 3942/148 3950/260
f 3727/258 3858/259 3723/261
f 3727/258 3723/261 3436/138
f 3950/260 3942/148 3954/262
f 3954/262 3942/148 3921/147
f 3954/262 3921/147 3863/263
f 3954/262 3863/263 4007/264
f 3950/260 3954/262 4046/265
f 3950/260 4046/265 3858/259
f 3954/262 4007/264 4068/266
f 3954/262 4068/266 4046/265
f 4068/266 4007/264 3993/267
f 4068/266 3993/267 3982/268
f 4046/265 4068/266 4023/269
f 4046/265 4023/269 3981/270
f 3858/259 4046/265 3875/271
f 3875/271 4046/265 3981/270
f 3858/259 3875/271 3723/261
f 3875/271 3981/270 3893/272
f 3875/271 3893/272 3746/273
f 3723/261 3875/271 3654/274
f 3654/274 3875/271 3746/273
f 3723/261 3654/274 3436/138
f 3654/274 3746/273 3586/275
f 3654/274 3586/275 3439/276
f 3654/274 3439/276 3436/138
f 3439/276 3586/275 3346/277
f 3436/138 3439/276 3217/278
f 3217/278 3439/276 3346/277
f 3436/138 3217/278 3058/132
f 3217/278 3346/277 3030/279
f 3217/278 3030/279 3013/280
f 3217/278 3013/280 3058/132
f 3013/280 3030/279 2854/281
f 3058/132 3013/280 2902/282
f 2902/282 3013/280 2854/281
f 3058/132 2902/282 2894/130
f 2902/282 2854/281 2789/283
f 2902/282 2789/283 2894/130
f 2659/284 2654/285 2668/286
f 2668/286 2654/285 2720/287
f 2654/285 2659/284 2665/288
f 2654/285 2665/288 2720/287
f 2665/288 2659/284 2691/289
f 2691/289 2659/284 2771/290
f 2771/290 2659/284 2854/291
f 2691/289 2771/290 2701/292
f 2691/289 2701/292 2629/293
f 2691/289 2629/293 2665/288
f 2701/292 2771/290 2842/294
f 2665/288 2629/293 2632/295
f 2665/288 2632/295 2693/296
f 2771/290 2854/291 2901/297
f 2771/290 2901/297 2842/294
f 2901/297 2854/291 3030/298
f 2842/294 2901/297 3008/299
f 3008/299 2901/297 3030/298
f 2665/288 2693/296 2754/300
f 2665/288 2754/300 2720/287
f 2754/300 2693/296 2880/301
f 2754/300 2880/301 3000/302
f 2720/287 2754/300 2897/303
f 2897/303 2754/300 3000/302
f 2720/287 2897/303 2968/304
f 2968/304 2897/303 3151/305
f 3151/305 2897/303 3000/302
f 3151/305 3000/302 3220/306
f 3220/306 3000/302 3240/307
f 3151/305 3220/306 3361/308
f 3361/308 3220/306 3240/307
f 3151/305 3361/308 3269/309
f 3361/308 3240/307 3488/310
f 3269/309 3361/308 3548/311
f 3361/308 3488/310 3539/312
f 3361/308 3539/312 3548/311
f 3539/312 3488/310 3639/313
f 3548/311 3539/312 3664/314
f 3539/312 3639/313 3648/315
f 3539/312 3648/315 3664/314
f 3648/315 3639/313 3795/316
f 3664/314 3648/315 3786/317
f 3786/317 3648/315 3795/316
f 3664/314 3786/317 3834/318
f 3786/317 3795/316 3892/319
f 3786/317 3892/319 3834/318
f 3834/318 3892/319 3993/320
f 3993/320 3892/319 3982/321
f 4068/322 3982/323 4023/324
f 4023/324 3982/323 3979/325
f 3979/325 3982/323 3923/326
f 3923/326 3982/323 3892/327
f 4023/324 3979/325 4001/328
f 3923/326 3892/327 3901/329
f 3901/329 3892/327 3795/330
f 3979/325 3923/326 3972/331
f 3972/331 3923/326 3901/329
f 3901/329 3795/330 3881/332
f 3901/329 3881/332 3972/331
f 3881/332 3795/330 3688/333
f 3881/332 3688/333 3886/334
f 3881/332 3886/334 4008/335
f 3881/332 4008/335 3972/331
f 4008/335 3886/334 4060/336
f 4050/337 3979/325 3972/331
f 4050/337 3972/331 4008/335
f 3979/325 4050/337 4001/328
f 4008/335 4060/336 4192/338
f 4008/335 4192/338 4085/339
f 4008/335 4085/339 4050/337
f 4085/339 4192/338 4042/340
f 4085/339 4042/340 4050/337
f 4001/328 4050/337 4015/341
f 4001/328 4015/341 3965/342
f 4001/328 3965/342 4023/324
f 4015/341 4050/337 3990/343
f 3990/343 4050/337 4042/340
f 3965/342 4015/341 3907/344
f 3907/344 4015/341 3990/343
f 4023/324 3965/342 3898/345
f 3898/345 3965/342 3907/344
f 4023/324 3898/345 3981/346
f 3981/346 3898/345 3893/347
f 3907/344 3990/343 3851/348
f 3851/348 3990/343 4042/340
f 3898/345 3907/344 3818/349
f 3818/349 3907/344 3851/348
f 3893/347 3898/345 3757/350
f 3757/350 3898/345 3818/349
f 3893/347 3757/350 3746/351
f 3746/351 3757/350 3584/352
f 3746/351 3584/352 3586/353
f 3757/350 3818/349 3692/354
f 3757/350 3692/354 3584/352
f 3586/353 3584/352 3389/355
f 3389/355 3584/352 3692/354
f 3586/353 3389/355 3346/356
f 3346/356 3389/355 3144/357
f 3346/356 3144/357 3030/358
f 3030/358 3144/357 3008/359
f 3008/359 3144/357 3177/360
f 3177/360 3144/357 3389/355
f 3008/359 3177/360 3057/361
f 3389/355 3692/354 3416/362
f 3389/355 3416/362 3177/360
f 3416/362 3692/354 3600/363
f 3600/363 3692/354 3818/349
f 3177/360 3416/362 3357/364
f 3177/360 3357/364 3057/361
f 3357/364 3416/362 3600/363
f 3600/363 3818/349 3697/365
f 3600/363 3697/365 3357/364
f 3697/365 3818/349 3851/348
f 3057/361 3357/364 3404/366
f 3404/366 3357/364 3697/365
f 3057/361 3404/366 3242/367
f 3242/367 3404/366 3670/368
f 3670/368 3404/366 3697/365
f 3670/368 3697/365 3851/348
f 3670/368 3851/348 3854/369
f 3670/368 3854/369 3633/370
f 3854/369 3851/348 4042/340
f 3633/370 3854/369 3888/371
f 3854/369 4042/340 4069/372
f 3854/369 4069/372 3888/371
f 4069/372 4042/340 4179/373
f 4179/373 4042/340 4192/338
f 4179/373 4192/338 4223/374
f 4179/373 4223/374 4170/375
f 4179/373 4170/375 4069/372
f 4170/375 4223/374 4235/376
f 4170/375 4235/376 4089/377
f 4069/372 4170/375 4022/378
f 4069/372 4022/378 3888/371
f 4022/378 4170/375 4089/377
f 3888/371 4022/378 3874/379
f 3874/379 4022/378 4089/377
f 3874/379 4089/377 3783/380
f 3008/381 3057/382 2842/383
f 2998/384 3057/382 3242/385
f 2842/383 3057/382 2862/386
f 2862/386 3057/382 2998/384
f 2842/383 2862/386 2708/387
f 2842/383 2708/387 2701/388
f 2862/386 2998/384 2823/389
f 2862/386 2823/389 2708/387
f 2823/389 2998/384 3082/390
f 2701/388 2708/387 2616/391
f 2701/388 2616/391 2629/392
f 2708/387 2823/389 2623/393
f 2708/387 2623/393 2616/391
f 2623/393 2823/389 2577/394
f 2577/394 2823/389 2903/395
f 2616/391 2623/393 2546/396
f 2546/396 2623/393 2577/394
f 2629/392 2616/391 2599/397
f 2599/397 2616/391 2546/396
f 2629/392 2599/397 2632/398
f 2632/398 2599/397 2693/399
f 2546/396 2577/394 2423/400
f 2423/400 2577/394 2536/401
f 2546/396 2423/400 2418/402
f 2693/399 2599/397 2689/403
f 2546/396 2418/402 2586/404
f 2546/396 2586/404 2599/397
f 2599/397 2586/404 2689/403
f 2586/404 2418/402 2484/405
f 2693/399 2689/403 2880/406
f 2586/404 2484/405 2588/407
f 2586/404 2588/407 2689/403
f 2588/407 2484/405 2637/408
f 2880/406 2689/403 2886/409
f 2588/407 2637/408 2768/410
f 2768/410 2637/408 2868/411
f 2689/403 2588/407 2832/412
f 2689/403 2832/412 2886/409
f 2832/412 2588/407 2768/410
f 2880/406 2886/409 3076/413
f 3076/413 2886/409 2832/412
f 2880/406 3076/413 3000/414
f 2832/412 2768/410 3028/415
f 2832/412 3028/415 3076/413
f 3028/415 2768/410 3130/416
f 3000/414 3076/413 3240/417
f 3028/415 3130/416 3311/418
f 3028/415 3311/418 3076/413
f 3311/418 3130/416 3352/419
f 3311/418 3352/419 3543/420
f 3076/413 3311/418 3309/421
f 3076/413 3309/421 3240/417
f 3309/421 3311/418 3543/420
f 3240/417 3309/421 3488/422
f 3488/422 3309/421 3543/420
f 3488/422 3543/420 3688/423
f 3488/422 3688/423 3639/424
f 3639/424 3688/423 3795/425
f 258/426 484/427 364/428
f 364/428 484/427 511/429
f 511/429 484/427 645/430
f 511/429 645/430 705/431
f 511/429 705/431 682/432
f 682/432 705/431 987/433
f 511/429 682/432 491/434
f 682/432 987/433 761/435
f 682/432 761/435 491/434
f 761/435 987/433 1086/436
f 761/435 1086/436 780/437
f 761/435 780/437 605/438
f 761/435 605/438 491/434
f 605/438 780/437 649/439
f 605/438 649/439 533/440
f 605/438 533/440 326/441
f 605/438 326/441 491/434
f 326/441 533/440 509/442
f 326/441 509/442 156/443
f 326/441 156/443 9/444
f 491/434 326/441 187/445
f 187/445 326/441 9/444
f 491/434 187/445 332/446
f 491/434 332/446 511/429
f 511/429 332/446 364/428
f 332/446 187/445 165/447
f 332/446 165/447 364/428
f 165/447 187/445 1881/448
f 1881/448 187/445 9/444
f 364/428 165/447 52/449
f 364/428 52/449 258/426
f 165/447 1881/448 1943/450
f 165/447 1943/450 52/449
f 258/426 52/449 2107/451
f 258/426 2107/451 2062/452
f 2062/452 2107/451 2567/453
f 2107/451 52/449 2225/454
f 2225/454 52/449 1943/450
f 2567/453 2107/451 2502/455
f 2502/455 2107/451 2225/454
f 2567/453 2502/455 2974/456
f 2567/453 2974/456 3153/457
f 2502/455 2225/454 2795/458
f 2502/455 2795/458 2974/456
f 3153/457 2974/456 3455/459
f 3153/457 3455/459 3477/460
f 2361/461 2225/454 1943/450
f 2225/454 2361/461 2795/458
f 2361/461 1943/450 2132/462
f 2132/462 1943/450 1881/448
f 2132/462 1881/448 2226/463
f 2226/463 1881/448 9/444
f 2361/461 2132/462 2478/464
f 2478/464 2132/462 2226/463
f 2795/458 2361/461 2888/465
f 2888/465 2361/461 2478/464
f 2795/458 2888/465 3159/466
f 2888/465 2478/464 3204/467
f 2888/465 3204/467 3159/466
f 2478/464 2226/463 2756/468
f 2478/464 2756/468 3204/467
f 2235/469 2226/463 9/444
f 2226/463 2235/469 2756/468
f 2795/458 3159/466 3224/470
f 2795/458 3224/470 2974/456
f 3159/466 3204/467 3551/471
f 3159/466 3551/471 3224/470
f 2974/456 3224/470 3455/459
f 2235/469 9/444 1925/472
f 1925/472 9/444 156/443
f 1925/472 156/443 265/473
f 1925/472 265/473 1993/474
f 2235/469 1925/472 2187/475
f 2187/475 1925/472 1993/474
f 2235/469 2187/475 2643/476
f 2235/469 2643/476 2756/468
f 2187/475 1993/474 2456/477
f 2187/475 2456/477 2643/476
f 2456/477 1993/474 1956/478
f 2756/468 2643/476 3134/479
f 2756/468 3134/479 3335/480
f 2756/468 3335/480 3204/467
f 3134/479 2643/476 3089/481
f 3134/479 3089/481 3369/482
f 3134/479 3369/482 3335/480
f 3089/481 2643/476 2749/483
f 2749/483 2643/476 2456/477
f 3089/481 2749/483 3077/484
f 3089/481 3077/484 3369/482
f 2749/483 2456/477 2767/485
f 2749/483 2767/485 3077/484
f 2767/485 2456/477 2498/486
f 2498/486 2456/477 2248/487
f 2767/485 2498/486 2804/488
f 2767/485 2804/488 3077/484
f 2804/488 2498/486 2600/489
f 2804/488 2600/489 2949/490
f 3077/484 2804/488 3085/491
f 3085/491 2804/488 2949/490
f 3077/484 3085/491 3327/492
f 3077/484 3327/492 3369/482
f 3085/491 2949/490 3188/493
f 3188/493 2949/490 3090/494
f 3327/492 3085/491 3406/495
f 3406/495 3085/491 3188/493
f 3188/493 3090/494 3418/496
f 3406/495 3188/493 3640/497
f 3640/497 3188/493 3418/496
f 3327/492 3406/495 3651/498
f 3673/499 3369/482 3327/492
f 3673/499 3327/492 3651/498
f 3369/482 3673/499 3672/500
f 3369/482 3672/500 3335/480
f 3672/500 3673/499 4151/501
f 4151/501 3673/499 3651/498
f 3651/498 3406/495 3773/502
f 3773/502 3406/495 3640/497
f 3651/498 3773/502 4075/503
f 4075/503 3773/502 3640/497
f 3335/480 3672/500 3836/504
f 3836/504 3672/500 4151/501
f 3335/480 3836/504 3583/505
f 3335/480 3583/505 3204/467
f 3204/467 3583/505 3551/471
f 3583/505 3836/504 3831/506
f 3583/505 3831/506 3551/471
f 3831/506 3836/504 4249/507
f 4249/507 3836/504 4151/501
f 3551/471 3831/506 3948/508
f 4265/509 4151/501 3651/498
f 4265/509 3651/498 4075/503
f 4151/501 4265/509 4495/510
f 4265/509 4075/503 4408/511
f 4265/509 4408/511 4548/512
f 4265/509 4548/512 4495/510
f 4408/511 4075/503 4166/513
f 4166/513 4075/503 3640/497
f 4408/511 4166/513 4493/514
f 4408/511 4493/514 4548/512
f 4166/513 3640/497 3882/515
f 3882/515 3640/497 3418/496
f 3882/515 3418/496 3712/516
f 3712/516 3418/496 3234/517
f 4166/513 3882/515 4296/518
f 4166/513 4296/518 4493/514
f 3882/515 3712/516 4028/519
f 3882/515 4028/519 4296/518
f 4028/519 3712/516 3805/520
s 0
f 4028/519 3805/520 4153/521
s 1
f 4028/519 4153/521 4296/518
f 4153/521 3805/520 4065/522
f 4296/518 4153/521 4385/523
f 4153/521 4065/522 4386/524
f 4153/521 4386/524 4385/523
f 4386/524 4065/522 4270/525
f 4386/524 4270/525 4428/526
f 4385/523 4386/524 4524/527
f 4385/523 4524/527 4296/518
f 4386/524 4428/526 4534/528
f 4386/524 4534/528 4524/527
f 4534/528 4428/526 4569/529
f 4524/527 4534/528 4640/530
f 4640/530 4534/528 4569/529
f 4569/529 4428/526 4506/531
f 4296/518 4524/527 4533/532
f 4296/518 4533/532 4493/514
f 4533/532 4524/527 4610/533
f 4610/533 4524/527 4640/530
f 4493/514 4533/532 4624/534
f 4624/534 4533/532 4610/533
f 4493/514 4624/534 4548/512
f 4610/533 4640/530 4706/535
f 4610/533 4706/535 4624/534
f 4548/512 4624/534 4613/536
f 4548/512 4613/536 4580/537
f 4548/512 4580/537 4495/510
f 4613/536 4624/534 4690/538
f 4580/537 4613/536 4685/539
f 4685/539 4613/536 4690/538
f 4690/538 4624/534 4710/540
f 4710/540 4624/534 4706/535
f 4690/538 4710/540 4749/541
f 4749/541 4710/540 4706/535
f 4616/542 4495/510 4580/537
f 4616/542 4580/537 4685/539
f 4685/539 4690/538 4709/543
f 4709/543 4690/538 4749/541
f 4685/539 4709/543 4730/544
f 4616/542 4685/539 4670/545
f 4670/545 4685/539 4730/544
f 4495/510 4616/542 4587/546
f 4587/546 4616/542 4670/545
f 4495/510 4587/546 4447/547
f 4495/510 4447/547 4151/501
f 4151/501 4447/547 4249/507
f 4447/547 4587/546 4563/548
f 4447/547 4563/548 4249/507
f 4587/546 4670/545 4686/549
f 4686/549 4670/545 4730/544
f 4587/546 4686/549 4563/548
f 4760/550 4730/544 4709/543
f 4760/550 4709/543 4749/541
f 4730/544 4760/550 4762/551
f 4686/549 4730/544 4733/552
f 4733/552 4730/544 4762/551
f 4563/548 4686/549 4661/553
f 4661/553 4686/549 4733/552
f 4760/550 4749/541 4767/554
f 4760/550 4767/554 4792/555
f 4760/550 4792/555 4762/551
f 4767/554 4749/541 4764/556
f 4762/551 4792/555 4802/557
f 4792/555 4767/554 4803/558
f 4803/558 4767/554 4764/556
f 4764/556 4749/541 4754/559
f 4754/559 4749/541 4706/535
f 4803/558 4764/556 4799/560
f 4792/555 4803/558 4818/561
f 4792/555 4818/561 4802/557
f 4818/561 4803/558 4824/562
f 4824/562 4803/558 4799/560
f 4818/561 4824/562 4834/563
f 4799/560 4764/556 4765/564
f 4765/564 4764/556 4754/559
f 4824/562 4799/560 4817/565
f 4824/562 4817/565 4834/563
f 4817/565 4799/560 4796/566
f 4799/560 4765/564 4772/567
f 4799/560 4772/567 4796/566
f 4765/564 4754/559 4750/568
f 4765/564 4750/568 4772/567
f 4750/568 4754/559 4713/569
f 4772/567 4750/568 4745/570
f 4745/570 4750/568 4713/569
f 4772/567 4745/570 4771/571
f 4772/567 4771/571 4796/566
f 4796/566 4771/571 4784/572
f 4796/566 4784/572 4800/573
f 4796/566 4800/573 4811/574
f 4796/566 4811/574 4817/565
f 4771/571 4745/570 4747/575
f 4771/571 4747/575 4758/576
f 4747/575 4745/570 4720/577
f 4720/577 4745/570 4713/569
f 4747/575 4720/577 4726/578
f 4817/565 4811/574 4828/579
f 4828/579 4811/574 4820/580
f 4828/579 4820/580 4832/581
f 4817/565 4828/579 4834/563
f 4834/563 4828/579 4832/581
f 4726/578 4720/577 4705/582
f 4726/578 4705/582 4693/583
f 4705/582 4720/577 4713/569
f 4693/583 4705/582 4597/584
f 4834/563 4832/581 4836/585
f 4836/585 4832/581 4831/586
f 4597/584 4705/582 4658/587
f 4834/563 4836/585 4835/588
f 4836/585 4831/586 4833/589
f 4836/585 4833/589 4835/588
f 4833/589 4831/586 4825/590
f 4833/589 4825/590 4827/591
s 0
f 4597/584 4658/587 4581/592
s 1
f 4597/584 4581/592 4506/531
f 4506/531 4581/592 4569/529
f 4581/592 4658/587 4651/593
f 4581/592 4651/593 4569/529
f 4651/593 4658/587 4705/582
f 4651/593 4705/582 4713/569
f 4569/529 4651/593 4666/594
f 4666/594 4651/593 4713/569
f 4569/529 4666/594 4640/530
f 4666/594 4713/569 4711/595
f 4666/594 4711/595 4640/530
f 4711/595 4713/569 4754/559
f 4640/530 4711/595 4706/535
f 4706/535 4711/595 4754/559
f 4830/596 4833/589 4827/591
f 4833/589 4830/596 4835/588
f 4830/596 4827/591 4822/597
f 4835/588 4830/596 4823/598
f 4823/598 4830/596 4822/597
f 4822/597 4827/591 4816/599
f 4816/599 4827/591 4815/600
f 4816/599 4815/600 4812/601
f 4816/599 4812/601 4797/602
f 4797/602 4812/601 4790/603
f 4797/602 4790/603 4770/604
f 4797/602 4770/604 4774/605
f 4816/599 4797/602 4804/606
f 4804/606 4797/602 4774/605
f 4816/599 4804/606 4822/597
f 4804/606 4774/605 4761/607
f 4822/597 4804/606 4801/608
f 4801/608 4804/606 4761/607
f 4822/597 4801/608 4823/598
f 4801/608 4761/607 4777/609
f 4777/609 4761/607 4735/610
f 4823/598 4801/608 4806/611
f 4777/609 4735/610 4744/612
f 4744/612 4735/610 4723/613
f 4801/608 4777/609 4791/614
f 4801/608 4791/614 4806/611
f 4777/609 4744/612 4776/615
f 4777/609 4776/615 4791/614
f 4744/612 4723/613 4714/616
f 4714/616 4723/613 4664/617
f 4776/615 4744/612 4759/618
f 4759/618 4744/612 4714/616
f 4714/616 4664/617 4638/619
f 4776/615 4759/618 4781/620
f 4776/615 4781/620 4791/614
f 4791/614 4781/620 4806/611
f 4759/618 4714/616 4734/621
f 4759/618 4734/621 4781/620
f 4714/616 4638/619 4678/622
f 4714/616 4678/622 4734/621
f 4678/622 4638/619 4538/623
f 4806/611 4781/620 4805/624
f 4734/621 4678/622 4692/625
f 4678/622 4538/623 4615/626
f 4678/622 4615/626 4692/625
f 4615/626 4538/623 4471/627
f 4471/627 4538/623 4377/628
f 4692/625 4615/626 4674/629
f 4471/627 4377/628 4141/630
f 4141/630 4377/628 4019/631
f 4615/626 4471/627 4521/632
f 4615/626 4521/632 4674/629
f 4141/630 4019/631 3714/633
f 4521/632 4471/627 4295/634
f 4295/634 4471/627 4141/630
f 4141/630 3714/633 3878/635
f 3878/635 3714/633 3477/460
f 3878/635 3477/460 3455/459
f 4141/630 3878/635 4018/636
f 4018/636 3878/635 3455/459
f 4141/630 4018/636 4295/634
f 4018/636 3455/459 3742/637
f 3742/637 3455/459 3224/470
f 3742/637 3224/470 3551/471
f 3742/637 3551/471 3948/508
f 4018/636 3742/637 4176/638
f 4018/636 4176/638 4295/634
f 4176/638 3742/637 3948/508
f 4295/634 4176/638 4478/639
f 4295/634 4478/639 4521/632
f 4176/638 3948/508 4399/640
f 4176/638 4399/640 4478/639
f 4399/640 3948/508 4142/641
f 4142/641 3948/508 3831/506
f 4142/641 3831/506 4249/507
f 4142/641 4249/507 4449/642
f 4142/641 4449/642 4399/640
f 4449/642 4249/507 4563/548
f 4399/640 4449/642 4585/643
f 4585/643 4449/642 4563/548
f 4399/640 4585/643 4478/639
f 4585/643 4563/548 4661/553
f 4478/639 4585/643 4655/644
f 4478/639 4655/644 4521/632
f 4655/644 4585/643 4661/553
f 4521/632 4655/644 4674/629
f 4655/644 4661/553 4701/645
f 4655/644 4701/645 4674/629
f 4701/645 4661/553 4716/646
f 4716/646 4661/553 4733/552
f 4674/629 4701/645 4721/647
f 4674/629 4721/647 4692/625
f 4692/625 4721/647 4734/621
f 4721/647 4701/645 4731/648
f 4731/648 4701/645 4716/646
f 4734/621 4721/647 4742/649
f 4742/649 4721/647 4731/648
f 4734/621 4742/649 4781/620
f 4731/648 4716/646 4756/650
f 4756/650 4716/646 4733/552
f 4731/648 4756/650 4742/649
f 4756/650 4733/552 4762/551
f 4781/620 4742/649 4779/651
f 4779/651 4742/649 4756/650
f 4781/620 4779/651 4805/624
f 4756/650 4762/551 4783/652
s 0
f 4779/651 4756/650 4787/653
s 1
f 4787/653 4756/650 4783/652
f 4779/651 4787/653 4805/624
f 4783/652 4762/551 4802/557
f 4783/652 4802/557 4787/653
f 4787/653 4802/557 4805/624
f 4805/624 4802/557 4826/654
f 4826/654 4802/557 4818/561
f 4826/654 4818/561 4834/563
f 4826/654 4834/563 4835/588
f 4805/624 4826/654 4819/655
f 4819/655 4826/654 4835/588
f 4805/624 4819/655 4806/611
f 4819/655 4835/588 4823/598
f 4819/655 4823/598 4806/611
f 484/656 258/657 225/658
f 225/658 258/657 2062/659
f 484/656 225/658 524/660
f 225/658 2062/659 1955/661
f 484/656 524/660 555/662
f 484/656 555/662 645/663
f 524/660 225/658 236/664
f 236/664 225/658 1955/661
f 555/662 524/660 706/665
f 645/663 555/662 887/666
f 887/666 555/662 706/665
f 645/663 887/666 969/667
f 645/663 969/667 705/668
f 705/668 969/667 987/669
f 987/669 969/667 1086/670
f 706/665 524/660 768/671
f 706/665 768/671 887/666
f 969/667 887/666 1043/672
f 1043/672 887/666 768/671
f 1086/670 969/667 1105/673
f 1105/673 969/667 1043/672
f 1043/672 768/671 810/674
f 1043/672 810/674 1105/673
f 534/675 768/671 524/660
f 1086/670 1105/673 1188/676
f 768/671 534/675 709/677
f 768/671 709/677 810/674
f 534/675 524/660 342/678
f 342/678 524/660 236/664
f 1105/673 810/674 1142/679
f 1105/673 1142/679 1188/676
f 342/678 236/664 180/680
f 180/680 236/664 1955/661
f 534/675 342/678 406/681
f 342/678 180/680 254/682
f 342/678 254/682 406/681
f 180/680 1955/661 1868/683
f 180/680 1868/683 254/682
f 1194/684 1188/676 1142/679
f 534/675 406/681 640/685
f 534/675 640/685 709/677
f 406/681 254/682 277/686
f 254/682 1868/683 124/687
f 254/682 124/687 277/686
f 2209/688 1868/683 1955/661
f 2209/688 1955/661 2062/659
f 2209/688 2062/659 2402/689
f 2402/689 2062/659 2567/690
f 2402/689 2567/690 2742/691
f 2402/689 2742/691 2209/688
f 2742/691 2567/690 3153/692
f 2742/691 3153/692 3087/693
f 2742/691 3087/693 2209/688
f 2209/688 3087/693 2874/694
f 2134/695 1868/683 2209/688
f 2209/688 2874/694 2417/696
f 2209/688 2417/696 2134/695
f 2417/696 2874/694 2497/697
f 1868/683 2134/695 2046/698
f 2046/698 2134/695 2417/696
f 2046/698 2417/696 2497/697
f 1868/683 2046/698 124/687
f 2046/698 2497/697 2094/699
f 2046/698 2094/699 124/687
f 2094/699 2497/697 2451/700
f 2094/699 2451/700 2144/701
f 124/687 2094/699 277/686
f 2094/699 2144/701 1974/702
f 2094/699 1974/702 277/686
f 1974/702 2144/701 1861/703
f 1974/702 1861/703 207/704
f 1974/702 207/704 277/686
f 207/704 1861/703 205/705
f 277/686 207/704 404/706
f 277/686 404/706 406/681
f 207/704 205/705 343/707
f 343/707 205/705 226/708
f 207/704 343/707 404/706
f 414/709 438/710 343/707
f 343/707 438/710 490/711
s 0
f 343/707 490/711 404/706
s 1
f 490/711 438/710 589/712
s 0
f 490/711 589/712 638/713
f 490/711 638/713 562/714
f 490/711 562/714 404/706
f 562/714 638/713 738/715
s 1
f 404/706 562/714 521/716
f 562/714 738/715 730/717
f 730/717 738/715 991/718
f 521/716 562/714 600/719
f 600/719 562/714 730/717
f 404/706 521/716 582/720
f 582/720 521/716 600/719
f 404/706 582/720 406/681
f 406/681 582/720 640/685
f 582/720 600/719 692/721
f 582/720 692/721 640/685
f 600/719 730/717 745/722
f 600/719 745/722 692/721
f 745/722 730/717 893/723
f 893/723 730/717 991/718
f 692/721 745/722 844/724
f 745/722 893/723 912/725
f 745/722 912/725 844/724
f 893/723 991/718 1054/726
f 1054/726 991/718 1096/727
f 1054/726 1096/727 1166/728
f 1054/726 1166/728 1135/729
f 893/723 1054/726 1015/730
f 1015/730 1054/726 1135/729
f 893/723 1015/730 912/725
f 923/731 844/724 912/725
f 923/731 912/725 1015/730
f 844/724 923/731 849/732
f 923/731 1015/730 892/733
f 923/731 892/733 849/732
f 844/724 849/732 784/734
f 844/724 784/734 692/721
f 849/732 892/733 826/735
f 784/734 849/732 786/736
f 786/736 849/732 826/735
f 692/721 784/734 757/737
f 757/737 784/734 786/736
f 692/721 757/737 640/685
f 640/685 757/737 752/738
f 752/738 757/737 786/736
f 640/685 752/738 709/677
f 752/738 786/736 772/739
f 752/738 772/739 709/677
f 772/739 786/736 816/740
f 816/740 786/736 826/735
f 709/677 772/739 862/741
f 709/677 862/741 810/674
f 772/739 816/740 859/742
f 772/739 859/742 862/741
f 810/674 862/741 942/743
f 810/674 942/743 1142/679
f 862/741 859/742 933/744
f 862/741 933/744 942/743
f 859/742 816/740 848/745
f 859/742 848/745 933/744
f 1142/679 942/743 1088/746
f 848/745 816/740 820/747
f 820/747 816/740 826/735
f 1142/679 1088/746 1194/684
f 1088/746 942/743 1075/748
f 1075/748 942/743 933/744
f 1088/746 1075/748 1258/749
f 820/747 826/735 832/750
f 1075/748 933/744 1012/751
f 832/750 826/735 881/752
f 881/752 826/735 892/733
f 820/747 832/750 801/753
f 820/747 801/753 848/745
f 832/750 881/752 977/754
f 801/753 832/750 907/755
f 907/755 832/750 977/754
f 848/745 801/753 811/756
f 811/756 801/753 907/755
f 881/752 892/733 957/757
f 957/757 892/733 1015/730
f 881/752 957/757 1016/758
f 881/752 1016/758 977/754
f 957/757 1015/730 1081/759
f 1081/759 1015/730 1135/729
f 1081/759 1135/729 1162/760
f 1162/760 1135/729 1221/761
f 1081/759 1162/760 1226/762
f 1226/762 1162/760 1248/763
f 957/757 1081/759 1071/764
f 957/757 1071/764 1016/758
f 1071/764 1081/759 1226/762
f 1016/758 1071/764 1146/765
f 1016/758 1146/765 977/754
f 1071/764 1226/762 1192/766
f 1071/764 1192/766 1146/765
f 1192/766 1226/762 1278/767
f 1192/766 1278/767 1146/765
f 1278/767 1226/762 1337/768
f 1337/768 1226/762 1326/769
f 1278/767 1337/768 1432/770
f 1432/770 1337/768 1444/771
f 1146/765 1278/767 1279/772
f 1279/772 1278/767 1432/770
f 1432/770 1444/771 1506/773
f 1432/770 1506/773 1426/774
f 1432/770 1426/774 1279/772
f 1146/765 1279/772 1147/775
f 1146/765 1147/775 977/754
f 1279/772 1426/774 1399/776
f 1426/774 1506/773 1496/777
f 1426/774 1496/777 1399/776
f 1496/777 1506/773 1536/778
f 1536/778 1506/773 1565/779
f 1536/778 1565/779 1541/780
f 1536/778 1541/780 1496/777
f 1541/780 1565/779 1585/781
f 1541/780 1585/781 1673/782
f 1285/783 1279/772 1399/776
f 1279/772 1285/783 1147/775
f 1436/784 1399/776 1496/777
f 1436/784 1496/777 1541/780
f 1285/783 1399/776 1316/785
f 1316/785 1399/776 1436/784
f 1541/780 1673/782 1640/786
f 1436/784 1541/780 1555/787
f 1555/787 1541/780 1640/786
f 1640/786 1673/782 1660/788
f 1640/786 1660/788 1555/787
f 1660/788 1673/782 1684/789
f 1436/784 1555/787 1483/790
f 1436/784 1483/790 1316/785
f 1483/790 1555/787 1558/791
f 1558/791 1555/787 1660/788
f 1316/785 1483/790 1365/792
f 1483/790 1558/791 1417/793
f 1483/790 1417/793 1365/792
f 1558/791 1660/788 1563/794
f 1558/791 1563/794 1417/793
f 1316/785 1365/792 1224/795
f 1316/785 1224/795 1285/783
f 1224/795 1365/792 1237/796
f 1237/796 1365/792 1417/793
f 1285/783 1224/795 1174/797
f 1285/783 1174/797 1147/775
f 1174/797 1224/795 1140/798
f 1140/798 1224/795 1237/796
f 1147/775 1174/797 1059/799
f 1147/775 1059/799 977/754
f 977/754 1059/799 907/755
f 907/755 1059/799 811/756
f 1059/799 1174/797 1053/800
f 1053/800 1174/797 1140/798
f 1059/799 1053/800 811/756
f 1053/800 1140/798 959/801
f 1053/800 959/801 811/756
f 959/801 1140/798 1012/751
f 1012/751 1140/798 1237/796
f 1012/751 1237/796 1075/748
f 1075/748 1237/796 1258/749
f 1258/749 1237/796 1417/793
f 811/756 959/801 835/802
f 959/801 1012/751 900/803
f 959/801 900/803 835/802
f 900/803 1012/751 933/744
f 811/756 835/802 872/804
f 872/804 835/802 900/803
f 872/804 900/803 933/744
f 811/756 872/804 848/745
f 848/745 872/804 933/744
f 1343/805 1258/749 1417/793
f 1343/805 1417/793 1445/806
f 1258/749 1343/805 1253/807
f 1445/806 1417/793 1563/794
f 1253/807 1343/805 1323/808
f 1323/808 1343/805 1445/806
f 1258/749 1253/807 1181/809
f 1258/749 1181/809 1088/746
f 1088/746 1181/809 1194/684
f 1181/809 1253/807 1299/810
f 1181/809 1299/810 1194/684
f 1299/810 1253/807 1323/808
f 1194/684 1299/810 1461/811
f 1299/810 1323/808 1431/812
f 1299/810 1431/812 1461/811
f 1412/813 1323/808 1445/806
f 1323/808 1412/813 1431/812
f 1412/813 1445/806 1517/814
f 1517/814 1445/806 1563/794
f 1431/812 1412/813 1534/815
f 1534/815 1412/813 1517/814
f 1431/812 1534/815 1556/816
f 1431/812 1556/816 1461/811
f 1534/815 1517/814 1631/817
f 1534/815 1631/817 1556/816
f 1517/814 1563/794 1615/818
f 1461/811 1556/816 1646/819
f 1615/818 1563/794 1620/820
f 1620/820 1563/794 1660/788
f 1620/820 1660/788 1649/821
f 1620/820 1649/821 1615/818
f 1649/821 1660/788 1684/789
f 1517/814 1615/818 1552/822
f 1517/814 1552/822 1631/817
f 1615/818 1649/821 1598/823
f 1615/818 1598/823 1552/822
f 1649/821 1684/789 1612/824
f 1612/824 1684/789 1626/825
f 1612/824 1626/825 1727/826
f 1649/821 1612/824 1607/827
f 1649/821 1607/827 1598/823
f 1612/824 1727/826 1729/828
f 1612/824 1729/828 1607/827
f 1729/828 1727/826 1790/829
f 1598/823 1607/827 1680/830
f 1680/830 1607/827 1729/828
f 1598/823 1680/830 1552/822
f 1552/822 1680/830 1631/817
f 1680/830 1729/828 1741/831
f 1680/830 1741/831 1631/817
f 1741/831 1729/828 1790/829
f 1631/817 1741/831 1678/832
f 1631/817 1678/832 1556/816
f 1741/831 1790/829 1745/833
f 1741/831 1745/833 1678/832
f 1556/816 1678/832 1646/819
f 1646/819 1678/832 1745/833
f 1796/834 1803/835 1790/829
f 1790/829 1803/835 1795/836
f 1790/829 1795/836 1745/833
f 1795/836 1803/835 1806/837
f 1745/833 1795/836 1753/838
f 1795/836 1806/837 1760/839
f 1795/836 1760/839 1753/838
f 1760/839 1806/837 1777/840
f 1745/833 1753/838 1732/841
f 1732/841 1753/838 1760/839
f 1745/833 1732/841 1646/819
f 1732/841 1760/839 1686/842
f 1646/819 1732/841 1639/843
f 1639/843 1732/841 1654/844
f 1646/819 1639/843 1439/845
f 1646/819 1439/845 1461/811
f 1686/842 1760/839 1736/846
f 1736/846 1760/839 1777/840
f 1686/842 1736/846 1715/847
f 1736/846 1777/840 1765/848
f 1736/846 1765/848 1715/847
f 1715/847 1765/848 1744/849
f 1461/811 1439/845 1274/850
f 1461/811 1274/850 1194/684
f 1194/684 1274/850 1188/676
f 1274/850 1439/845 1228/851
f 1274/850 1228/851 1188/676
f 1228/851 1439/845 1374/852
f 1188/676 1228/851 1086/670
f 1086/670 1228/851 1242/853
f 780/854 733/855 649/856
f 509/857 533/858 649/856
f 509/857 649/856 733/855
f 733/855 780/854 1017/859
f 1017/859 780/854 1086/860
f 1017/859 1086/860 1242/861
f 733/855 1017/859 890/862
f 1017/859 1242/861 1154/863
f 1017/859 1154/863 890/862
f 1228/864 1374/865 1242/861
f 1242/861 1374/865 1448/866
f 1242/861 1448/866 1154/863
f 890/862 1154/863 1076/867
f 1448/866 1374/865 1539/868
f 1539/868 1374/865 1439/869
f 1539/868 1439/869 1639/870
f 1539/868 1639/870 1564/871
f 1539/868 1564/871 1448/866
f 1564/871 1639/870 1654/872
f 1340/873 1154/863 1448/866
f 1448/866 1564/871 1403/874
f 1448/866 1403/874 1340/873
f 1564/871 1654/872 1521/875
f 1564/871 1521/875 1403/874
f 1154/863 1340/873 1187/876
f 1154/863 1187/876 1076/867
f 1340/873 1403/874 1262/877
f 1340/873 1262/877 1187/876
f 1403/874 1521/875 1474/878
f 1076/867 1187/876 1004/879
f 1076/867 1004/879 890/862
f 1187/876 1262/877 1126/880
f 1187/876 1126/880 1004/879
f 1262/877 1403/874 1282/881
f 1262/877 1282/881 1126/880
f 1282/881 1403/874 1474/878
f 1126/880 1282/881 1178/882
f 1126/880 1178/882 1079/883
f 1126/880 1079/883 1004/879
f 1178/882 1282/881 1319/884
f 1319/884 1282/881 1474/878
f 1178/882 1319/884 1199/885
f 1178/882 1199/885 1079/883
f 1199/885 1319/884 1294/886
f 1004/879 1079/883 869/887
f 1079/883 1199/885 1144/888
f 1144/888 1199/885 1294/886
f 1004/879 869/887 748/889
f 869/887 1079/883 750/890
f 869/887 750/890 748/889
f 750/890 1079/883 1002/891
f 1002/891 1079/883 1144/888
f 750/890 1002/891 671/892
f 750/890 671/892 641/893
f 750/890 641/893 748/889
f 671/892 1002/891 711/894
f 796/895 1004/879 748/889
f 1004/879 796/895 890/862
f 890/862 796/895 733/855
f 733/855 796/895 653/896
f 653/896 796/895 748/889
f 733/855 653/896 509/857
f 509/857 653/896 369/897
f 509/857 369/897 156/898
f 653/896 748/889 519/899
f 519/899 748/889 641/893
f 653/896 519/899 369/897
f 156/898 369/897 265/900
f 519/899 641/893 515/901
f 597/902 641/893 671/892
f 641/893 597/902 515/901
f 369/897 519/899 420/903
f 420/903 519/899 515/901
f 265/900 369/897 242/904
f 242/904 369/897 420/903
f 265/900 242/904 1993/905
f 1993/905 242/904 1956/906
f 2248/907 2456/908 1956/906
f 2248/907 1956/906 1880/909
f 1956/906 242/904 191/910
f 1956/906 191/910 1880/909
f 191/910 242/904 420/903
f 1880/909 191/910 335/911
f 335/911 191/910 420/903
f 488/912 420/903 515/901
f 420/903 488/912 335/911
f 488/912 515/901 597/902
f 1880/909 335/911 305/913
f 1880/909 305/913 65/914
f 65/914 305/913 297/915
f 297/915 305/913 433/916
f 433/916 305/913 335/911
f 297/915 433/916 452/917
f 503/918 335/911 488/912
f 335/911 503/918 433/916
f 503/918 488/912 597/902
s 0
f 452/917 433/916 550/919
f 550/919 433/916 503/918
s 1
f 452/917 550/919 575/920
f 503/918 597/902 585/921
f 503/918 585/921 550/919
f 585/921 597/902 711/894
f 711/894 597/902 671/892
f 550/919 585/921 646/922
f 646/922 585/921 711/894
f 575/920 550/919 664/923
f 664/923 550/919 646/922
f 575/920 664/923 721/924
f 575/920 721/924 697/925
f 664/923 646/922 861/926
f 861/926 646/922 711/894
f 721/924 664/923 953/927
f 953/927 664/923 861/926
s 0
f 697/925 721/924 873/928
s 1
f 873/928 721/924 953/927
f 697/925 873/928 924/929
f 697/925 924/929 754/930
f 754/930 924/929 972/931
f 861/926 711/894 1014/932
f 1014/932 711/894 1002/891
f 1014/932 1002/891 1144/888
f 861/926 1014/932 1062/933
f 1062/933 1014/932 1144/888
f 861/926 1062/933 953/927
f 1062/933 1144/888 1203/934
f 953/927 1062/933 1130/935
f 1130/935 1062/933 1203/934
f 1203/934 1144/888 1294/886
f 953/927 1130/935 1048/936
f 953/927 1048/936 873/928
f 873/928 1048/936 924/929
f 1203/934 1294/886 1395/937
f 924/929 1048/936 1118/938
f 924/929 1118/938 972/931
f 972/931 1118/938 1128/939
f 972/931 1128/939 1060/940
f 1203/934 1395/937 1327/941
f 1203/934 1327/941 1130/935
f 1395/937 1294/886 1499/942
f 1395/937 1499/942 1327/941
f 1214/943 1048/936 1130/935
f 1048/936 1214/943 1118/938
f 1214/943 1130/935 1327/941
f 1268/944 1128/939 1118/938
f 1268/944 1118/938 1214/943
f 1128/939 1268/944 1060/940
f 1214/943 1327/941 1332/945
f 1214/943 1332/945 1268/944
f 1332/945 1327/941 1501/946
f 1501/946 1327/941 1499/942
f 1268/944 1332/945 1453/947
f 1453/947 1332/945 1501/946
f 1060/940 1268/944 1269/948
f 1060/940 1269/948 1116/949
f 1116/949 1269/948 1223/950
f 1116/949 1223/950 1064/951
f 1223/950 1269/948 1361/952
f 1269/948 1268/944 1457/953
f 1269/948 1457/953 1361/952
f 1457/953 1268/944 1453/947
f 1361/952 1457/953 1538/954
f 1457/953 1453/947 1597/955
f 1457/953 1597/955 1538/954
f 1597/955 1453/947 1501/946
f 1538/954 1597/955 1619/956
f 1538/954 1619/956 1642/957
f 1597/955 1501/946 1587/958
f 1587/958 1501/946 1499/942
f 1619/956 1597/955 1670/959
f 1670/959 1597/955 1587/958
f 1642/957 1619/956 1701/960
f 1701/960 1619/956 1670/959
f 1642/957 1701/960 1711/961
f 1642/957 1711/961 1737/962
f 1711/961 1701/960 1767/963
f 1711/961 1767/963 1737/962
f 1701/960 1670/959 1706/964
f 1767/963 1701/960 1784/965
f 1784/965 1701/960 1706/964
f 1706/964 1670/959 1655/966
f 1655/966 1670/959 1587/958
f 1737/962 1767/963 1799/967
f 1737/962 1799/967 1808/968
f 1655/966 1587/958 1590/969
f 1590/969 1587/958 1499/942
f 1706/964 1655/966 1728/970
f 1706/964 1728/970 1784/965
f 1728/970 1655/966 1664/971
f 1664/971 1655/966 1590/969
f 1784/965 1728/970 1779/972
f 1728/970 1664/971 1724/973
f 1728/970 1724/973 1779/972
f 1664/971 1590/969 1663/974
f 1664/971 1663/974 1724/973
f 1482/975 1590/969 1499/942
f 1482/975 1499/942 1294/886
f 1482/975 1294/886 1319/884
f 1482/975 1319/884 1474/878
f 1590/969 1482/975 1574/976
f 1574/976 1482/975 1474/878
f 1590/969 1574/976 1663/974
f 1574/976 1474/878 1572/977
f 1574/976 1572/977 1663/974
f 1572/977 1474/878 1596/978
f 1596/978 1474/878 1521/875
f 1596/978 1521/875 1654/872
f 1596/978 1654/872 1661/979
f 1661/979 1654/872 1732/980
f 1661/979 1732/980 1686/981
f 1596/978 1661/979 1641/982
f 1596/978 1641/982 1572/977
f 1641/982 1661/979 1686/981
f 1572/977 1641/982 1679/983
f 1679/983 1641/982 1686/981
f 1572/977 1679/983 1663/974
f 1679/983 1686/981 1715/984
f 1663/974 1679/983 1730/985
f 1730/985 1679/983 1715/984
f 1663/974 1730/985 1724/973
f 1730/985 1715/984 1811/986
f 1811/986 1715/984 1744/987
f 1724/973 1730/985 1800/988
f 1800/988 1730/985 1811/986
f 1724/973 1800/988 1779/972
f 1779/972 1800/988 1819/989
f 1819/989 1800/988 1811/986
f 1779/972 1819/989 1784/965
f 1819/989 1811/986 1827/990
f 1827/990 1811/986 1816/991
f 1784/965 1819/989 1815/992
f 1815/992 1819/989 1827/990
f 1784/965 1815/992 1767/963
f 1767/963 1815/992 1799/967
f 1815/992 1827/990 1826/993
f 1815/992 1826/993 1799/967
f 1826/993 1827/990 1829/994
f 1799/967 1826/993 1808/968
f 1826/993 1829/994 1812/995
f 1826/993 1812/995 1808/968
f 3087/996 3153/997 3714/998
f 3714/998 3153/997 3477/999
f 3087/996 3714/998 3283/1000
f 3087/996 3283/1000 2874/1001
f 3283/1000 3714/998 3722/1002
f 3722/1002 3714/998 4019/1003
f 2874/1001 3283/1000 3068/1004
f 2874/1001 3068/1004 2497/1005
f 2497/1005 3068/1004 2807/1006
f 2497/1005 2807/1006 2451/1007
f 2807/1006 3068/1004 3256/1008
f 2451/1007 2807/1006 2811/1009
f 2811/1009 2807/1006 3256/1008
f 3068/1004 3283/1000 3358/1010
f 3068/1004 3358/1010 3256/1008
f 3358/1010 3283/1000 3655/1011
f 3655/1011 3283/1000 3722/1002
f 3256/1008 3358/1010 3815/1012
f 3815/1012 3358/1010 3655/1011
f 2811/1009 3256/1008 3201/1013
f 3655/1011 3722/1002 4003/1014
f 4003/1014 3722/1002 4019/1003
f 3815/1012 3655/1011 4020/1015
f 4020/1015 3655/1011 4003/1014
f 4003/1014 4019/1003 4297/1016
f 4003/1014 4297/1016 4020/1015
f 4297/1016 4019/1003 4377/1017
f 4297/1016 4377/1017 4538/1018
f 4297/1016 4538/1018 4444/1019
f 4020/1015 4297/1016 4263/1020
f 4263/1020 4297/1016 4444/1019
f 4444/1019 4538/1018 4540/1021
f 4444/1019 4540/1021 4263/1020
f 4540/1021 4538/1018 4638/1022
f 4020/1015 4263/1020 4053/1023
f 4020/1015 4053/1023 3815/1012
f 4540/1021 4638/1022 4606/1024
f 4606/1024 4638/1022 4664/1025
f 4263/1020 4540/1021 4461/1026
f 4461/1026 4540/1021 4606/1024
f 4263/1020 4461/1026 4252/1027
f 4263/1020 4252/1027 4053/1023
f 4606/1024 4664/1025 4681/1028
f 4681/1028 4664/1025 4723/1029
f 4461/1026 4606/1024 4559/1030
f 4559/1030 4606/1024 4681/1028
f 4681/1028 4723/1029 4735/1031
f 4461/1026 4559/1030 4443/1032
f 4461/1026 4443/1032 4252/1027
f 4559/1030 4681/1028 4627/1033
f 4681/1028 4735/1031 4700/1034
f 4681/1028 4700/1034 4627/1033
f 4559/1030 4627/1033 4590/1035
f 4590/1035 4627/1033 4700/1034
f 4443/1032 4559/1030 4475/1036
f 4475/1036 4559/1030 4590/1035
f 4344/1037 4252/1027 4443/1032
f 4344/1037 4443/1032 4475/1036
f 4724/1038 4700/1034 4735/1031
f 4724/1038 4735/1031 4761/1039
f 4724/1038 4761/1039 4732/1040
f 4724/1038 4732/1040 4700/1034
f 4732/1040 4761/1039 4774/1041
f 4109/1042 4252/1027 4344/1037
f 4732/1040 4774/1041 4753/1043
f 4753/1043 4774/1041 4770/1044
f 4753/1043 4770/1044 4751/1045
f 4753/1043 4751/1045 4708/1046
f 4753/1043 4708/1046 4715/1047
f 4753/1043 4715/1047 4732/1040
f 4715/1047 4708/1046 4643/1048
f 4732/1040 4715/1047 4696/1049
f 4732/1040 4696/1049 4700/1034
f 4715/1047 4643/1048 4659/1050
f 4715/1047 4659/1050 4696/1049
f 4659/1050 4643/1048 4577/1051
f 4700/1034 4696/1049 4631/1052
f 4631/1052 4696/1049 4659/1050
f 4700/1034 4631/1052 4590/1035
f 4590/1035 4631/1052 4504/1053
f 4590/1035 4504/1053 4475/1036
f 4631/1052 4659/1050 4522/1054
f 4631/1052 4522/1054 4504/1053
f 4659/1050 4577/1051 4567/1055
f 4659/1050 4567/1055 4522/1054
f 4567/1055 4577/1051 4383/1056
f 4383/1056 4577/1051 4281/1057
f 4522/1054 4567/1055 4342/1058
f 4342/1058 4567/1055 4383/1056
f 4504/1053 4522/1054 4225/1059
f 4225/1059 4522/1054 4342/1058
f 4383/1056 4281/1057 3899/1060
f 4383/1056 3899/1060 4342/1058
f 3899/1060 4281/1057 3931/1061
f 3931/1061 4281/1057 3778/1062
f 4342/1058 3899/1060 3752/1063
f 4342/1058 3752/1063 4225/1059
f 3899/1060 3931/1061 3781/1064
f 3781/1064 3931/1061 3778/1062
f 3899/1060 3781/1064 3752/1063
f 3781/1064 3778/1062 3631/1065
f 3631/1065 3778/1062 3595/1066
f 3631/1065 3595/1066 3535/1067
f 3535/1067 3595/1066 3462/1068
f 3781/1064 3631/1065 3602/1069
f 3781/1064 3602/1069 3752/1063
f 3631/1065 3535/1067 3526/1070
f 3631/1065 3526/1070 3602/1069
f 3526/1070 3535/1067 3360/1071
f 3526/1070 3360/1071 3379/1072
f 3526/1070 3379/1072 3602/1069
f 3379/1072 3360/1071 3203/1073
f 3752/1063 3602/1069 3422/1074
f 3422/1074 3602/1069 3379/1072
f 3379/1072 3203/1073 3187/1075
f 3379/1072 3187/1075 3422/1074
f 3187/1075 3203/1073 2792/1076
f 3752/1063 3422/1074 3538/1077
f 3752/1063 3538/1077 4225/1059
f 3422/1074 3187/1075 3190/1078
f 3422/1074 3190/1078 3538/1077
f 3187/1075 2792/1076 2785/1079
f 3187/1075 2785/1079 3190/1078
f 2785/1079 2792/1076 2379/1080
f 2379/1080 2792/1076 2426/1081
f 3190/1078 2785/1079 2553/1082
f 2553/1082 2785/1079 2379/1080
f 2379/1080 2426/1081 2015/1083
f 2553/1082 2379/1080 2068/1084
f 2068/1084 2379/1080 2015/1083
f 3190/1078 2553/1082 2885/1085
f 2553/1082 2068/1084 2390/1086
f 2553/1082 2390/1086 2885/1085
f 3190/1078 2885/1085 3398/1087
f 3190/1078 3398/1087 3538/1077
f 2885/1085 2390/1086 2951/1088
f 2885/1085 2951/1088 3398/1087
f 2390/1086 2068/1084 2091/1089
f 3538/1077 3398/1087 3962/1090
f 3538/1077 3962/1090 4225/1059
f 4225/1059 3962/1090 4504/1053
f 3962/1090 3398/1087 3774/1091
f 3774/1091 3398/1087 2951/1088
f 4504/1053 3962/1090 4189/1092
f 4189/1092 3962/1090 3774/1091
f 4504/1053 4189/1092 4475/1036
f 4475/1036 4189/1092 4213/1093
f 4213/1093 4189/1092 3774/1091
f 4475/1036 4213/1093 4344/1037
f 4344/1037 4213/1093 4109/1042
f 4109/1042 4213/1093 3774/1091
f 3444/1094 3774/1091 2951/1088
f 3774/1091 3444/1094 4109/1042
f 3444/1094 2951/1088 2526/1095
f 4109/1042 3444/1094 3411/1096
f 3411/1096 3444/1094 2526/1095
f 4109/1042 3411/1096 3935/1097
f 4109/1042 3935/1097 4252/1027
f 4252/1027 3935/1097 4053/1023
f 3935/1097 3411/1096 3353/1098
f 4053/1023 3935/1097 3732/1099
f 3732/1099 3935/1097 3353/1098
f 4053/1023 3732/1099 3632/1100
f 4053/1023 3632/1100 3815/1012
f 3815/1012 3632/1100 3256/1008
f 3256/1008 3632/1100 3201/1013
f 3201/1013 3632/1100 2999/1101
f 2999/1101 3632/1100 3732/1099
f 3201/1013 2999/1101 2811/1009
f 3732/1099 3353/1098 3034/1102
f 3732/1099 3034/1102 2999/1101
f 2814/1103 3353/1098 3411/1096
f 3353/1098 2814/1103 3034/1102
f 2814/1103 3411/1096 2526/1095
f 2999/1101 3034/1102 2683/1104
f 2999/1101 2683/1104 2811/1009
f 3034/1102 2814/1103 2660/1105
f 3034/1102 2660/1105 2683/1104
f 2814/1103 2526/1095 2329/1106
f 2814/1103 2329/1106 2660/1105
f 2683/1104 2660/1105 2447/1107
f 2447/1107 2660/1105 2329/1106
f 2811/1009 2683/1104 2430/1108
f 2430/1108 2683/1104 2447/1107
f 2811/1009 2430/1108 2451/1007
f 2451/1007 2430/1108 2144/1109
f 2144/1109 2430/1108 2100/1110
f 2100/1110 2430/1108 2447/1107
f 2144/1109 2100/1110 1861/1111
f 2100/1110 2447/1107 1977/1112
f 2100/1110 1977/1112 1861/1111
f 1977/1112 2447/1107 2329/1106
f 1861/1111 1977/1112 226/1113
f 1861/1111 226/1113 205/1114
f 226/1113 1977/1112 90/1115
f 1977/1112 2329/1106 1870/1116
f 1977/1112 1870/1116 90/1115
f 226/1113 90/1115 357/1117
f 357/1117 90/1115 1870/1116
f 226/1113 357/1117 414/1118
f 414/1118 357/1117 606/1119
f 606/1119 357/1117 598/1120
f 598/1120 357/1117 510/1121
f 510/1121 357/1117 285/1122
f 285/1122 357/1117 1870/1116
f 510/1121 285/1122 431/1123
f 285/1122 1870/1116 192/1124
f 285/1122 192/1124 431/1123
f 510/1121 431/1123 622/1125
f 510/1121 622/1125 795/1126
f 795/1126 622/1125 726/1127
f 622/1125 431/1123 409/1128
f 409/1128 431/1123 192/1124
f 726/1127 622/1125 615/1129
f 615/1129 622/1125 409/1128
f 726/1127 615/1129 840/1130
f 1905/1131 192/1124 1870/1116
f 840/1130 615/1129 787/1132
f 192/1124 1905/1131 16/1133
f 192/1124 16/1133 409/1128
f 1905/1131 1870/1116 2199/1134
f 2199/1134 1870/1116 2329/1106
f 2199/1134 2329/1106 2526/1095
f 2199/1134 2526/1095 2322/1135
f 2199/1134 2322/1135 1905/1131
f 2322/1135 2526/1095 2951/1088
s 0
f 2322/1135 2951/1088 2390/1086
s 1
f 2322/1135 2390/1086 2091/1089
f 2322/1135 2091/1089 1905/1131
f 1905/1131 2091/1089 16/1133
f 16/1133 2091/1089 2068/1084
f 16/1133 2068/1084 2015/1083
f 16/1133 2015/1083 55/1136
f 55/1136 2015/1083 1996/1137
f 55/1136 1996/1137 87/1138
f 16/1133 55/1136 240/1139
f 16/1133 240/1139 409/1128
f 55/1136 87/1138 203/1140
f 55/1136 203/1140 240/1139
f 203/1140 87/1138 141/1141
f 409/1128 240/1139 447/1142
f 240/1139 203/1140 327/1143
f 240/1139 327/1143 447/1142
f 203/1140 141/1141 260/1144
f 203/1140 260/1144 327/1143
f 260/1144 141/1141 183/1145
f 327/1143 260/1144 298/1146
f 260/1144 183/1145 227/1147
f 260/1144 227/1147 298/1146
f 227/1147 183/1145 144/1148
f 227/1147 144/1148 252/1149
f 227/1147 252/1149 298/1146
f 252/1149 144/1148 158/1150
f 252/1149 158/1150 228/1151
f 252/1149 228/1151 320/1152
f 252/1149 320/1152 298/1146
f 361/1153 327/1143 298/1146
f 327/1143 361/1153 447/1142
f 298/1146 320/1152 359/1154
f 298/1146 359/1154 361/1153
f 447/1142 361/1153 448/1155
f 448/1155 361/1153 359/1154
f 359/1154 320/1152 379/1156
f 359/1154 379/1156 448/1155
f 379/1156 320/1152 310/1157
f 448/1155 379/1156 451/1158
f 451/1158 379/1156 453/1159
f 451/1158 453/1159 655/1160
f 451/1158 655/1160 448/1155
f 655/1160 453/1159 668/1161
f 655/1160 668/1161 814/1162
f 448/1155 655/1160 650/1163
f 448/1155 650/1163 447/1142
f 655/1160 814/1162 798/1164
f 655/1160 798/1164 650/1163
f 798/1164 814/1162 878/1165
f 878/1165 814/1162 897/1166
f 878/1165 897/1166 966/1167
f 878/1165 966/1167 985/1168
f 878/1165 985/1168 885/1169
f 878/1165 885/1169 798/1164
f 940/1170 840/1130 885/1169
f 885/1169 840/1130 787/1132
f 885/1169 787/1132 798/1164
f 798/1164 787/1132 650/1163
f 650/1163 787/1132 631/1171
f 650/1163 631/1171 447/1142
f 631/1171 787/1132 615/1129
f 447/1142 631/1171 409/1128
f 409/1128 631/1171 615/1129
f 64/1172 1878/1173 2163/1174
f 1878/1173 64/1172 368/1175
f 64/1172 2163/1174 142/1176
f 64/1172 142/1176 368/1175
f 142/1176 2163/1174 2284/1177
f 142/1176 2284/1177 109/1178
f 2284/1177 2163/1174 2773/1179
f 142/1176 109/1178 399/1180
f 142/1176 399/1180 368/1175
f 399/1180 109/1178 20/1181
f 399/1180 20/1181 506/1182
f 2773/1179 2163/1174 2355/1183
f 2355/1183 2163/1174 1878/1173
f 2773/1179 2355/1183 2824/1184
f 2773/1179 2824/1184 3064/1185
f 3064/1185 2824/1184 3442/1186
f 3442/1186 2824/1184 3323/1187
f 399/1180 506/1182 516/1188
f 399/1180 516/1188 368/1175
f 516/1188 506/1182 621/1189
f 621/1189 506/1182 702/1190
f 702/1190 506/1182 579/1191
f 516/1188 621/1189 712/1192
f 712/1192 621/1189 702/1190
f 702/1190 579/1191 751/1193
f 368/1175 516/1188 536/1194
f 536/1194 516/1188 712/1192
f 368/1175 536/1194 349/1195
f 368/1175 349/1195 1878/1173
f 536/1194 712/1192 703/1196
f 536/1194 703/1196 619/1197
f 712/1192 702/1190 813/1198
f 349/1195 536/1194 523/1199
f 523/1199 536/1194 619/1197
f 703/1196 712/1192 863/1200
f 863/1200 712/1192 813/1198
f 813/1198 702/1190 911/1201
f 911/1201 702/1190 751/1193
f 813/1198 911/1201 962/1202
f 813/1198 962/1202 863/1200
f 911/1201 751/1193 958/1203
f 958/1203 751/1193 867/1204
f 958/1203 867/1204 1009/1205
f 911/1201 958/1203 1034/1206
f 911/1201 1034/1206 962/1202
f 958/1203 1009/1205 1092/1207
f 958/1203 1092/1207 1034/1206
f 1092/1207 1009/1205 1103/1208
f 1103/1208 1009/1205 1026/1209
f 1103/1208 1026/1209 1094/1210
f 1103/1208 1094/1210 1150/1211
f 1092/1207 1103/1208 1218/1212
f 1092/1207 1218/1212 1034/1206
f 1103/1208 1150/1211 1231/1213
f 1103/1208 1231/1213 1218/1212
f 1231/1213 1150/1211 1201/1214
f 1201/1214 1150/1211 1027/1215
f 1201/1214 1027/1215 1161/1216
f 1231/1213 1201/1214 1275/1217
f 1275/1217 1201/1214 1161/1216
f 1231/1213 1275/1217 1351/1218
f 1231/1213 1351/1218 1218/1212
f 1275/1217 1161/1216 1243/1219
f 1243/1219 1161/1216 1152/1220
f 1243/1219 1152/1220 1149/1221
f 1275/1217 1243/1219 1314/1222
f 1275/1217 1314/1222 1351/1218
f 1243/1219 1149/1221 1240/1223
f 1240/1223 1149/1221 1180/1224
f 1314/1222 1243/1219 1341/1225
f 1314/1222 1341/1225 1351/1218
f 1341/1225 1243/1219 1240/1223
f 1240/1223 1180/1224 1303/1226
f 1240/1223 1303/1226 1341/1225
f 1351/1218 1341/1225 1410/1227
f 1410/1227 1341/1225 1303/1226
f 1303/1226 1180/1224 1250/1228
f 1250/1228 1180/1224 1049/1229
f 1250/1228 1049/1229 1132/1230
f 1303/1226 1250/1228 1364/1231
f 1250/1228 1132/1230 1270/1232
f 1250/1228 1270/1232 1364/1231
f 1270/1232 1132/1230 1206/1233
f 1206/1233 1132/1230 1078/1234
f 1206/1233 1078/1234 1167/1235
f 1303/1226 1364/1231 1435/1236
f 1303/1226 1435/1236 1410/1227
f 1364/1231 1270/1232 1376/1237
f 1270/1232 1206/1233 1335/1238
f 1270/1232 1335/1238 1376/1237
f 1206/1233 1167/1235 1284/1239
f 1206/1233 1284/1239 1335/1238
f 1284/1239 1167/1235 1212/1240
f 1212/1240 1167/1235 1127/1241
f 1335/1238 1284/1239 1359/1242
f 1284/1239 1212/1240 1311/1243
f 1284/1239 1311/1243 1359/1242
f 1335/1238 1359/1242 1451/1244
f 1335/1238 1451/1244 1376/1237
f 1359/1242 1311/1243 1375/1245
f 1451/1244 1359/1242 1466/1246
f 1466/1246 1359/1242 1375/1245
f 1451/1244 1466/1246 1485/1247
f 1451/1244 1485/1247 1376/1237
f 1466/1246 1375/1245 1430/1248
f 1375/1245 1311/1243 1281/1249
f 1375/1245 1281/1249 1430/1248
f 1485/1247 1466/1246 1500/1250
f 1500/1250 1466/1246 1430/1248
f 1376/1237 1485/1247 1429/1251
f 1429/1251 1485/1247 1481/1252
f 1481/1252 1485/1247 1500/1250
f 1376/1237 1429/1251 1402/1253
f 1402/1253 1429/1251 1481/1252
f 1376/1237 1402/1253 1401/1254
f 1376/1237 1401/1254 1364/1231
f 1364/1231 1401/1254 1435/1236
f 1401/1254 1402/1253 1394/1255
f 1435/1236 1401/1254 1470/1256
f 1470/1256 1401/1254 1394/1255
f 1394/1255 1402/1253 1370/1257
f 1370/1257 1402/1253 1481/1252
f 1470/1256 1394/1255 1368/1258
f 1368/1258 1394/1255 1370/1257
f 1435/1236 1470/1256 1469/1259
f 1435/1236 1469/1259 1410/1227
f 1469/1259 1470/1256 1502/1260
f 1410/1227 1469/1259 1460/1261
f 1460/1261 1469/1259 1502/1260
f 1502/1260 1470/1256 1449/1262
f 1449/1262 1470/1256 1368/1258
f 1502/1260 1449/1262 1455/1263
f 1502/1260 1455/1263 1460/1261
f 1449/1262 1368/1258 1407/1264
f 1410/1227 1460/1261 1409/1265
f 1410/1227 1409/1265 1351/1218
f 1351/1218 1409/1265 1218/1212
f 1409/1265 1460/1261 1369/1266
f 1409/1265 1369/1266 1218/1212
f 1369/1266 1460/1261 1346/1267
f 1346/1267 1460/1261 1455/1263
f 1218/1212 1369/1266 1186/1268
f 1186/1268 1369/1266 1346/1267
f 1218/1212 1186/1268 1125/1269
f 1218/1212 1125/1269 1034/1206
f 1034/1206 1125/1269 962/1202
f 962/1202 1125/1269 1069/1270
f 1069/1270 1125/1269 1186/1268
f 962/1202 1069/1270 863/1200
f 1186/1268 1346/1267 1219/1271
f 1186/1268 1219/1271 1069/1270
f 1219/1271 1346/1267 1309/1272
f 1309/1272 1346/1267 1455/1263
f 1219/1271 1309/1272 1207/1273
f 1219/1271 1207/1273 1136/1274
f 1207/1273 1309/1272 1249/1275
f 1207/1273 1249/1275 1136/1274
f 1309/1272 1455/1263 1297/1276
f 1309/1272 1297/1276 1249/1275
f 1035/1277 1069/1270 1219/1271
f 1035/1277 1219/1271 1136/1274
f 1069/1270 1035/1277 882/1278
f 1069/1270 882/1278 863/1200
f 882/1278 1035/1277 883/1279
f 863/1200 882/1278 734/1280
f 734/1280 882/1278 883/1279
f 863/1200 734/1280 703/1196
f 703/1196 734/1280 619/1197
f 619/1197 734/1280 708/1281
f 708/1281 734/1280 883/1279
f 619/1197 708/1281 662/1282
f 662/1282 708/1281 883/1279
f 619/1197 662/1282 546/1283
f 619/1197 546/1283 523/1199
f 523/1199 546/1283 349/1195
f 662/1282 883/1279 855/1284
f 1007/1285 883/1279 1035/1277
f 883/1279 1007/1285 855/1284
f 1007/1285 1035/1277 1136/1274
f 662/1282 855/1284 630/1286
f 662/1282 630/1286 546/1283
f 855/1284 1007/1285 935/1287
f 855/1284 935/1287 630/1286
f 1007/1285 1136/1274 1057/1288
f 1007/1285 1057/1288 935/1287
f 1057/1288 1136/1274 1195/1289
f 1195/1289 1136/1274 1249/1275
f 935/1287 1057/1288 1090/1290
f 1090/1290 1057/1288 1195/1289
s 0
f 1195/1289 1249/1275 1259/1291
s 1
f 1259/1291 1249/1275 1300/1292
f 1259/1291 1300/1292 1195/1289
f 1300/1292 1249/1275 1297/1276
f 1300/1292 1297/1276 1353/1293
f 1353/1293 1297/1276 1455/1263
f 1300/1292 1353/1293 1345/1294
f 1353/1293 1455/1263 1413/1295
f 1353/1293 1413/1295 1345/1294
f 1413/1295 1455/1263 1449/1262
f 1413/1295 1449/1262 1407/1264
f 1413/1295 1407/1264 1390/1296
f 1413/1295 1390/1296 1345/1294
f 1300/1292 1345/1294 1263/1297
f 1300/1292 1263/1297 1195/1289
f 1345/1294 1390/1296 1356/1298
f 1195/1289 1263/1297 1175/1299
f 1195/1289 1175/1299 1090/1290
f 1263/1297 1345/1294 1292/1300
f 1292/1300 1345/1294 1356/1298
f 1175/1299 1263/1297 1139/1301
f 1139/1301 1263/1297 1292/1300
f 1090/1290 1175/1299 1077/1302
f 1077/1302 1175/1299 1139/1301
f 1139/1301 1292/1300 1185/1303
f 1077/1302 1139/1301 937/1304
f 1077/1302 937/1304 860/1305
f 937/1304 1139/1301 1085/1306
f 1085/1306 1139/1301 1185/1303
f 1077/1302 860/1305 1010/1307
f 1077/1302 1010/1307 1090/1290
f 1010/1307 860/1305 794/1308
f 1090/1290 1010/1307 918/1309
f 1090/1290 918/1309 935/1287
f 1010/1307 794/1308 841/1310
f 1010/1307 841/1310 918/1309
f 841/1310 794/1308 718/1311
f 718/1311 794/1308 584/1312
f 918/1309 841/1310 755/1313
f 918/1309 755/1313 935/1287
f 755/1313 841/1310 718/1311
f 935/1287 755/1313 630/1286
f 630/1286 755/1313 718/1311
f 630/1286 718/1311 517/1314
f 517/1314 718/1311 583/1315
f 583/1315 718/1311 528/1316
f 583/1315 528/1316 477/1317
f 583/1315 477/1317 517/1314
f 517/1314 477/1317 370/1318
f 370/1318 477/1317 347/1319
f 630/1286 517/1314 543/1320
f 630/1286 543/1320 546/1283
f 370/1318 347/1319 257/1321
f 517/1314 370/1318 385/1322
f 517/1314 385/1322 543/1320
f 370/1318 257/1321 138/1323
f 138/1323 257/1321 1910/1324
f 385/1322 370/1318 214/1325
f 214/1325 370/1318 138/1323
f 138/1323 1910/1324 1992/1326
f 138/1323 1992/1326 214/1325
f 1992/1326 1910/1324 2204/1327
f 214/1325 1992/1326 1897/1328
f 416/1329 543/1320 385/1322
f 543/1320 416/1329 546/1283
f 241/1330 385/1322 214/1325
f 385/1322 241/1330 416/1329
f 546/1283 416/1329 329/1331
f 329/1331 416/1329 241/1330
f 546/1283 329/1331 349/1195
f 241/1330 214/1325 114/1332
f 241/1330 114/1332 329/1331
f 329/1331 114/1332 349/1195
f 114/1332 214/1325 1897/1328
f 349/1195 114/1332 1878/1173
f 114/1332 1897/1328 2138/1333
f 2138/1333 1897/1328 1992/1326
f 1878/1173 114/1332 2198/1334
f 2198/1334 114/1332 2138/1333
f 1878/1173 2198/1334 2355/1183
f 2355/1183 2198/1334 2496/1335
f 2496/1335 2198/1334 2138/1333
f 2355/1183 2496/1335 2824/1184
f 2496/1335 2138/1333 2440/1336
f 2138/1333 1992/1326 2367/1337
f 2138/1333 2367/1337 2440/1336
f 2367/1337 1992/1326 2204/1327
f 2496/1335 2440/1336 2755/1338
f 2496/1335 2755/1338 2824/1184
f 2755/1338 2440/1336 2367/1337
f 2367/1337 2204/1327 2512/1339
f 2367/1337 2512/1339 2755/1338
f 2640/1340 2987/1341 2512/1339
f 2512/1339 2987/1341 2864/1342
f 2512/1339 2864/1342 2755/1338
f 2864/1342 2987/1341 3127/1343
f 3002/1344 2824/1184 2755/1338
f 3002/1344 2755/1338 2864/1342
f 3002/1344 2864/1342 3127/1343
f 2824/1184 3002/1344 3323/1187
f 3002/1344 3127/1343 3276/1345
f 3002/1344 3276/1345 3323/1187
f 3323/1187 3276/1345 3726/1346
f 2191/1347 2498/1348 2248/1349
f 2191/1347 2248/1349 1880/1350
f 2498/1348 2191/1347 2600/1351
f 2191/1347 1880/1350 65/1352
f 2191/1347 65/1352 2167/1353
f 2600/1351 2191/1347 2324/1354
f 2324/1354 2191/1347 2167/1353
f 2167/1353 65/1352 297/1355
f 2600/1351 2324/1354 2533/1356
f 2600/1351 2533/1356 2949/1357
f 2324/1354 2167/1353 2414/1358
f 2324/1354 2414/1358 2533/1356
f 2949/1357 2533/1356 2878/1359
f 2878/1359 2533/1356 2414/1358
f 2949/1357 2878/1359 3090/1360
f 3090/1360 2878/1359 3234/1361
f 3090/1360 3234/1361 3418/1362
f 2878/1359 2414/1358 2780/1363
f 2878/1359 2780/1363 3234/1361
f 3234/1361 2780/1363 3104/1364
f 2780/1363 2414/1358 2434/1365
f 3104/1364 2780/1363 2810/1366
f 2810/1366 2780/1363 2434/1365
f 3104/1364 2810/1366 3245/1367
f 3104/1364 3245/1367 3234/1361
f 2148/1368 2414/1358 2167/1353
f 2414/1358 2148/1368 2434/1365
f 2148/1368 2167/1353 85/1369
f 85/1369 2167/1353 297/1355
f 2434/1365 2148/1368 2009/1370
f 2009/1370 2148/1368 85/1369
f 85/1369 297/1355 336/1371
f 336/1371 297/1355 452/1372
f 85/1369 336/1371 160/1373
f 85/1369 160/1373 2009/1370
f 336/1371 452/1372 456/1374
f 336/1371 456/1374 160/1373
f 456/1374 452/1372 575/1375
f 160/1373 456/1374 487/1376
f 487/1376 456/1374 575/1375
f 2009/1370 160/1373 208/1377
f 208/1377 160/1373 487/1376
f 487/1376 575/1375 633/1378
f 633/1378 575/1375 697/1379
f 633/1378 697/1379 754/1380
f 633/1378 754/1380 574/1381
f 633/1378 574/1381 487/1376
f 487/1376 574/1381 387/1382
f 487/1376 387/1382 208/1377
f 387/1382 574/1381 313/1383
f 208/1377 387/1382 1884/1384
f 1884/1384 387/1382 313/1383
f 208/1377 1884/1384 2009/1370
f 1884/1384 313/1383 1896/1385
f 1896/1385 313/1383 263/1386
f 2009/1370 1884/1384 2154/1387
f 2009/1370 2154/1387 2434/1365
f 2154/1387 1884/1384 2083/1388
f 2434/1365 2154/1387 2381/1389
f 2434/1365 2381/1389 2810/1366
f 2154/1387 2083/1388 2223/1390
f 2154/1387 2223/1390 2381/1389
f 2083/1388 1884/1384 2001/1391
f 2083/1388 2001/1391 2223/1390
f 2001/1391 1884/1384 1896/1385
f 23/1392 1896/1385 263/1386
f 23/1392 263/1386 232/1393
f 2960/1394 2810/1366 2381/1389
f 2810/1366 2960/1394 3245/1367
f 3245/1367 2960/1394 3137/1395
f 3245/1367 3137/1395 3504/1396
f 3137/1395 2960/1394 2603/1397
f 2603/1397 2960/1394 2381/1389
f 3137/1395 2603/1397 2978/1398
f 3245/1367 3504/1396 3564/1399
f 3564/1399 3504/1396 3805/1400
f 3245/1367 3564/1399 3234/1361
f 3564/1399 3805/1400 3712/1401
f 3564/1399 3712/1401 3234/1361
f 2978/1398 2603/1397 2685/1402
f 2978/1398 2685/1402 2831/1403
f 2424/1404 2603/1397 2381/1389
f 2603/1397 2424/1404 2685/1402
f 2424/1404 2381/1389 2223/1390
f 2831/1403 2685/1402 2645/1405
f 2645/1405 2685/1402 2424/1404
f 2831/1403 2645/1405 2550/1406
f 2831/1403 2550/1406 2642/1407
f 2550/1406 2645/1405 2268/1408
f 2645/1405 2424/1404 2325/1409
f 2645/1405 2325/1409 2268/1408
f 2325/1409 2424/1404 2223/1390
f 2268/1408 2325/1409 2185/1410
f 2185/1410 2325/1409 2223/1390
f 2268/1408 2185/1410 2153/1411
f 2185/1410 2223/1390 2001/1391
f 2153/1411 2185/1410 2037/1412
f 2153/1411 2037/1412 2025/1413
f 2185/1410 2001/1391 2038/1414
f 2185/1410 2038/1414 2037/1412
f 2038/1414 2001/1391 1896/1385
f 2038/1414 1896/1385 1926/1415
f 2037/1412 2038/1414 1978/1416
f 2037/1412 1978/1416 2025/1413
f 1978/1416 2038/1414 1926/1415
f 1926/1415 1896/1385 23/1392
f 1926/1415 23/1392 1978/1416
f 2025/1413 1978/1416 1888/1417
f 1888/1417 1978/1416 23/1392
f 2025/1413 1888/1417 19/1418
f 19/1418 1888/1417 123/1419
f 1888/1417 23/1392 66/1420
f 1888/1417 66/1420 123/1419
f 66/1420 23/1392 232/1393
f 123/1419 66/1420 219/1421
f 219/1421 66/1420 232/1393
f 109/1422 2284/1423 2458/1424
f 109/1422 2458/1424 20/1425
f 2458/1424 2284/1423 2940/1426
f 2940/1426 2284/1423 2773/1427
f 2458/1424 2940/1426 2788/1428
f 2458/1424 2788/1428 20/1425
f 2940/1426 2773/1427 3244/1429
f 3244/1429 2773/1427 3064/1430
f 2940/1426 3244/1429 3154/1431
f 2940/1426 3154/1431 2788/1428
f 3244/1429 3064/1430 3705/1432
f 3705/1432 3064/1430 3442/1433
f 3154/1431 3244/1429 3518/1434
f 3518/1434 3244/1429 3705/1432
f 3705/1432 3442/1433 4117/1435
f 4117/1435 3442/1433 3323/1436
f 3705/1432 4117/1435 3925/1437
f 3705/1432 3925/1437 3518/1434
f 3925/1437 4117/1435 4380/1438
f 3154/1431 3518/1434 3682/1439
f 3682/1439 3518/1434 3925/1437
f 3925/1437 4380/1438 4080/1440
f 3925/1437 4080/1440 3682/1439
f 4080/1440 4380/1438 4436/1441
f 4080/1440 4436/1441 4378/1442
f 3154/1431 3682/1439 3241/1443
f 3154/1431 3241/1443 2788/1428
f 3682/1439 4080/1440 3799/1444
f 3682/1439 3799/1444 3241/1443
f 4080/1440 4378/1442 4048/1445
f 4080/1440 4048/1445 3799/1444
f 4048/1445 4378/1442 3938/1446
f 3938/1446 4378/1442 4421/1447
f 4048/1445 3938/1446 3647/1448
f 4048/1445 3647/1448 3799/1444
f 3647/1448 3938/1446 3751/1449
f 3647/1448 3751/1449 3254/1450
f 3799/1444 3647/1448 3219/1451
f 3219/1451 3647/1448 3254/1450
f 3799/1444 3219/1451 3241/1443
f 3219/1451 3254/1450 2943/1452
f 3241/1443 3219/1451 2604/1453
f 3241/1443 2604/1453 2788/1428
f 2788/1428 2604/1453 2055/1454
f 2788/1428 2055/1454 20/1425
f 2055/1454 2604/1453 1915/1455
f 2055/1454 1915/1455 20/1425
f 2604/1453 3219/1451 2345/1456
f 2604/1453 2345/1456 1915/1455
f 2457/1457 3219/1451 2943/1452
f 3219/1451 2457/1457 2345/1456
f 20/1425 1915/1455 169/1458
f 20/1425 169/1458 506/1459
f 506/1459 169/1458 323/1460
f 323/1460 169/1458 1915/1455
f 506/1459 323/1460 579/1461
f 29/1462 1915/1455 2345/1456
f 1915/1455 29/1462 323/1460
f 29/1462 2345/1456 1855/1463
f 1855/1463 2345/1456 2457/1457
f 323/1460 29/1462 244/1464
f 244/1464 29/1462 1855/1463
f 579/1461 323/1460 400/1465
f 400/1465 323/1460 244/1464
f 579/1461 400/1465 699/1466
f 579/1461 699/1466 751/1467
f 751/1467 699/1466 867/1468
f 699/1466 400/1465 470/1469
f 470/1469 400/1465 244/1464
f 867/1468 699/1466 731/1470
f 731/1470 699/1466 470/1469
f 470/1469 244/1464 497/1471
f 470/1469 497/1471 731/1470
f 497/1471 244/1464 363/1472
f 867/1468 731/1470 879/1473
f 867/1468 879/1473 1009/1474
f 1009/1474 879/1473 1026/1475
f 731/1470 497/1471 549/1476
f 549/1476 497/1471 363/1472
f 879/1473 731/1470 617/1477
f 617/1477 731/1470 549/1476
f 1026/1475 879/1473 901/1478
f 901/1478 879/1473 617/1477
f 1026/1475 901/1478 1094/1479
f 549/1476 363/1472 464/1480
f 549/1476 464/1480 617/1477
f 1094/1479 901/1478 1027/1481
f 1094/1479 1027/1481 1150/1482
f 901/1478 617/1477 651/1483
f 617/1477 464/1480 539/1484
f 617/1477 539/1484 651/1483
f 1027/1481 901/1478 894/1485
f 894/1485 901/1478 651/1483
f 1027/1481 894/1485 1087/1486
f 1027/1481 1087/1486 1161/1487
f 1161/1487 1087/1486 1152/1488
f 1087/1486 894/1485 1028/1489
f 1087/1486 1028/1489 1152/1488
f 894/1485 651/1483 763/1490
f 894/1485 763/1490 1028/1489
f 1152/1488 1028/1489 1046/1491
f 1046/1491 1028/1489 763/1490
f 1152/1488 1046/1491 1149/1492
f 1149/1492 1046/1491 1063/1493
f 1063/1493 1046/1491 763/1490
f 1149/1492 1063/1493 1180/1494
f 1180/1494 1063/1493 1049/1495
f 1049/1495 1063/1493 763/1490
f 602/1496 763/1490 651/1483
f 602/1496 651/1483 539/1484
f 1049/1495 763/1490 851/1497
f 602/1496 539/1484 391/1498
f 1049/1495 851/1497 994/1499
f 1049/1495 994/1499 1132/1500
f 1132/1500 994/1499 1078/1501
f 994/1499 851/1497 852/1502
f 994/1499 852/1502 1078/1501
f 1078/1501 852/1502 1038/1503
f 1078/1501 1038/1503 1167/1504
f 1167/1504 1038/1503 1127/1505
f 1038/1503 852/1502 971/1506
f 971/1506 852/1502 693/1507
f 693/1507 852/1502 644/1508
f 644/1508 852/1502 851/1497
f 693/1507 644/1508 563/1509
f 563/1509 644/1508 418/1510
f 644/1508 851/1497 634/1511
f 418/1510 644/1508 437/1512
f 437/1512 644/1508 634/1511
f 418/1510 437/1512 296/1513
f 634/1511 851/1497 763/1490
f 296/1513 437/1512 283/1514
f 296/1513 283/1514 1873/1515
f 437/1512 634/1511 402/1516
f 437/1512 402/1516 283/1514
f 634/1511 763/1490 603/1517
f 634/1511 603/1517 402/1516
f 603/1517 763/1490 602/1496
f 603/1517 602/1496 401/1518
f 603/1517 401/1518 402/1516
f 401/1518 602/1496 391/1498
f 283/1514 402/1516 269/1519
f 269/1519 402/1516 401/1518
f 1883/1520 1873/1515 283/1514
f 1883/1520 283/1514 269/1519
f 1873/1515 1883/1520 2277/1521
f 2277/1521 1883/1520 2298/1522
f 2298/1522 1883/1520 269/1519
f 2298/1522 269/1519 2281/1523
f 269/1519 401/1518 286/1524
f 269/1519 286/1524 2281/1523
f 286/1524 401/1518 391/1498
f 2281/1523 286/1524 73/1525
f 73/1525 286/1524 391/1498
f 2281/1523 73/1525 2051/1526
f 2281/1523 2051/1526 2221/1527
f 73/1525 391/1498 238/1528
f 2221/1527 2051/1526 1983/1529
f 2051/1526 73/1525 1885/1530
f 2051/1526 1885/1530 1983/1529
f 1885/1530 73/1525 139/1531
f 139/1531 73/1525 238/1528
f 1885/1530 139/1531 126/1532
f 1885/1530 126/1532 1983/1529
f 395/1533 238/1528 391/1498
f 395/1533 391/1498 539/1484
f 395/1533 539/1484 464/1480
f 395/1533 464/1480 319/1534
f 395/1533 319/1534 238/1528
f 319/1534 464/1480 363/1472
f 224/1535 139/1531 238/1528
f 224/1535 238/1528 319/1534
f 139/1531 224/1535 204/1536
f 139/1531 204/1536 126/1532
f 224/1535 319/1534 222/1537
f 224/1535 222/1537 193/1538
f 224/1535 193/1538 204/1536
f 222/1537 319/1534 118/1539
f 222/1537 118/1539 193/1538
f 202/1540 319/1534 363/1472
f 319/1534 202/1540 118/1539
f 202/1540 363/1472 244/1464
f 202/1540 244/1464 1855/1463
f 118/1539 202/1540 13/1541
f 13/1541 202/1540 1855/1463
f 193/1538 118/1539 147/1542
f 147/1542 118/1539 13/1541
f 13/1541 1855/1463 2078/1543
f 2078/1543 1855/1463 2457/1457
f 147/1542 13/1541 7/1544
f 13/1541 2078/1543 1936/1545
f 13/1541 1936/1545 7/1544
f 2078/1543 2457/1457 2413/1546
f 147/1542 7/1544 81/1547
f 81/1547 7/1544 1869/1548
f 1869/1548 7/1544 1936/1545
f 147/1542 81/1547 154/1549
f 147/1542 154/1549 193/1538
f 154/1549 81/1547 42/1550
f 42/1550 81/1547 1869/1548
f 193/1538 154/1549 171/1551
f 193/1538 171/1551 204/1536
f 154/1549 42/1550 84/1552
f 154/1549 84/1552 171/1551
f 42/1550 1869/1548 1862/1553
f 42/1550 1862/1553 84/1552
f 84/1552 1862/1553 38/1554
f 38/1554 1862/1553 1889/1555
f 38/1554 1889/1555 41/1556
f 38/1554 41/1556 84/1552
f 41/1556 1889/1555 33/1557
f 84/1552 41/1556 104/1558
f 84/1552 104/1558 171/1551
f 104/1558 41/1556 33/1557
f 1973/1559 1862/1553 1869/1548
f 1862/1553 1973/1559 2021/1560
f 1973/1559 1869/1548 2039/1561
f 2039/1561 1869/1548 1936/1545
f 1973/1559 2039/1561 2133/1562
f 1973/1559 2133/1562 2213/1563
f 2213/1563 2133/1562 2410/1564
f 2133/1562 2039/1561 2227/1565
f 2410/1564 2133/1562 2340/1566
f 2340/1566 2133/1562 2227/1565
f 2410/1564 2340/1566 2766/1567
f 2766/1567 2340/1566 2671/1568
f 2056/1569 2039/1561 1936/1545
f 2039/1561 2056/1569 2227/1565
f 2340/1566 2227/1565 2420/1570
f 2340/1566 2420/1570 2671/1568
f 2227/1565 2056/1569 2238/1571
f 2056/1569 1936/1545 2108/1572
f 2056/1569 2108/1572 2238/1571
f 2108/1572 1936/1545 2078/1543
f 2227/1565 2238/1571 2377/1573
f 2227/1565 2377/1573 2420/1570
f 2377/1573 2238/1571 2108/1572
f 2108/1572 2078/1543 2413/1546
f 2108/1572 2413/1546 2377/1573
f 2624/1574 2671/1568 2420/1570
f 2624/1574 2420/1570 2377/1573
f 2671/1568 2624/1574 2844/1575
f 2624/1574 2377/1573 2560/1576
f 2560/1576 2377/1573 2413/1546
f 2624/1574 2560/1576 2844/1575
f 2560/1576 2413/1546 2769/1577
f 2560/1576 2769/1577 2844/1575
f 2769/1577 2413/1546 2457/1457
f 2844/1575 2769/1577 3014/1578
f 2769/1577 2457/1457 2943/1452
f 2769/1577 2943/1452 3014/1578
f 3543/1579 3678/1580 3688/1581
f 3678/1580 3543/1579 3641/1582
f 3641/1582 3543/1579 3352/1583
f 3688/1581 3678/1580 3855/1584
f 3855/1584 3678/1580 3641/1582
f 3688/1581 3855/1584 3886/1585
f 3641/1582 3352/1583 3395/1586
f 3886/1585 3855/1584 4060/1587
f 3855/1584 3641/1582 3943/1588
f 3855/1584 3943/1588 4060/1587
f 3641/1582 3395/1586 3857/1589
f 3641/1582 3857/1589 3943/1588
f 4060/1587 3943/1588 4137/1590
f 4137/1590 3943/1588 3857/1589
f 4060/1587 4137/1590 4192/1591
f 4192/1591 4137/1590 4223/1592
f 4223/1592 4137/1590 4160/1593
f 4223/1592 4160/1593 4235/1594
f 4160/1593 4137/1590 4195/1595
f 4195/1595 4137/1590 3857/1589
f 4160/1593 4195/1595 4396/1596
f 4160/1593 4396/1596 4235/1594
f 4195/1595 3857/1589 4000/1597
f 4195/1595 4000/1597 4188/1598
f 4195/1595 4188/1598 4396/1596
f 4000/1597 3857/1589 3833/1599
f 4396/1596 4188/1598 4253/1600
f 4396/1596 4253/1600 4442/1601
f 3833/1599 3857/1589 3527/1602
f 3833/1599 3527/1602 3709/1603
f 3527/1602 3857/1589 3395/1586
f 3709/1603 3527/1602 3364/1604
f 3364/1604 3527/1602 3395/1586
f 4396/1596 4442/1601 4477/1605
f 4396/1596 4477/1605 4422/1606
f 4396/1596 4422/1606 4235/1594
f 4477/1605 4442/1601 4518/1607
f 4518/1607 4442/1601 4473/1608
f 4422/1606 4477/1605 4486/1609
f 4486/1609 4477/1605 4518/1607
f 4235/1594 4422/1606 4356/1610
f 4356/1610 4422/1606 4486/1609
f 4235/1594 4356/1610 4240/1611
f 4235/1594 4240/1611 4089/1612
f 4518/1607 4473/1608 4426/1613
f 4426/1613 4473/1608 4327/1614
f 4426/1613 4327/1614 4381/1615
f 4518/1607 4426/1613 4454/1616
f 4089/1612 4240/1611 4025/1617
f 4089/1612 4025/1617 3783/1618
f 3783/1618 4025/1617 3578/1619
f 3578/1619 4025/1617 3753/1620
f 3753/1620 4025/1617 4104/1621
f 4104/1621 4025/1617 4240/1611
f 3753/1620 4104/1621 3947/1622
f 3947/1622 4104/1621 4143/1623
f 4104/1621 4240/1611 4320/1624
f 4104/1621 4320/1624 4143/1623
f 4320/1624 4240/1611 4356/1610
f 4143/1623 4320/1624 4300/1625
f 4320/1624 4356/1610 4453/1626
f 4320/1624 4453/1626 4300/1625
f 4453/1626 4356/1610 4486/1609
f 4312/1627 4300/1625 4360/1628
f 4360/1628 4300/1625 4469/1629
f 4469/1629 4300/1625 4453/1626
f 4360/1628 4469/1629 4398/1630
f 4453/1626 4486/1609 4502/1631
f 4453/1626 4502/1631 4469/1629
f 4502/1631 4486/1609 4518/1607
f 4469/1629 4502/1631 4510/1632
f 4510/1632 4502/1631 4518/1607
f 4469/1629 4510/1632 4398/1630
f 4510/1632 4518/1607 4498/1633
f 4498/1633 4518/1607 4454/1616
f 4498/1633 4454/1616 4415/1634
f 4498/1633 4415/1634 4430/1635
f 4498/1633 4430/1635 4510/1632
f 4510/1632 4430/1635 4398/1630
f 4398/1630 4430/1635 4366/1636
f 4366/1636 4430/1635 4361/1637
f 2998/1638 3242/1639 3082/1640
f 3082/1640 3242/1639 3168/1641
f 3670/1642 3633/1643 3242/1639
f 3242/1639 3633/1643 3168/1641
f 3082/1640 3168/1641 2903/1644
f 3082/1640 2903/1644 2823/1645
f 2903/1644 3168/1641 3018/1646
f 3168/1641 3633/1643 3330/1647
f 3168/1641 3330/1647 3018/1646
f 3330/1647 3633/1643 3650/1648
f 3650/1648 3633/1643 3888/1649
f 3650/1648 3888/1649 3874/1650
f 3650/1648 3874/1650 3783/1651
f 3330/1647 3650/1648 3484/1652
f 3484/1652 3650/1648 3783/1651
f 3330/1647 3484/1652 3018/1646
f 3484/1652 3783/1651 3578/1653
f 3484/1652 3578/1653 3271/1654
f 3484/1652 3271/1654 2987/1655
f 3484/1652 2987/1655 3213/1656
f 3484/1652 3213/1656 3018/1646
f 3213/1656 2987/1655 2640/1657
f 3018/1646 3213/1656 2856/1658
f 2856/1658 3213/1656 2640/1657
f 2710/1659 2903/1644 3018/1646
f 2710/1659 3018/1646 2856/1658
f 2903/1644 2710/1659 2577/1660
f 2577/1660 2710/1659 2536/1661
f 2536/1661 2710/1659 2454/1662
f 2454/1662 2710/1659 2856/1658
f 2856/1658 2640/1657 2488/1663
f 2488/1663 2640/1657 2512/1664
f 2454/1662 2856/1658 2261/1665
f 2261/1665 2856/1658 2488/1663
f 2488/1663 2512/1664 2204/1666
f 2488/1663 2204/1666 2261/1665
f 2261/1665 2204/1666 1910/1667
f 2454/1662 2261/1665 1930/1668
f 2261/1665 1910/1667 2006/1669
f 2261/1665 2006/1669 1930/1668
f 2006/1669 1910/1667 257/1670
f 2006/1669 257/1670 1930/1668
f 526/1671 595/1672 266/1673
f 266/1673 595/1672 374/1674
f 526/1671 266/1673 63/1675
f 63/1675 266/1673 2105/1676
f 2105/1676 266/1673 1875/1677
f 1875/1677 266/1673 374/1674
f 1875/1677 374/1674 255/1678
f 526/1671 63/1675 271/1679
f 271/1679 63/1675 2347/1680
f 271/1679 2347/1680 88/1681
f 271/1679 88/1681 526/1671
f 526/1671 88/1681 569/1682
f 255/1678 374/1674 531/1683
f 526/1671 569/1682 696/1684
f 714/1685 595/1672 526/1671
f 714/1685 526/1671 696/1684
f 595/1672 714/1685 675/1686
f 595/1672 675/1686 374/1674
f 374/1674 675/1686 799/1687
f 374/1674 799/1687 531/1683
f 675/1686 714/1685 805/1688
f 675/1686 805/1688 799/1687
f 714/1685 696/1684 785/1689
f 714/1685 785/1689 805/1688
f 762/1690 696/1684 569/1682
f 762/1690 569/1682 783/1691
f 785/1689 696/1684 925/1692
f 925/1692 696/1684 762/1690
f 805/1688 785/1689 915/1693
f 915/1693 785/1689 925/1692
f 805/1688 915/1693 928/1694
f 805/1688 928/1694 799/1687
f 915/1693 925/1692 993/1695
f 915/1693 993/1695 928/1694
f 925/1692 762/1690 941/1696
f 941/1696 762/1690 783/1691
f 993/1695 925/1692 1022/1697
f 1022/1697 925/1692 941/1696
f 928/1694 993/1695 1045/1698
f 1045/1698 993/1695 1022/1697
f 941/1696 783/1691 974/1699
f 941/1696 974/1699 1022/1697
f 974/1699 783/1691 722/1700
f 891/1701 799/1687 928/1694
f 891/1701 928/1694 1045/1698
f 799/1687 891/1701 744/1702
f 799/1687 744/1702 531/1683
f 744/1702 891/1701 737/1703
f 744/1702 737/1703 531/1683
f 891/1701 1045/1698 967/1704
f 891/1701 967/1704 737/1703
f 1056/1705 1045/1698 1022/1697
f 1056/1705 1022/1697 974/1699
f 1045/1698 1056/1705 1032/1706
f 1045/1698 1032/1706 967/1704
f 1056/1705 974/1699 1029/1707
f 1056/1705 1029/1707 1032/1706
f 1029/1707 974/1699 973/1708
f 967/1704 1032/1706 968/1709
f 968/1709 1032/1706 1029/1707
f 973/1708 974/1699 899/1710
f 899/1710 974/1699 722/1700
f 899/1710 722/1700 676/1711
f 899/1710 676/1711 779/1712
f 899/1710 779/1712 904/1713
f 899/1710 904/1713 973/1708
f 973/1708 904/1713 1029/1707
f 1029/1707 904/1713 968/1709
f 968/1709 904/1713 777/1714
f 968/1709 777/1714 767/1715
f 968/1709 767/1715 967/1704
f 767/1715 777/1714 441/1716
f 441/1716 777/1714 378/1717
f 967/1704 767/1715 727/1718
f 727/1718 767/1715 441/1716
f 967/1704 727/1718 737/1703
f 441/1716 378/1717 251/1719
f 737/1703 727/1718 480/1720
f 737/1703 480/1720 531/1683
f 727/1718 441/1716 427/1721
f 427/1721 441/1716 251/1719
f 727/1718 427/1721 480/1720
f 531/1683 480/1720 312/1722
f 312/1722 480/1720 427/1721
f 312/1722 427/1721 251/1719
f 531/1683 312/1722 255/1678
f 255/1678 312/1722 1902/1723
f 312/1722 251/1719 223/1724
f 312/1722 223/1724 1902/1723
f 223/1724 251/1719 25/1725
f 223/1724 25/1725 1902/1723
f 1221/1726 1248/1727 1162/1728
f 1326/1729 1226/1730 1248/1727
f 1248/1727 1221/1726 1307/1731
f 1326/1729 1248/1727 1416/1732
f 1416/1732 1248/1727 1307/1731
f 1444/1733 1337/1734 1326/1729
f 1444/1733 1326/1729 1416/1732
f 1444/1733 1416/1732 1512/1735
f 1307/1731 1221/1726 1283/1736
f 1416/1732 1307/1731 1392/1737
f 1283/1736 1221/1726 1229/1738
f 1229/1738 1221/1726 1135/1739
f 1229/1738 1135/1739 1166/1740
f 1307/1731 1283/1736 1391/1741
f 1307/1731 1391/1741 1392/1737
f 1283/1736 1229/1738 1338/1742
f 1283/1736 1338/1742 1391/1741
f 1229/1738 1166/1740 1251/1743
f 1229/1738 1251/1743 1338/1742
f 1251/1743 1166/1740 1233/1744
f 1233/1744 1166/1740 1096/1745
f 1338/1742 1251/1743 1342/1746
f 1342/1746 1251/1743 1233/1744
f 1391/1741 1338/1742 1443/1747
f 1443/1747 1338/1742 1342/1746
f 1391/1741 1443/1747 1489/1748
f 1391/1741 1489/1748 1392/1737
f 1392/1737 1489/1748 1437/1749
f 1392/1737 1437/1749 1416/1732
f 1489/1748 1443/1747 1498/1750
f 1416/1732 1437/1749 1512/1735
f 1489/1748 1498/1750 1497/1751
f 1489/1748 1497/1751 1437/1749
f 1498/1750 1443/1747 1495/1752
f 1495/1752 1443/1747 1342/1746
f 1498/1750 1495/1752 1524/1753
f 1498/1750 1524/1753 1497/1751
f 1495/1752 1342/1746 1440/1754
f 1524/1753 1495/1752 1576/1755
f 1576/1755 1495/1752 1440/1754
f 1497/1751 1524/1753 1531/1756
f 1531/1756 1524/1753 1604/1757
f 1604/1757 1524/1753 1576/1755
f 1497/1751 1531/1756 1549/1758
f 1549/1758 1531/1756 1603/1759
f 1603/1759 1531/1756 1604/1757
f 1497/1751 1549/1758 1527/1760
f 1549/1758 1603/1759 1562/1761
f 1549/1758 1562/1761 1527/1760
f 1562/1761 1603/1759 1628/1762
f 1628/1762 1603/1759 1604/1757
f 1497/1751 1527/1760 1405/1763
f 1497/1751 1405/1763 1437/1749
f 1527/1760 1562/1761 1434/1764
f 1527/1760 1434/1764 1405/1763
f 1437/1749 1405/1763 1367/1765
f 1367/1765 1405/1763 1434/1764
f 1437/1749 1367/1765 1490/1766
f 1437/1749 1490/1766 1479/1767
f 1437/1749 1479/1767 1512/1735
f 1490/1766 1367/1765 1380/1768
f 1380/1768 1367/1765 1434/1764
f 1479/1767 1490/1766 1535/1769
f 1479/1767 1535/1769 1512/1735
f 1535/1769 1490/1766 1569/1770
f 1512/1735 1535/1769 1557/1771
f 1557/1771 1535/1769 1569/1770
f 1512/1735 1557/1771 1514/1772
f 1512/1735 1514/1772 1444/1733
f 1444/1733 1514/1772 1506/1773
f 1506/1773 1514/1772 1565/1774
f 1565/1774 1514/1772 1557/1771
f 1565/1774 1557/1771 1585/1775
f 1585/1775 1557/1771 1569/1770
f 1516/1776 1569/1770 1490/1766
f 1516/1776 1490/1766 1380/1768
f 1585/1775 1569/1770 1685/1777
f 1585/1775 1685/1777 1673/1778
f 1673/1778 1685/1777 1684/1779
f 1685/1777 1569/1770 1648/1780
f 1648/1780 1569/1770 1516/1776
f 1684/1779 1685/1777 1687/1781
f 1687/1781 1685/1777 1648/1780
f 1684/1779 1687/1781 1626/1782
f 1648/1780 1516/1776 1575/1783
f 1687/1781 1648/1780 1635/1784
f 1635/1784 1648/1780 1575/1783
f 1504/1785 1516/1776 1380/1768
f 1516/1776 1504/1785 1575/1783
f 1504/1785 1380/1768 1434/1764
f 1575/1783 1504/1785 1518/1786
f 1575/1783 1518/1786 1635/1784
f 1504/1785 1434/1764 1473/1787
f 1504/1785 1473/1787 1518/1786
f 1473/1787 1434/1764 1580/1788
f 1580/1788 1434/1764 1562/1761
f 1518/1786 1473/1787 1505/1789
f 1518/1786 1505/1789 1635/1784
f 1580/1788 1562/1761 1628/1762
f 1473/1787 1580/1788 1480/1790
f 1473/1787 1480/1790 1505/1789
f 1580/1788 1628/1762 1695/1791
f 1580/1788 1695/1791 1480/1790
f 1480/1790 1695/1791 1693/1792
f 1480/1790 1693/1792 1675/1793
f 1480/1790 1675/1793 1505/1789
f 1693/1792 1695/1791 1731/1794
f 1693/1792 1731/1794 1675/1793
f 1505/1789 1675/1793 1665/1795
f 1665/1795 1675/1793 1718/1796
f 1718/1796 1675/1793 1731/1794
f 1505/1789 1665/1795 1627/1797
f 1627/1797 1665/1795 1718/1796
f 1505/1789 1627/1797 1554/1798
f 1505/1789 1554/1798 1635/1784
f 1635/1784 1554/1798 1637/1799
f 1635/1784 1637/1799 1687/1781
f 1554/1798 1627/1797 1599/1800
f 1554/1798 1599/1800 1637/1799
f 1687/1781 1637/1799 1630/1801
f 1630/1801 1637/1799 1599/1800
f 1687/1781 1630/1801 1626/1782
f 1626/1782 1630/1801 1727/1802
f 1630/1801 1599/1800 1659/1803
f 1630/1801 1659/1803 1727/1802
f 1643/1804 1599/1800 1627/1797
f 1599/1800 1643/1804 1659/1803
f 1727/1802 1659/1803 1759/1805
f 1759/1805 1659/1803 1643/1804
f 1727/1802 1759/1805 1790/1806
f 1643/1804 1627/1797 1733/1807
s 0
f 1643/1804 1733/1807 1759/1805
s 1
f 1790/1806 1759/1805 1796/1808
f 1796/1808 1759/1805 1733/1807
f 1733/1807 1627/1797 1718/1796
f 1796/1808 1733/1807 1752/1809
f 1752/1809 1733/1807 1718/1796
f 1796/1808 1752/1809 1804/1810
f 1796/1808 1804/1810 1803/1811
f 1803/1811 1804/1810 1806/1812
f 1804/1810 1752/1809 1758/1813
f 1758/1813 1752/1809 1718/1796
f 1806/1812 1804/1810 1791/1814
f 1791/1814 1804/1810 1758/1813
f 1806/1812 1791/1814 1777/1815
f 1777/1815 1791/1814 1765/1816
f 1758/1813 1718/1796 1749/1817
f 1765/1816 1791/1814 1780/1818
f 1780/1818 1791/1814 1758/1813
f 1749/1817 1718/1796 1731/1794
f 1780/1818 1758/1813 1798/1819
f 1798/1819 1758/1813 1749/1817
f 1765/1816 1780/1818 1771/1820
f 1765/1816 1771/1820 1744/1821
f 1744/1821 1771/1820 1811/1822
f 1811/1822 1771/1820 1816/1823
f 1771/1820 1780/1818 1788/1824
f 1771/1820 1788/1824 1816/1823
f 1788/1824 1780/1818 1798/1819
f 1816/1823 1788/1824 1818/1825
f 1818/1825 1788/1824 1798/1819
f 1816/1823 1818/1825 1828/1826
f 1816/1823 1828/1826 1827/1827
f 1827/1827 1828/1826 1829/1828
f 1829/1828 1828/1826 1823/1829
f 1829/1828 1823/1829 1812/1830
f 1828/1826 1818/1825 1805/1831
f 1828/1826 1805/1831 1823/1829
f 1805/1831 1818/1825 1798/1819
f 1823/1829 1805/1831 1783/1832
f 1783/1832 1805/1831 1787/1833
f 1805/1831 1798/1819 1768/1834
f 1805/1831 1768/1834 1787/1833
f 1768/1834 1798/1819 1749/1817
f 1755/1835 1773/1836 1787/1833
f 1755/1835 1787/1833 1768/1834
f 1755/1835 1768/1834 1748/1837
f 1755/1835 1748/1837 1713/1838
f 1748/1837 1768/1834 1776/1839
f 1768/1834 1749/1817 1761/1840
f 1768/1834 1761/1840 1776/1839
f 1761/1840 1749/1817 1740/1841
f 1740/1841 1749/1817 1731/1794
f 1726/1842 1748/1837 1774/1843
f 1774/1843 1748/1837 1776/1839
f 1761/1840 1740/1841 1778/1844
f 1761/1840 1778/1844 1776/1839
f 1740/1841 1731/1794 1738/1845
f 1740/1841 1738/1845 1778/1844
f 1738/1845 1731/1794 1695/1791
f 1774/1843 1776/1839 1814/1846
f 1774/1843 1814/1846 1756/1847
f 1776/1839 1778/1844 1820/1848
f 1776/1839 1820/1848 1814/1846
f 1756/1847 1814/1846 1802/1849
f 1820/1848 1778/1844 1813/1850
f 1813/1850 1778/1844 1738/1845
f 1814/1846 1820/1848 1836/1851
f 1836/1851 1820/1848 1813/1850
f 1802/1849 1814/1846 1834/1852
f 1834/1852 1814/1846 1836/1851
f 1802/1849 1834/1852 1846/1853
f 1836/1851 1813/1850 1835/1854
f 1834/1852 1836/1851 1845/1855
f 1834/1852 1845/1855 1846/1853
f 1836/1851 1835/1854 1847/1856
f 1836/1851 1847/1856 1845/1855
f 1846/1853 1845/1855 1849/1857
f 1849/1857 1845/1855 1847/1856
f 1833/1858 1846/1853 1840/1859
f 1830/1860 1835/1854 1813/1850
f 1835/1854 1830/1860 1847/1856
f 1830/1860 1813/1850 1793/1861
f 1793/1861 1813/1850 1738/1845
f 1847/1856 1830/1860 1843/1862
f 1847/1856 1843/1862 1849/1857
f 1830/1860 1793/1861 1794/1863
f 1830/1860 1794/1863 1843/1862
f 1793/1861 1738/1845 1747/1864
f 1793/1861 1747/1864 1794/1863
f 1747/1864 1738/1845 1705/1865
f 1705/1865 1738/1845 1695/1791
f 1705/1865 1695/1791 1628/1762
f 1747/1864 1705/1865 1689/1866
f 1747/1864 1689/1866 1794/1863
f 1705/1865 1628/1762 1647/1867
f 1705/1865 1647/1867 1689/1866
f 1647/1867 1628/1762 1604/1757
f 1794/1863 1689/1866 1781/1868
f 1689/1866 1647/1867 1671/1869
f 1689/1866 1671/1869 1781/1868
f 1794/1863 1781/1868 1837/1870
f 1794/1863 1837/1870 1843/1862
f 1843/1862 1837/1870 1841/1871
f 1843/1862 1841/1871 1842/1872
f 1842/1872 1841/1871 1837/1870
f 1843/1862 1842/1872 1849/1857
f 1837/1870 1781/1868 1824/1873
f 1837/1870 1824/1873 1842/1872
f 1769/1874 1781/1868 1671/1869
f 1781/1868 1769/1874 1824/1873
f 1769/1874 1671/1869 1697/1875
f 1849/1857 1842/1872 1844/1876
f 1824/1873 1769/1874 1785/1877
f 1785/1877 1769/1874 1697/1875
f 1842/1872 1824/1873 1839/1878
f 1842/1872 1839/1878 1844/1876
f 1697/1875 1671/1869 1645/1879
f 1645/1879 1671/1869 1647/1867
f 1785/1877 1697/1875 1721/1880
f 1824/1873 1785/1877 1742/1881
f 1742/1881 1785/1877 1721/1880
f 1839/1878 1824/1873 1832/1882
f 1832/1882 1824/1873 1742/1881
f 1742/1881 1721/1880 1725/1883
f 1832/1882 1742/1881 1764/1884
f 1764/1884 1742/1881 1725/1883
f 1839/1878 1832/1882 1821/1885
f 1821/1885 1832/1882 1764/1884
f 1764/1884 1725/1883 1763/1886
f 1764/1884 1763/1886 1821/1885
f 1763/1886 1725/1883 1721/1880
f 1839/1878 1821/1885 1809/1887
f 1839/1878 1809/1887 1844/1876
f 1821/1885 1763/1886 1751/1888
f 1821/1885 1751/1888 1809/1887
f 1844/1876 1809/1887 1825/1889
f 1825/1889 1809/1887 1751/1888
f 1763/1886 1721/1880 1703/1890
f 1703/1890 1721/1880 1697/1875
f 1703/1890 1697/1875 1645/1879
f 1763/1886 1703/1890 1734/1891
f 1763/1886 1734/1891 1751/1888
f 1703/1890 1645/1879 1621/1892
f 1621/1892 1645/1879 1647/1867
f 1621/1892 1647/1867 1604/1757
f 1621/1892 1604/1757 1581/1893
f 1581/1893 1604/1757 1576/1755
f 1703/1890 1621/1892 1636/1894
f 1636/1894 1621/1892 1581/1893
f 1703/1890 1636/1894 1699/1895
f 1703/1890 1699/1895 1734/1891
f 1636/1894 1581/1893 1594/1896
f 1594/1896 1581/1893 1576/1755
f 1699/1895 1636/1894 1683/1897
f 1683/1897 1636/1894 1594/1896
f 1683/1897 1594/1896 1553/1898
f 1553/1898 1594/1896 1576/1755
f 1553/1898 1576/1755 1507/1899
f 1507/1899 1576/1755 1440/1754
f 1683/1897 1553/1898 1475/1900
f 1683/1897 1475/1900 1699/1895
f 1553/1898 1507/1899 1458/1901
f 1553/1898 1458/1901 1475/1900
f 1458/1901 1507/1899 1440/1754
f 1458/1901 1440/1754 1355/1902
f 1458/1901 1355/1902 1475/1900
f 1355/1902 1440/1754 1312/1903
f 1475/1900 1355/1902 1310/1904
f 1310/1904 1355/1902 1312/1903
f 1312/1903 1440/1754 1295/1905
f 1295/1905 1440/1754 1342/1746
f 1295/1905 1342/1746 1257/1906
f 1312/1903 1295/1905 1234/1907
f 1234/1907 1295/1905 1257/1906
f 1257/1906 1342/1746 1233/1744
f 1312/1903 1234/1907 1246/1908
f 1312/1903 1246/1908 1310/1904
f 1246/1908 1234/1907 1184/1909
f 1310/1904 1246/1908 1256/1910
f 1256/1910 1246/1908 1184/1909
f 1234/1907 1257/1906 1170/1911
f 1234/1907 1170/1911 1184/1909
f 1257/1906 1233/1744 1179/1912
f 1257/1906 1179/1912 1170/1911
f 1179/1912 1233/1744 1109/1913
f 1170/1911 1179/1912 1091/1914
f 1091/1914 1179/1912 1109/1913
f 1109/1913 1233/1744 1041/1915
f 1109/1913 1041/1915 1091/1914
f 1041/1915 1233/1744 1096/1745
f 1041/1915 1096/1745 991/1916
f 1041/1915 991/1916 738/1917
f 1041/1915 738/1917 913/1918
f 1041/1915 913/1918 1091/1914
f 913/1918 738/1917 638/1919
f 1108/1920 1170/1911 1091/1914
f 1170/1911 1108/1920 1184/1909
f 1091/1914 913/1918 999/1921
f 1091/1914 999/1921 1108/1920
f 913/1918 638/1919 740/1922
s 0
f 740/1922 638/1919 589/1923
s 1
f 999/1921 913/1918 809/1924
f 809/1924 913/1918 740/1922
f 740/1922 589/1923 479/1925
f 740/1922 479/1925 809/1924
f 479/1925 589/1923 438/1926
f 479/1925 438/1926 414/1927
f 479/1925 414/1927 606/1928
f 479/1925 606/1928 809/1924
f 809/1924 606/1928 917/1929
f 809/1924 917/1929 999/1921
f 917/1929 606/1928 598/1930
f 999/1921 917/1929 1033/1931
f 999/1921 1033/1931 1108/1920
f 917/1929 598/1930 795/1932
f 795/1932 598/1930 510/1933
f 1033/1931 917/1929 908/1934
f 908/1934 917/1929 795/1932
f 1108/1920 1033/1931 1111/1935
f 1108/1920 1111/1935 1184/1909
f 1033/1931 908/1934 1031/1936
f 1033/1931 1031/1936 1111/1935
f 908/1934 795/1932 930/1937
f 908/1934 930/1937 1031/1936
f 930/1937 795/1932 726/1938
f 930/1937 726/1938 840/1939
f 930/1937 840/1939 940/1940
f 1191/1941 1184/1909 1111/1935
f 1031/1936 930/1937 1074/1942
f 1074/1942 930/1937 940/1940
f 1137/1943 1111/1935 1031/1936
f 1111/1935 1137/1943 1191/1941
f 1137/1943 1031/1936 1074/1942
f 1184/1909 1191/1941 1256/1910
f 1191/1941 1137/1943 1291/1944
f 1191/1941 1291/1944 1256/1910
f 1137/1943 1074/1942 1190/1945
f 1137/1943 1190/1945 1291/1944
f 1030/1946 1074/1942 940/1940
f 1030/1946 940/1940 885/1947
f 1030/1946 885/1947 985/1948
f 1074/1942 1030/1946 1112/1949
f 1112/1949 1030/1946 985/1948
f 1074/1942 1112/1949 1190/1945
f 1358/1950 1256/1910 1291/1944
f 1358/1950 1291/1944 1190/1945
f 1256/1910 1358/1950 1293/1951
f 1256/1910 1293/1951 1310/1904
f 1310/1904 1293/1951 1354/1952
f 1354/1952 1293/1951 1358/1950
f 1310/1904 1354/1952 1475/1900
f 1197/1953 1190/1945 1112/1949
f 1089/1954 1112/1949 985/1948
f 1112/1949 1089/1954 1197/1953
f 1089/1954 985/1948 966/1955
f 1089/1954 966/1955 1067/1956
f 1089/1954 1067/1956 1198/1957
f 1089/1954 1198/1957 1197/1953
f 1371/1958 1190/1945 1197/1953
f 1371/1958 1197/1953 1198/1957
f 1190/1945 1371/1958 1358/1950
f 1371/1958 1198/1957 1383/1959
f 1383/1959 1198/1957 1296/1960
f 1371/1958 1383/1959 1419/1961
f 1371/1958 1419/1961 1358/1950
f 1419/1961 1383/1959 1406/1962
f 1358/1950 1419/1961 1408/1963
f 1408/1963 1419/1961 1406/1962
f 1358/1950 1408/1963 1385/1964
f 1408/1963 1406/1962 1349/1965
f 1349/1965 1406/1962 1386/1966
f 1385/1964 1408/1963 1348/1967
f 1348/1967 1408/1963 1349/1965
f 1358/1950 1385/1964 1377/1968
f 1377/1968 1385/1964 1348/1967
f 1358/1950 1377/1968 1354/1952
f 1377/1968 1348/1967 1425/1969
f 1377/1968 1425/1969 1354/1952
f 1348/1967 1349/1965 1472/1970
f 1348/1967 1472/1970 1425/1969
f 1472/1970 1349/1965 1465/1971
f 1472/1970 1465/1971 1550/1972
f 1472/1970 1550/1972 1425/1969
f 1550/1972 1465/1971 1582/1973
f 1354/1952 1425/1969 1542/1974
f 1354/1952 1542/1974 1475/1900
f 1425/1969 1550/1972 1566/1975
f 1425/1969 1566/1975 1542/1974
f 1550/1972 1582/1973 1644/1976
f 1550/1972 1644/1976 1566/1975
f 1644/1976 1582/1973 1571/1977
f 1542/1974 1566/1975 1613/1978
f 1542/1974 1613/1978 1475/1900
f 1613/1978 1566/1975 1644/1976
f 1475/1900 1613/1978 1699/1895
f 1699/1895 1613/1978 1734/1891
f 1734/1891 1613/1978 1644/1976
f 1644/1976 1571/1977 1735/1979
f 1734/1891 1644/1976 1710/1980
f 1710/1980 1644/1976 1735/1979
f 1734/1891 1710/1980 1751/1888
f 1751/1888 1710/1980 1735/1979
f 1751/1888 1735/1979 1762/1981
f 1762/1981 1735/1979 1722/1982
f 1751/1888 1762/1981 1825/1889
f 1762/1981 1722/1982 1746/1983
f 1762/1981 1746/1983 1825/1889
f 1746/1983 1722/1982 1754/1984
f 1754/1984 1722/1982 1792/1985
f 1754/1984 1792/1985 1831/1986
f 1754/1984 1831/1986 1746/1983
f 1746/1983 1831/1986 1825/1889
f 1825/1889 1831/1986 1838/1987
f 1838/1987 1831/1986 1822/1988
f 1825/1889 1838/1987 1844/1876
f 1838/1987 1822/1988 1840/1859
f 1844/1876 1838/1987 1848/1989
f 1848/1989 1838/1987 1840/1859
f 1844/1876 1848/1989 1849/1857
f 1848/1989 1840/1859 1846/1853
f 1848/1989 1846/1853 1849/1857
f 63/1990 2105/1991 2535/1992
f 63/1990 2535/1992 2347/1993
f 2535/1992 2105/1991 3049/1994
f 2535/1992 3049/1994 3731/1995
f 2347/1993 2535/1992 3573/1996
f 3573/1996 2535/1992 3731/1995
f 2347/1993 3573/1996 2935/1997
f 3049/1994 2105/1991 3238/1998
f 2347/1993 2935/1997 2291/1999
f 2347/1993 2291/1999 88/2000
f 88/2000 2291/1999 2427/2001
f 2291/1999 2935/1997 3332/2002
f 2291/1999 3332/2002 2427/2001
f 2935/1997 3573/1996 3749/2003
f 2935/1997 3749/2003 4102/2004
f 2935/1997 4102/2004 3332/2002
f 3749/2003 3573/1996 4034/2005
f 4034/2005 3573/1996 3731/1995
f 3749/2003 4034/2005 4146/2006
f 3749/2003 4146/2006 4102/2004
f 3338/2007 2427/2001 3332/2002
f 2427/2001 3338/2007 2030/2008
f 3332/2002 4102/2004 4097/2009
f 2030/2008 3338/2007 3001/2010
f 2030/2008 3001/2010 1895/2011
f 3338/2007 3332/2002 4095/2012
f 4095/2012 3332/2002 4097/2009
f 3338/2007 4095/2012 3001/2010
f 1895/2011 3001/2010 2790/2013
f 2790/2013 3001/2010 4095/2012
f 4277/2014 4097/2009 4102/2004
f 4097/2009 4277/2014 4095/2012
f 4277/2014 4102/2004 4424/2015
f 4424/2015 4102/2004 4146/2006
f 4277/2014 4424/2015 4501/2016
f 4424/2015 4146/2006 4437/2017
f 4424/2015 4437/2017 4501/2016
f 4437/2017 4146/2006 4034/2005
f 4437/2017 4034/2005 4294/2018
f 4294/2018 4034/2005 3731/1995
f 4357/2019 4095/2012 4277/2014
f 4357/2019 4277/2014 4501/2016
f 4095/2012 4357/2019 4049/2020
f 4095/2012 4049/2020 2790/2013
f 4520/2021 4501/2016 4437/2017
f 4520/2021 4437/2017 4294/2018
f 4357/2019 4501/2016 4507/2022
f 4049/2020 4357/2019 4301/2023
f 4301/2023 4357/2019 4507/2022
f 4507/2022 4501/2016 4558/2024
f 4558/2024 4501/2016 4520/2021
f 4301/2023 4507/2022 4425/2025
f 4049/2020 4301/2023 4079/2026
f 4079/2026 4301/2023 4425/2025
f 4425/2025 4507/2022 4542/2027
f 4542/2027 4507/2022 4558/2024
f 4425/2025 4542/2027 4404/2028
f 4425/2025 4404/2028 4079/2026
f 4049/2020 4079/2026 3525/2029
f 4049/2020 3525/2029 2790/2013
f 2790/2013 3525/2029 2954/2030
f 2790/2013 2954/2030 2152/2031
f 2152/2031 2954/2030 2312/2032
f 2954/2030 3525/2029 2905/2033
f 2954/2030 2905/2033 2312/2032
f 3525/2029 4079/2026 3793/2034
f 3525/2029 3793/2034 2905/2033
f 3793/2034 4079/2026 4178/2035
f 4178/2035 4079/2026 4404/2028
f 2312/2032 2905/2033 2925/2036
f 2925/2036 2905/2033 3793/2034
f 2312/2032 2925/2036 1949/2037
f 1949/2037 2925/2036 2743/2038
f 2743/2038 2925/2036 3826/2039
f 3826/2039 2925/2036 3793/2034
f 3826/2039 3793/2034 4178/2035
f 3826/2039 4178/2035 4107/2040
f 4107/2040 4178/2035 4404/2028
f 4107/2040 4404/2028 4427/2041
f 4107/2040 4427/2041 4084/2042
f 4427/2041 4404/2028 4545/2043
f 4545/2043 4404/2028 4542/2027
f 4084/2042 4427/2041 4010/2044
f 4084/2042 4010/2044 3796/2045
f 4545/2043 4542/2027 4565/2046
f 4565/2046 4542/2027 4558/2024
f 4427/2041 4545/2043 4499/2047
f 4499/2047 4545/2043 4565/2046
f 4565/2046 4558/2024 4552/2048
f 4565/2046 4552/2048 4499/2047
f 4552/2048 4558/2024 4520/2021
f 4427/2041 4499/2047 4248/2049
f 4427/2041 4248/2049 4010/2044
f 4248/2049 4499/2047 4552/2048
f 4010/2044 4248/2049 4111/2050
f 4010/2044 4111/2050 3877/2051
f 3877/2051 4111/2050 4083/2052
f 4083/2052 4111/2050 4194/2053
f 4194/2053 4111/2050 4248/2049
f 4083/2052 4194/2053 4139/2054
f 4139/2054 4194/2053 4071/2055
f 4071/2055 4194/2053 4035/2056
f 4071/2055 4035/2056 3775/2057
f 4194/2053 4248/2049 4211/2058
f 4211/2058 4248/2049 4552/2048
f 4194/2053 4211/2058 4035/2056
f 3775/2057 4035/2056 3720/2059
f 4211/2058 4552/2048 4328/2060
f 4035/2056 4211/2058 4032/2061
f 4032/2061 4211/2058 4328/2060
f 4035/2056 4032/2061 3817/2062
f 4035/2056 3817/2062 3720/2059
f 4032/2061 4328/2060 3936/2063
f 4032/2061 3936/2063 3817/2062
f 4328/2060 4552/2048 4492/2064
f 4492/2064 4552/2048 4520/2021
f 4492/2064 4520/2021 4294/2018
f 4328/2060 4492/2064 4309/2065
f 4309/2065 4492/2064 4294/2018
f 4328/2060 4309/2065 3936/2063
f 4309/2065 4294/2018 4086/2066
f 4309/2065 4086/2066 3936/2063
f 4086/2066 4294/2018 3731/1995
f 3702/2067 3817/2062 3936/2063
f 3702/2067 3936/2063 4086/2066
f 4086/2066 3731/1995 3645/2068
f 4086/2066 3645/2068 3702/2067
f 3645/2068 3731/1995 3049/1994
f 3645/2068 3049/1994 3238/1998
f 3702/2067 3645/2068 3268/2069
f 3268/2069 3645/2068 3238/1998
f 3532/2070 3817/2062 3702/2067
f 3532/2070 3702/2067 3268/2069
f 3817/2062 3532/2070 3720/2059
f 3268/2069 3238/1998 3017/2071
f 3720/2059 3532/2070 3391/2072
f 3720/2059 3391/2072 3517/2073
f 3532/2070 3268/2069 3096/2074
f 3532/2070 3096/2074 3391/2072
f 3096/2074 3268/2069 3017/2071
f 3391/2072 3096/2074 3176/2075
f 3391/2072 3176/2075 3108/2076
f 3108/2076 3176/2075 2852/2077
f 3176/2075 3096/2074 2908/2078
f 3176/2075 2908/2078 2852/2077
f 2908/2078 3096/2074 2727/2079
f 2852/2077 2908/2078 2585/2080
f 2585/2080 2908/2078 2727/2079
f 2852/2077 2585/2080 2511/2081
f 2585/2080 2727/2079 2516/2082
f 2585/2080 2516/2082 2369/2083
f 2369/2083 2516/2082 2547/2084
f 2516/2082 2727/2079 2596/2085
f 2833/2086 2727/2079 3096/2074
f 2833/2086 3096/2074 3017/2071
f 2596/2085 2727/2079 2657/2087
f 2657/2087 2727/2079 2833/2086
f 2596/2085 2657/2087 2438/2088
f 2657/2087 2833/2086 2664/2089
f 2657/2087 2664/2089 2438/2088
f 2664/2089 2833/2086 3017/2071
f 2438/2088 2664/2089 2231/2090
f 2231/2090 2664/2089 2183/2091
f 2183/2091 2664/2089 3017/2071
f 2231/2090 2183/2091 1902/2092
f 1902/2092 2183/2091 255/2093
f 2183/2091 3017/2071 2303/2094
f 2183/2091 2303/2094 255/2093
f 2303/2094 3017/2071 3238/1998
f 255/2093 2303/2094 1875/2095
f 2303/2094 3238/1998 2105/1991
f 2303/2094 2105/1991 1875/2095
f 3271/2096 3127/2097 2987/2098
f 3127/2097 3271/2096 3568/2099
f 3127/2097 3568/2099 3276/2100
f 3568/2099 3271/2096 3728/2101
f 3728/2101 3271/2096 3578/2102
f 3728/2101 3578/2102 3753/2103
f 3728/2101 3753/2103 3947/2104
f 3728/2101 3947/2104 4017/2105
f 4017/2105 3947/2104 4143/2106
f 3568/2099 3728/2101 3941/2107
f 3941/2107 3728/2101 4017/2105
f 3623/2108 3276/2100 3568/2099
f 3623/2108 3568/2099 3941/2107
f 3276/2100 3623/2108 3726/2109
f 3726/2109 3623/2108 3986/2110
f 3986/2110 3623/2108 3967/2111
f 3967/2111 3623/2108 3941/2107
f 3986/2110 3967/2111 4231/2112
f 4231/2112 3967/2111 3941/2107
f 4221/2113 3941/2107 4017/2105
f 4221/2113 4017/2105 4143/2106
f 4231/2112 3941/2107 4236/2114
f 4236/2114 3941/2107 4221/2113
f 4231/2112 4236/2114 4340/2115
f 4231/2112 4340/2115 4527/2116
f 4236/2114 4221/2113 4304/2117
f 4236/2114 4304/2117 4340/2115
f 4221/2113 4143/2106 4274/2118
f 4274/2118 4143/2106 4300/2119
f 4274/2118 4300/2119 4312/2120
f 4221/2113 4274/2118 4331/2121
f 4221/2113 4331/2121 4304/2117
f 4274/2118 4312/2120 4330/2122
f 4274/2118 4330/2122 4331/2121
f 4330/2122 4312/2120 4360/2123
f 4411/2124 4340/2115 4304/2117
f 4411/2124 4304/2117 4331/2121
f 4340/2115 4411/2124 4420/2125
f 4420/2125 4411/2124 4472/2126
f 4411/2124 4331/2121 4390/2127
f 4472/2126 4411/2124 4435/2128
f 4435/2128 4411/2124 4390/2127
f 4472/2126 4435/2128 4479/2129
f 4479/2129 4435/2128 4466/2130
f 4390/2127 4331/2121 4362/2131
f 4390/2127 4362/2131 4435/2128
f 4362/2131 4331/2121 4330/2122
f 4466/2130 4435/2128 4413/2132
f 4413/2132 4435/2128 4362/2131
f 4466/2130 4413/2132 4418/2133
f 4418/2133 4413/2132 4395/2134
f 4418/2133 4395/2134 4445/2135
f 4445/2135 4395/2134 4464/2136
f 4395/2134 4413/2132 4284/2137
f 4284/2137 4413/2132 4362/2131
f 4464/2136 4395/2134 4403/2138
f 4403/2138 4395/2134 4284/2137
f 4464/2136 4403/2138 4468/2139
f 4464/2136 4468/2139 4582/2140
f 4339/2141 4362/2131 4330/2122
f 4362/2131 4339/2141 4284/2137
f 4339/2141 4330/2122 4353/2142
f 4353/2142 4330/2122 4360/2123
f 4353/2142 4360/2123 4398/2143
f 4353/2142 4398/2143 4366/2144
f 4339/2141 4353/2142 4322/2145
f 4322/2145 4353/2142 4366/2144
f 4339/2141 4322/2145 4259/2146
f 4339/2141 4259/2146 4284/2137
f 4322/2145 4366/2144 4258/2147
f 4322/2145 4258/2147 4259/2146
f 4258/2147 4366/2144 4311/2148
f 4258/2147 4311/2148 4282/2149
f 4259/2146 4258/2147 4269/2150
f 4259/2146 4269/2150 4284/2137
f 4269/2150 4258/2147 4282/2149
f 4284/2137 4269/2150 4316/2151
f 4316/2151 4269/2150 4282/2149
f 4284/2137 4316/2151 4351/2152
f 4284/2137 4351/2152 4403/2138
f 4316/2151 4282/2149 4345/2153
f 4345/2153 4282/2149 4374/2154
f 4316/2151 4345/2153 4346/2155
f 4316/2151 4346/2155 4351/2152
f 4346/2155 4345/2153 4384/2156
f 4384/2156 4345/2153 4391/2157
f 4346/2155 4384/2156 4324/2158
f 4346/2155 4324/2158 4351/2152
f 4324/2158 4384/2156 4336/2159
f 4324/2158 4336/2159 4302/2160
f 4324/2158 4302/2160 4254/2161
f 4351/2152 4324/2158 4314/2162
f 4314/2162 4324/2158 4254/2161
f 4382/2163 4403/2138 4351/2152
f 4382/2163 4351/2152 4314/2162
f 4403/2138 4382/2163 4468/2139
f 4382/2163 4314/2162 4371/2164
f 4382/2163 4371/2164 4468/2139
f 4371/2164 4314/2162 4290/2165
f 4290/2165 4314/2162 4254/2161
f 4468/2139 4371/2164 4405/2166
f 4371/2164 4290/2165 4305/2167
f 4371/2164 4305/2167 4405/2166
f 4468/2139 4405/2166 4441/2168
f 4468/2139 4441/2168 4588/2169
f 4441/2168 4405/2166 4347/2170
f 4347/2170 4405/2166 4305/2167
f 4441/2168 4347/2170 4262/2171
f 4262/2171 4347/2170 4305/2167
f 4338/2172 4528/2173 4441/2168
f 4338/2172 4441/2168 4262/2171
f 4338/2172 4262/2171 4272/2174
f 4338/2172 4272/2174 4513/2175
f 4272/2174 4262/2171 4184/2176
f 4272/2174 4184/2176 4226/2177
f 4262/2171 4305/2167 4202/2178
f 4262/2171 4202/2178 4184/2176
f 4202/2178 4305/2167 4243/2179
f 4243/2179 4305/2167 4290/2165
f 4202/2178 4243/2179 4118/2180
f 4243/2179 4290/2165 4212/2181
f 4243/2179 4212/2181 4118/2180
f 4212/2181 4290/2165 4254/2161
f 4051/2182 4226/2177 4184/2176
f 4226/2177 4051/2182 3955/2183
f 4063/2184 4184/2176 4202/2178
f 4063/2184 4202/2178 4118/2180
f 4051/2182 4184/2176 3919/2185
f 4051/2182 3919/2185 3955/2183
f 4184/2176 4063/2184 4026/2186
f 4184/2176 4026/2186 3919/2185
f 4063/2184 4118/2180 3983/2187
f 4026/2186 4063/2184 3871/2188
f 4026/2186 3871/2188 3919/2185
f 4063/2184 3983/2187 3853/2189
f 4063/2184 3853/2189 3871/2188
f 3983/2187 4118/2180 3991/2190
f 3983/2187 3991/2190 3853/2189
f 3919/2185 3871/2188 3652/2191
f 3652/2191 3871/2188 3853/2189
f 3668/2192 3955/2183 3919/2185
f 3668/2192 3919/2185 3652/2191
f 3872/2193 3955/2183 3715/2194
f 3715/2194 3955/2183 3668/2192
f 3715/2194 3668/2192 3545/2195
f 3545/2195 3668/2192 3410/2196
f 3668/2192 3652/2191 3425/2197
f 3668/2192 3425/2197 3410/2196
f 3545/2195 3410/2196 3143/2198
f 3143/2198 3410/2196 3425/2197
f 3562/2199 3545/2195 3263/2200
f 3263/2200 3545/2195 3143/2198
f 3425/2197 3652/2191 3349/2201
f 3696/2202 3652/2191 3853/2189
f 3652/2191 3696/2202 3349/2201
f 3696/2202 3853/2189 3689/2203
f 3425/2197 3349/2201 3120/2204
f 3425/2197 3120/2204 3143/2198
f 3349/2201 3696/2202 3427/2205
f 3427/2205 3696/2202 3689/2203
f 3120/2204 3349/2201 3192/2206
f 3192/2206 3349/2201 3427/2205
f 3192/2206 3427/2205 3540/2207
f 3540/2207 3427/2205 3662/2208
f 3662/2208 3427/2205 3689/2203
f 3662/2208 3689/2203 3812/2209
f 3812/2209 3689/2203 3916/2210
f 3865/2211 3689/2203 3853/2189
f 3689/2203 3865/2211 3916/2210
f 3865/2211 3853/2189 3991/2190
f 3865/2211 3991/2190 3916/2210
f 3916/2210 3991/2190 4121/2212
f 3916/2210 4121/2212 4059/2213
f 4121/2212 3991/2190 4129/2214
f 4129/2214 3991/2190 4118/2180
f 4129/2214 4118/2180 4212/2181
f 4129/2214 4212/2181 4254/2161
f 4121/2212 4129/2214 4239/2215
f 4239/2215 4129/2214 4254/2161
f 4121/2212 4239/2215 4217/2216
f 4239/2215 4254/2161 4302/2160
f 4239/2215 4302/2160 4276/2217
f 4117/2218 3323/2219 3726/2220
f 4117/2218 3726/2220 4317/2221
f 4117/2218 4317/2221 4380/2222
f 4317/2221 3726/2220 4431/2223
f 4431/2223 3726/2220 3986/2224
f 4380/2222 4317/2221 4511/2225
f 4511/2225 4317/2221 4431/2223
f 4431/2223 3986/2224 4484/2226
f 4431/2223 4484/2226 4511/2225
f 4484/2226 3986/2224 4231/2227
f 4380/2222 4511/2225 4571/2228
f 4571/2228 4511/2225 4484/2226
f 4484/2226 4231/2227 4527/2229
f 4380/2222 4571/2228 4531/2230
f 4380/2222 4531/2230 4436/2231
f 4571/2228 4484/2226 4599/2232
f 4599/2232 4484/2226 4527/2229
f 4531/2230 4571/2228 4614/2233
f 4614/2233 4571/2228 4599/2232
f 4436/2231 4531/2230 4578/2234
f 4578/2234 4531/2230 4614/2233
f 4436/2231 4578/2234 4561/2235
f 4436/2231 4561/2235 4378/2236
f 4578/2234 4614/2233 4618/2237
f 4578/2234 4618/2237 4561/2235
f 4378/2236 4561/2235 4421/2238
f 4618/2237 4614/2233 4639/2239
f 4561/2235 4618/2237 4604/2240
f 4421/2238 4561/2235 4570/2241
f 4570/2241 4561/2235 4604/2240
f 4604/2240 4618/2237 4654/2242
f 4604/2240 4654/2242 4570/2241
f 4618/2237 4639/2239 4668/2243
f 4618/2237 4668/2243 4654/2242
f 4671/2244 4639/2239 4614/2233
f 4639/2239 4671/2244 4668/2243
f 4654/2242 4668/2243 4687/2245
f 4687/2245 4668/2243 4671/2244
f 4687/2245 4671/2244 4684/2246
f 4684/2246 4671/2244 4656/2247
f 4671/2244 4614/2233 4644/2248
f 4644/2248 4614/2233 4599/2232
f 4656/2247 4671/2244 4645/2249
f 4645/2249 4671/2244 4644/2248
f 4644/2248 4599/2232 4608/2250
f 4644/2248 4608/2250 4645/2249
f 4608/2250 4599/2232 4527/2229
f 4656/2247 4645/2249 4591/2251
f 4591/2251 4645/2249 4608/2250
f 4591/2251 4608/2250 4527/2229
f 4656/2247 4591/2251 4598/2252
f 4598/2252 4591/2251 4479/2253
f 4479/2253 4591/2251 4472/2254
f 4472/2254 4591/2251 4420/2255
f 4420/2255 4591/2251 4527/2229
f 4420/2255 4527/2229 4340/2256
f 477/2257 413/2258 347/2259
f 347/2259 413/2258 257/2260
f 413/2258 477/2257 528/2261
f 257/2260 413/2258 1930/2262
f 413/2258 528/2261 421/2263
f 1930/2262 413/2258 134/2264
f 134/2264 413/2258 421/2263
f 1930/2262 134/2264 2026/2265
f 1930/2262 2026/2265 2454/2266
f 134/2264 421/2263 300/2267
f 2454/2266 2026/2265 2283/2268
f 2454/2266 2283/2268 2536/2269
f 2536/2269 2283/2268 2423/2270
f 2423/2270 2283/2268 2418/2271
f 134/2264 300/2267 96/2272
f 134/2264 96/2272 2026/2265
f 2283/2268 2026/2265 2013/2273
f 2013/2273 2026/2265 96/2272
f 2418/2271 2283/2268 2323/2274
f 2323/2274 2283/2268 2013/2273
f 2418/2271 2323/2274 2484/2275
f 2484/2275 2323/2274 2541/2276
f 2541/2276 2323/2274 2013/2273
f 2484/2275 2541/2276 2637/2277
f 2637/2277 2541/2276 2868/2278
f 170/2279 96/2272 300/2267
f 96/2272 170/2279 2013/2273
f 2541/2276 2013/2273 2466/2280
f 2868/2278 2541/2276 2652/2281
f 2652/2281 2541/2276 2466/2280
f 3130/2282 2768/2283 2868/2278
f 2868/2278 2652/2281 2895/2284
f 2868/2278 2895/2284 3130/2282
f 2895/2284 2652/2281 2782/2285
f 3130/2282 2895/2284 3056/2286
f 3056/2286 2895/2284 2782/2285
f 3130/2282 3056/2286 3352/2287
f 2782/2285 2652/2281 2552/2288
f 2552/2288 2652/2281 2466/2280
f 3056/2286 2782/2285 3189/2289
f 3352/2287 3056/2286 3395/2290
f 3395/2290 3056/2286 3189/2289
f 3395/2290 3189/2289 3364/2291
f 2552/2288 2466/2280 2374/2292
f 2552/2288 2374/2292 2075/2293
f 2075/2293 2374/2292 2041/2294
f 2041/2294 2374/2292 2466/2280
f 2075/2293 2041/2294 4/2295
f 2041/2294 2466/2280 2182/2296
f 4/2295 2041/2294 1857/2297
f 2182/2296 2466/2280 2013/2273
f 4/2295 1857/2297 215/2298
f 2041/2294 2182/2296 2067/2299
f 2041/2294 2067/2299 1857/2297
f 215/2298 1857/2297 168/2300
f 2067/2299 2182/2296 24/2301
f 2067/2299 24/2301 1857/2297
f 2182/2296 2013/2273 174/2302
f 2182/2296 174/2302 24/2301
f 174/2302 2013/2273 170/2279
f 1857/2297 24/2301 243/2303
f 1857/2297 243/2303 168/2300
f 243/2303 24/2301 174/2302
f 168/2300 243/2303 268/2304
f 268/2304 243/2303 328/2305
f 243/2303 174/2302 303/2306
f 303/2306 174/2302 170/2279
f 328/2305 243/2303 432/2307
f 432/2307 243/2303 303/2306
f 328/2305 432/2307 496/2308
f 328/2305 496/2308 529/2309
f 432/2307 303/2306 440/2310
f 303/2306 170/2279 449/2311
f 303/2306 449/2311 440/2310
f 449/2311 170/2279 430/2312
f 430/2312 170/2279 300/2267
f 430/2312 300/2267 421/2263
f 530/2313 496/2308 432/2307
f 530/2313 432/2307 440/2310
f 496/2308 530/2313 560/2314
f 496/2308 560/2314 529/2309
f 530/2313 440/2310 545/2315
f 545/2315 440/2310 449/2311
f 560/2314 530/2313 618/2316
f 618/2316 530/2313 545/2315
f 529/2309 560/2314 639/2317
f 560/2314 618/2316 659/2318
f 560/2314 659/2318 639/2317
f 618/2316 545/2315 635/2319
f 618/2316 635/2319 659/2318
f 545/2315 449/2311 559/2320
f 559/2320 449/2311 430/2312
f 545/2315 559/2320 635/2319
f 529/2309 639/2317 642/2321
f 529/2309 642/2321 508/2322
f 719/2323 639/2317 659/2318
f 639/2317 719/2323 642/2321
f 716/2324 659/2318 635/2319
f 659/2318 716/2324 719/2323
f 508/2322 642/2321 628/2325
f 628/2325 642/2321 719/2323
f 565/2326 482/2327 508/2322
f 565/2326 508/2322 628/2325
f 565/2326 628/2325 607/2328
f 719/2323 716/2324 850/2329
f 679/2330 628/2325 857/2331
f 857/2331 628/2325 828/2332
f 828/2332 628/2325 719/2323
f 857/2331 828/2332 979/2333
f 828/2332 719/2323 856/2334
f 856/2334 719/2323 850/2329
f 979/2333 828/2332 980/2335
f 980/2335 828/2332 856/2334
f 979/2333 980/2335 1065/2336
f 979/2333 1065/2336 1117/2337
f 980/2335 856/2334 931/2338
f 931/2338 856/2334 850/2329
f 1065/2336 980/2335 1011/2339
f 1011/2339 980/2335 931/2338
f 1065/2336 1011/2339 1158/2340
f 1011/2339 931/2338 922/2341
f 922/2341 931/2338 850/2329
f 1011/2339 922/2341 1085/2342
f 1085/2342 922/2341 937/2343
f 937/2343 922/2341 829/2344
f 937/2343 829/2344 860/2345
f 922/2341 850/2329 838/2346
f 922/2341 838/2346 829/2344
f 838/2346 850/2329 746/2347
f 746/2347 850/2329 716/2324
f 746/2347 716/2324 635/2319
f 860/2345 829/2344 724/2348
f 860/2345 724/2348 794/2349
f 829/2344 838/2346 769/2350
f 769/2350 838/2346 746/2347
f 829/2344 769/2350 724/2348
f 746/2347 635/2319 665/2351
f 746/2347 665/2351 769/2350
f 769/2350 665/2351 724/2348
f 665/2351 635/2319 559/2320
f 584/2352 794/2349 724/2348
f 665/2351 559/2320 611/2353
f 665/2351 611/2353 724/2348
f 724/2348 611/2353 584/2352
f 611/2353 559/2320 430/2312
f 611/2353 430/2312 584/2352
f 584/2352 430/2312 421/2263
f 584/2352 421/2263 528/2261
f 584/2352 528/2261 718/2354
f 226/2355 414/2356 343/2357
f 3014/2358 2943/2359 3254/2360
f 3014/2358 3254/2360 3314/2361
f 3314/2361 3254/2360 3513/2362
f 3513/2362 3254/2360 3751/2363
f 3314/2361 3513/2362 3615/2364
f 3513/2362 3751/2363 3733/2365
f 3513/2362 3733/2365 3615/2364
f 3314/2361 3615/2364 3572/2366
f 3572/2366 3615/2364 3733/2365
f 3014/2358 3314/2361 3191/2367
f 3314/2361 3572/2366 3351/2368
f 3314/2361 3351/2368 3191/2367
f 3351/2368 3572/2366 3480/2369
f 3014/2358 3191/2367 3031/2370
f 3031/2370 3191/2367 3155/2371
f 3191/2367 3351/2368 3289/2372
f 3191/2367 3289/2372 3155/2371
f 3351/2368 3480/2369 3420/2373
f 3351/2368 3420/2373 3289/2372
f 3155/2371 3289/2372 3185/2374
f 3155/2371 3185/2374 3031/2370
f 3185/2374 3289/2372 3420/2373
f 2920/2375 3014/2358 3031/2370
f 2920/2375 3031/2370 3185/2374
f 3014/2358 2920/2375 2844/2376
f 2844/2376 2920/2375 2671/2377
f 2766/2378 2671/2377 2952/2379
f 2952/2379 2671/2377 3105/2380
f 3105/2380 2671/2377 2920/2375
f 3105/2380 2920/2375 3185/2374
f 3105/2380 3185/2374 3255/2381
f 3105/2380 3255/2381 3099/2382
f 3255/2381 3185/2374 3420/2373
f 3255/2381 3420/2373 3423/2383
f 3255/2381 3423/2383 3347/2384
f 3347/2384 3423/2383 3475/2385
f 3475/2385 3423/2383 3521/2386
f 3521/2386 3423/2383 3420/2373
f 3475/2385 3521/2386 3486/2387
f 3521/2386 3420/2373 3503/2388
f 3486/2387 3521/2386 3552/2389
f 3552/2389 3521/2386 3503/2388
f 3503/2388 3420/2373 3577/2390
f 3577/2390 3420/2373 3480/2369
f 3577/2390 3480/2369 3572/2366
f 3503/2388 3577/2390 3638/2391
f 3503/2388 3638/2391 3552/2389
f 3577/2390 3572/2366 3685/2392
f 3577/2390 3685/2392 3638/2391
f 3685/2392 3572/2366 3733/2365
f 3638/2391 3685/2392 3710/2393
f 3710/2393 3685/2392 3733/2365
f 3552/2389 3638/2391 3611/2394
f 3611/2394 3638/2391 3710/2393
f 3499/2395 3486/2387 3552/2389
f 3499/2395 3552/2389 3611/2394
f 3486/2387 3499/2395 3374/2396
f 3611/2394 3710/2393 3619/2397
f 3710/2393 3733/2365 3758/2398
f 3710/2393 3758/2398 3619/2397
f 3758/2398 3733/2365 3903/2399
f 3903/2399 3733/2365 3751/2363
f 3499/2395 3611/2394 3560/2400
f 3560/2400 3611/2394 3619/2397
f 3619/2397 3758/2398 3687/2401
f 3499/2395 3560/2400 3433/2402
f 3499/2395 3433/2402 3374/2396
f 3687/2401 3758/2398 3811/2403
f 3811/2403 3758/2398 3903/2399
f 3619/2397 3687/2401 3582/2404
f 3582/2404 3687/2401 3811/2403
f 3560/2400 3619/2397 3523/2405
f 3523/2405 3619/2397 3582/2404
f 3560/2400 3523/2405 3461/2406
f 3560/2400 3461/2406 3433/2402
f 3433/2402 3461/2406 3366/2407
f 3331/2408 3374/2396 3433/2402
f 3331/2408 3433/2402 3366/2407
f 3374/2396 3331/2408 3197/2409
f 3366/2407 3461/2406 3260/2410
f 3366/2407 3260/2410 3331/2408
f 3197/2409 3331/2408 3196/2411
f 3196/2411 3331/2408 3260/2410
f 3197/2409 3196/2411 3055/2412
f 3260/2410 3461/2406 3305/2413
f 3260/2410 3305/2413 3196/2411
f 3305/2413 3461/2406 3523/2405
f 3055/2412 3196/2411 3045/2414
f 3055/2412 3045/2414 2882/2415
f 3196/2411 3305/2413 3095/2416
f 3196/2411 3095/2416 3045/2414
f 3305/2413 3523/2405 3359/2417
f 3305/2413 3359/2417 3095/2416
f 3359/2417 3523/2405 3582/2404
f 2651/2418 2882/2415 2477/2419
f 2477/2419 2882/2415 2463/2420
f 2860/2421 2882/2415 3045/2414
f 2882/2415 2860/2421 2463/2420
f 2860/2421 3045/2414 3095/2416
f 2463/2420 2860/2421 2725/2422
f 2725/2422 2860/2421 3095/2416
f 2463/2420 2725/2422 2282/2423
f 2282/2423 2725/2422 2421/2424
f 2282/2423 2421/2424 2221/2425
f 2221/2425 2421/2424 2281/2426
f 2421/2424 2725/2422 2608/2427
f 2608/2427 2725/2422 3095/2416
f 2281/2426 2421/2424 2610/2428
f 2610/2428 2421/2424 2608/2427
f 2281/2426 2610/2428 2298/2429
f 2608/2427 3095/2416 3161/2430
f 3161/2430 3095/2416 3359/2417
f 2610/2428 2608/2427 3040/2431
f 3040/2431 2608/2427 3161/2430
f 2298/2429 2610/2428 2712/2432
f 2712/2432 2610/2428 3040/2431
f 3040/2431 3161/2430 3233/2433
f 3233/2433 3161/2430 3359/2417
f 3233/2433 3359/2417 3390/2434
f 3390/2434 3359/2417 3582/2404
f 3390/2434 3582/2404 3487/2435
f 3390/2434 3487/2435 3233/2433
f 3487/2435 3582/2404 3811/2403
f 3040/2431 3233/2433 2992/2436
f 3040/2431 2992/2436 2712/2432
f 2992/2436 3233/2433 3487/2435
f 2784/2437 2298/2429 2712/2432
f 2298/2429 2784/2437 2277/2438
f 2277/2438 2784/2437 2873/2439
f 2873/2439 2784/2437 3113/2440
f 3113/2440 2784/2437 2712/2432
f 3113/2440 2712/2432 2992/2436
f 3113/2440 2992/2436 3471/2441
f 3471/2441 2992/2436 3487/2435
f 3113/2440 3471/2441 3579/2442
f 3579/2442 3471/2441 3762/2443
f 3471/2441 3487/2435 3887/2444
f 3471/2441 3887/2444 3762/2443
f 3887/2444 3487/2435 3811/2403
f 3762/2443 3887/2444 4145/2445
f 3762/2443 4145/2445 3939/2446
f 3887/2444 3811/2403 4230/2447
f 3887/2444 4230/2447 4145/2445
f 3939/2446 4145/2445 4369/2448
f 4369/2448 4145/2445 4230/2447
f 4230/2447 3811/2403 3903/2399
f 4230/2447 3903/2399 3959/2449
f 3959/2449 3903/2399 3751/2363
f 3959/2449 3751/2363 3938/2450
f 3959/2449 3938/2450 4421/2238
f 3959/2449 4421/2238 4450/2451
f 3959/2449 4450/2451 4230/2447
f 4450/2451 4421/2238 4570/2241
f 4230/2447 4450/2451 4489/2452
f 4489/2452 4450/2451 4570/2241
f 4230/2447 4489/2452 4369/2448
f 4369/2448 4489/2452 4550/2453
f 4369/2448 4550/2453 4490/2454
f 4490/2454 4550/2453 4621/2455
f 4621/2455 4550/2453 4489/2452
f 4621/2455 4489/2452 4570/2241
f 4621/2455 4570/2241 4654/2242
f 4621/2455 4654/2242 4641/2456
f 569/2457 88/2458 2030/2459
f 2030/2459 88/2458 2427/2460
f 569/2457 2030/2459 495/2461
f 569/2457 495/2461 783/2462
f 495/2461 2030/2459 1895/2463
f 783/2462 495/2461 591/2464
f 591/2464 495/2461 1895/2463
f 783/2462 591/2464 722/2465
f 591/2464 1895/2463 218/2466
f 218/2466 1895/2463 2790/2467
f 218/2466 2790/2467 2152/2468
f 591/2464 218/2466 544/2469
f 591/2464 544/2469 722/2465
f 544/2469 218/2466 2152/2468
f 722/2465 544/2469 512/2470
f 512/2470 544/2469 2152/2468
f 722/2465 512/2470 676/2471
f 512/2470 2152/2468 1934/2472
f 1934/2472 2152/2468 2312/2473
f 676/2471 512/2470 457/2474
f 457/2474 512/2470 1934/2472
f 1934/2472 2312/2473 1894/2475
f 1934/2472 1894/2475 457/2474
f 1894/2475 2312/2473 1949/2476
f 457/2474 1894/2475 274/2477
f 274/2477 1894/2475 1949/2476
f 676/2471 457/2474 620/2478
f 620/2478 457/2474 274/2477
f 676/2471 620/2478 779/2479
f 274/2477 1949/2476 50/2480
f 50/2480 1949/2476 2097/2481
f 620/2478 274/2477 599/2482
f 620/2478 599/2482 779/2479
f 779/2479 599/2482 777/2483
f 779/2479 777/2483 904/2484
f 777/2483 599/2482 378/2485
f 378/2485 599/2482 274/2477
f 378/2485 274/2477 50/2480
f 50/2480 2097/2481 162/2486
f 50/2480 162/2486 378/2485
f 162/2486 2097/2481 1932/2487
f 378/2485 162/2486 251/2488
f 162/2486 1932/2487 25/2489
f 162/2486 25/2489 251/2488
f 3292/2490 2796/2491 3231/2492
f 3292/2490 3231/2492 3616/2493
f 3616/2493 3231/2492 3474/2494
f 3292/2490 3616/2493 3772/2495
f 3474/2494 3231/2492 3237/2496
f 3237/2496 3231/2492 2977/2497
f 2977/2497 3231/2492 2796/2491
f 3474/2494 3237/2496 3146/2498
f 3146/2498 3237/2496 2977/2497
f 3474/2494 3146/2498 3421/2499
f 3421/2499 3146/2498 3044/2500
f 3421/2499 3044/2500 3296/2501
f 3296/2501 3044/2500 3026/2502
f 3044/2500 3146/2498 2893/2503
f 2893/2503 3146/2498 2977/2497
f 3026/2502 3044/2500 2838/2504
f 2838/2504 3044/2500 2893/2503
f 3026/2502 2838/2504 2952/2505
f 3026/2502 2952/2505 3099/2506
f 3099/2506 2952/2505 3105/2507
f 2952/2505 2838/2504 2766/2508
f 2766/2508 2838/2504 2613/2509
f 2613/2509 2838/2504 2893/2503
f 2766/2508 2613/2509 2410/2510
f 2410/2510 2613/2509 2213/2511
f 2613/2509 2893/2503 2628/2512
f 2628/2512 2893/2503 2977/2497
f 2213/2511 2613/2509 2337/2513
f 2337/2513 2613/2509 2628/2512
f 2628/2512 2977/2497 2746/2514
f 2337/2513 2628/2512 2431/2515
f 2431/2515 2628/2512 2746/2514
f 2746/2514 2977/2497 2796/2491
f 2746/2514 2796/2491 2584/2516
f 2746/2514 2584/2516 2431/2515
f 2213/2511 2337/2513 2162/2517
f 2162/2517 2337/2513 2431/2515
f 2213/2511 2162/2517 2021/2518
f 2213/2511 2021/2518 1973/2519
f 2162/2517 2431/2515 2103/2520
f 2021/2518 2162/2517 2044/2521
f 2044/2521 2162/2517 2103/2520
f 2021/2518 2044/2521 1889/2522
f 2021/2518 1889/2522 1862/2523
f 2103/2520 2431/2515 2328/2524
f 2328/2524 2431/2515 2584/2516
f 2044/2521 2103/2520 2010/2525
f 2103/2520 2328/2524 2236/2526
f 2103/2520 2236/2526 2010/2525
f 2236/2526 2328/2524 2364/2527
f 2364/2527 2328/2524 2584/2516
f 2010/2525 2236/2526 2208/2528
f 2208/2528 2236/2526 2364/2527
f 2044/2521 2010/2525 1997/2529
f 2044/2521 1997/2529 1889/2522
f 1997/2529 2010/2525 2022/2530
f 2022/2530 2010/2525 2208/2528
f 1889/2522 1997/2529 2004/2531
f 2004/2531 1997/2529 2022/2530
f 1889/2522 2004/2531 1917/2532
f 1889/2522 1917/2532 33/2533
f 1917/2532 2004/2531 2071/2534
f 1917/2532 2071/2534 1911/2535
f 1911/2535 2071/2534 2032/2536
f 2071/2534 2004/2531 2081/2537
f 2081/2537 2004/2531 2022/2530
f 2032/2536 2071/2534 2239/2538
f 2032/2536 2239/2538 2160/2539
f 2071/2534 2081/2537 2262/2540
f 2071/2534 2262/2540 2239/2538
f 2160/2539 2239/2538 2453/2541
f 2453/2541 2239/2538 2262/2540
f 2160/2539 2453/2541 2477/2542
f 2477/2542 2453/2541 2651/2543
f 2143/2544 2081/2537 2022/2530
f 2081/2537 2143/2544 2262/2540
f 2651/2543 2453/2541 2631/2545
f 2453/2541 2262/2540 2579/2546
f 2453/2541 2579/2546 2631/2545
f 2262/2540 2143/2544 2301/2547
f 2651/2543 2631/2545 2915/2548
f 2915/2548 2631/2545 2579/2546
f 2651/2543 2915/2548 2944/2549
f 2651/2543 2944/2549 2882/2550
f 2882/2550 2944/2549 3055/2551
f 3055/2551 2944/2549 3091/2552
f 3091/2552 2944/2549 2915/2548
f 3055/2551 3091/2552 3197/2553
f 2915/2548 2579/2546 3086/2554
f 2915/2548 3086/2554 3091/2552
f 2662/2555 2579/2546 2262/2540
f 2662/2555 2262/2540 2301/2547
f 3086/2554 2579/2546 2898/2556
f 2898/2556 2579/2546 2662/2555
f 3086/2554 2898/2556 3308/2557
f 3167/2558 3197/2553 3091/2552
f 3197/2553 3167/2558 3374/2559
f 3374/2559 3167/2558 3243/2560
f 3167/2558 3091/2552 3282/2561
f 3167/2558 3282/2561 3243/2560
f 3374/2559 3243/2560 3320/2562
f 3320/2562 3243/2560 3282/2561
f 3374/2559 3320/2562 3486/2563
f 3486/2563 3320/2562 3475/2564
f 3475/2564 3320/2562 3304/2565
f 3304/2565 3320/2562 3282/2561
f 3475/2564 3304/2565 3347/2566
f 3099/2567 3255/2568 3347/2566
f 3099/2567 3347/2566 3265/2569
f 3265/2569 3347/2566 3304/2565
f 3099/2567 3265/2569 3266/2570
f 3266/2570 3265/2569 3304/2565
f 3099/2567 3266/2570 3026/2571
f 3026/2571 3266/2570 3445/2572
f 3026/2571 3445/2572 3296/2573
f 3266/2570 3304/2565 3533/2574
f 3266/2570 3533/2574 3445/2572
f 3533/2574 3304/2565 3549/2575
f 3549/2575 3304/2565 3282/2561
f 3296/2573 3445/2572 3665/2576
f 3296/2573 3665/2576 3421/2577
f 3445/2572 3533/2574 3739/2578
f 3445/2572 3739/2578 3665/2576
f 3533/2574 3549/2575 3779/2579
f 3533/2574 3779/2579 3739/2578
f 3549/2575 3282/2561 3451/2580
f 3451/2580 3282/2561 3091/2552
f 3549/2575 3451/2580 3716/2581
f 3549/2575 3716/2581 3779/2579
f 3451/2580 3091/2552 3274/2582
f 3274/2582 3091/2552 3086/2554
f 3716/2581 3451/2580 3660/2583
f 3660/2583 3451/2580 3274/2582
f 3779/2579 3716/2581 3928/2584
f 3928/2584 3716/2581 3660/2583
f 3274/2582 3086/2554 3412/2585
f 3274/2582 3412/2585 3660/2583
f 3412/2585 3086/2554 3308/2557
f 3660/2583 3412/2585 3755/2586
f 3660/2583 3755/2586 3928/2584
f 3412/2585 3308/2557 3550/2587
f 3412/2585 3550/2587 3755/2586
f 3755/2586 3550/2587 3740/2588
f 3755/2586 3740/2588 3928/2584
f 3550/2587 3308/2557 3409/2589
f 3550/2587 3409/2589 3740/2588
f 3409/2589 3308/2557 3236/2590
f 3236/2590 3308/2557 2898/2556
f 3740/2588 3409/2589 3626/2591
f 3236/2590 2898/2556 2986/2592
f 3409/2589 3236/2590 3174/2593
f 3174/2593 3236/2590 2986/2592
f 3409/2589 3174/2593 3626/2591
f 2986/2592 2898/2556 2662/2555
f 2986/2592 2662/2555 2774/2594
f 3174/2593 2986/2592 2837/2595
f 2837/2595 2986/2592 2774/2594
f 2774/2594 2662/2555 2634/2596
f 2774/2594 2634/2596 2837/2595
f 2634/2596 2662/2555 2435/2597
f 2435/2597 2662/2555 2301/2547
f 2435/2597 2301/2547 2143/2544
f 2634/2596 2435/2597 2395/2598
f 2435/2597 2143/2544 2240/2599
f 2435/2597 2240/2599 2395/2598
f 2240/2599 2143/2544 2022/2530
f 2240/2599 2022/2530 2208/2528
f 2240/2599 2208/2528 2258/2600
f 2240/2599 2258/2600 2395/2598
f 2258/2600 2208/2528 2237/2601
f 2258/2600 2237/2601 2395/2598
f 2237/2601 2208/2528 2364/2527
f 2378/2602 2634/2596 2395/2598
f 2634/2596 2378/2602 2837/2595
f 2395/2598 2237/2601 2169/2603
f 2395/2598 2169/2603 2378/2602
f 2237/2601 2364/2527 2264/2604
f 2237/2601 2264/2604 2169/2603
f 2264/2604 2364/2527 2584/2516
f 2264/2604 2584/2516 2296/2605
f 2296/2605 2584/2516 2796/2491
f 2169/2603 2264/2604 2159/2606
f 2159/2606 2264/2604 2296/2605
f 2165/2607 2378/2602 2169/2603
f 2165/2607 2169/2603 2159/2606
f 2159/2606 2296/2605 2294/2608
f 2159/2606 2294/2608 2165/2607
f 2296/2605 2796/2491 2803/2609
f 2294/2608 2296/2605 2409/2610
f 2409/2610 2296/2605 2803/2609
f 2803/2609 2796/2491 3292/2490
f 2294/2608 2409/2610 2511/2611
f 2511/2611 2409/2610 2803/2609
f 2165/2607 2294/2608 2295/2612
f 2511/2611 2803/2609 2889/2613
f 2889/2613 2803/2609 3292/2490
f 2511/2611 2889/2613 2852/2614
f 2852/2614 2889/2613 3108/2615
f 3108/2615 2889/2613 3292/2490
f 2294/2608 2511/2611 2369/2616
f 2294/2608 2369/2616 2295/2612
f 2369/2616 2511/2611 2585/2617
f 3108/2615 3292/2490 3517/2618
f 3108/2615 3517/2618 3391/2619
f 3517/2618 3292/2490 3772/2495
f 3517/2618 3772/2495 3775/2620
f 3517/2618 3775/2620 3720/2621
f 2295/2612 2369/2616 2425/2622
f 2295/2612 2425/2622 2165/2607
f 2425/2622 2369/2616 2522/2623
f 2522/2623 2369/2616 2620/2624
f 2522/2623 2620/2624 2813/2625
f 2425/2622 2522/2623 2839/2626
f 2839/2626 2522/2623 2813/2625
f 2165/2607 2425/2622 2358/2627
f 2358/2627 2425/2622 2839/2626
f 2165/2607 2358/2627 2378/2602
f 2378/2602 2358/2627 2837/2595
f 2837/2595 2358/2627 2839/2626
f 2839/2626 2813/2625 3012/2628
f 3012/2628 2813/2625 3098/2629
f 2837/2595 2839/2626 3279/2630
f 3279/2630 2839/2626 3012/2628
f 2837/2595 3279/2630 3174/2593
f 3279/2630 3012/2628 3287/2631
f 3287/2631 3012/2628 3350/2632
f 3287/2631 3350/2632 3644/2633
f 3287/2631 3644/2633 3520/2634
f 3287/2631 3520/2634 3279/2630
f 3520/2634 3644/2633 3679/2635
f 3174/2593 3279/2630 3555/2636
f 3555/2636 3279/2630 3520/2634
f 3555/2636 3520/2634 3679/2635
f 3174/2593 3555/2636 3626/2591
f 3555/2636 3679/2635 3803/2637
f 3555/2636 3803/2637 3626/2591
f 3803/2637 3679/2635 3839/2638
f 3839/2638 3679/2635 3877/2639
f 3839/2638 3877/2639 4083/2640
f 3803/2637 3839/2638 3940/2641
f 3803/2637 3940/2641 3626/2591
f 3839/2638 4083/2640 4040/2642
f 3839/2638 4040/2642 3940/2641
f 4040/2642 4083/2640 4138/2643
f 3626/2591 3940/2641 3970/2644
f 3940/2641 4040/2642 4110/2645
f 3940/2641 4110/2645 3970/2644
f 4110/2645 4040/2642 4201/2646
f 4201/2646 4040/2642 4138/2643
f 4110/2645 4201/2646 3970/2644
f 4138/2643 4083/2640 4139/2647
f 3626/2591 3970/2644 3740/2588
f 4138/2643 4139/2647 4100/2648
f 4100/2648 4139/2647 4071/2649
f 4201/2646 4138/2643 4220/2650
f 4220/2650 4138/2643 4100/2648
f 3970/2644 4201/2646 4162/2651
f 4162/2651 4201/2646 4220/2650
f 3740/2588 3970/2644 3944/2652
f 3944/2652 3970/2644 4162/2651
f 3740/2588 3944/2652 3928/2584
f 4100/2648 4071/2649 3884/2653
f 3884/2653 4071/2649 3775/2654
f 3884/2653 3775/2654 3772/2655
f 4100/2648 3884/2653 4088/2656
f 4088/2656 3884/2653 3772/2655
f 4100/2648 4088/2656 4220/2650
f 3928/2584 3944/2652 4116/2657
f 4116/2657 3944/2652 4162/2651
f 4157/2658 4162/2651 4220/2650
f 4157/2658 4220/2650 4088/2656
f 4162/2651 4157/2658 4116/2657
f 3928/2584 4116/2657 3998/2659
f 3928/2584 3998/2659 3779/2579
f 3779/2579 3998/2659 3996/2660
f 3996/2660 3998/2659 4116/2657
f 3779/2579 3996/2660 3739/2578
f 4116/2657 4157/2658 4029/2661
f 4116/2657 4029/2661 3996/2660
f 3739/2578 3996/2660 3934/2662
f 3934/2662 3996/2660 4029/2661
f 3739/2578 3934/2662 3665/2576
f 3665/2576 3934/2662 3764/2663
f 3764/2663 3934/2662 4029/2661
f 3665/2576 3764/2663 3421/2577
f 3421/2577 3764/2663 3474/2664
f 3474/2664 3764/2663 3820/2665
f 3820/2665 3764/2663 4029/2661
f 3474/2664 3820/2665 3616/2666
f 4056/2667 4029/2661 4157/2658
f 4029/2661 4056/2667 3820/2665
f 4056/2667 4157/2658 4088/2656
f 3616/2666 3820/2665 3807/2668
f 3807/2668 3820/2665 4056/2667
f 3807/2668 4056/2667 4088/2656
f 3616/2666 3807/2668 3772/2655
f 3772/2655 3807/2668 4088/2656
f 2220/2669 2231/2670 1902/2671
f 2231/2670 2220/2669 2438/2672
f 2220/2669 1902/2671 25/2673
f 2438/2672 2220/2669 2483/2674
f 2220/2669 25/2673 2334/2675
f 2220/2669 2334/2675 2483/2674
f 2334/2675 25/2673 1932/2676
f 2334/2675 1932/2676 2097/2677
f 2438/2672 2483/2674 2596/2678
f 2334/2675 2097/2677 2576/2679
f 2483/2674 2334/2675 2569/2680
f 2569/2680 2334/2675 2576/2679
f 2576/2679 2097/2677 2357/2681
f 2357/2681 2097/2677 1949/2682
f 2357/2681 1949/2682 2743/2683
f 2576/2679 2357/2681 2841/2684
f 2357/2681 2743/2683 3321/2685
f 2357/2681 3321/2685 2841/2684
f 3826/2686 4107/2687 2743/2683
f 2743/2683 4107/2687 3321/2685
f 2805/2688 2569/2680 2576/2679
f 2805/2688 2576/2679 2841/2684
f 2569/2680 2805/2688 2853/2689
f 2569/2680 2853/2689 2483/2674
f 2805/2688 2841/2684 3035/2690
f 3035/2690 2841/2684 3321/2685
f 2805/2688 3035/2690 2853/2689
f 3777/2691 3321/2685 4107/2687
f 3777/2691 4107/2687 4084/2692
f 3777/2691 4084/2692 3494/2693
f 3777/2691 3494/2693 3321/2685
f 3494/2693 4084/2692 3796/2694
f 3035/2690 3321/2685 3122/2695
f 3035/2690 3122/2695 2853/2689
f 3122/2695 3321/2685 3494/2693
f 3494/2693 3796/2694 3644/2696
f 3644/2696 3796/2694 3877/2697
f 3877/2697 3796/2694 4010/2698
f 3644/2696 3877/2697 3679/2699
f 3494/2693 3644/2696 3350/2700
f 3494/2693 3350/2700 3098/2701
f 3494/2693 3098/2701 3122/2695
f 3098/2701 3350/2700 3012/2702
f 3122/2695 3098/2701 2887/2703
f 3122/2695 2887/2703 2853/2689
f 2887/2703 3098/2701 2813/2704
f 2887/2703 2813/2704 2620/2705
f 2853/2689 2887/2703 2751/2706
f 2751/2706 2887/2703 2620/2705
f 2853/2689 2751/2706 2647/2707
f 2853/2689 2647/2707 2483/2674
f 2483/2674 2647/2707 2596/2678
f 2647/2707 2751/2706 2547/2708
f 2547/2708 2751/2706 2620/2705
f 2647/2707 2547/2708 2596/2678
f 2547/2708 2620/2705 2369/2709
f 2596/2678 2547/2708 2516/2710
f 3009/2711 3189/2712 2782/2713
f 3009/2711 2782/2713 2552/2714
f 3189/2712 3009/2711 3181/2715
f 3009/2711 2552/2714 2704/2716
f 3009/2711 2704/2716 3181/2715
f 2704/2716 2552/2714 2178/2717
f 2178/2717 2552/2714 2075/2718
f 3181/2715 2704/2716 2808/2719
f 3189/2712 3181/2715 3622/2720
f 2808/2719 2704/2716 2393/2721
f 2393/2721 2704/2716 2178/2717
f 2178/2717 2075/2718 117/2722
f 117/2722 2075/2718 4/2723
f 117/2722 4/2723 215/2724
f 268/2725 215/2724 168/2726
f 215/2724 268/2725 292/2727
f 215/2724 292/2727 117/2722
f 292/2727 268/2725 328/2728
f 2178/2717 117/2722 1854/2729
f 2110/2730 2393/2721 2178/2717
f 2110/2730 2178/2717 1854/2729
f 2393/2721 2110/2730 2254/2731
f 2393/2721 2254/2731 2515/2732
f 2393/2721 2515/2732 2808/2719
f 2110/2730 1854/2729 1967/2733
f 2110/2730 1967/2733 2254/2731
f 282/2734 1854/2729 117/2722
f 1967/2733 1854/2729 49/2735
f 49/2735 1854/2729 282/2734
f 49/2735 282/2734 194/2736
f 194/2736 282/2734 184/2737
f 49/2735 194/2736 1874/2738
f 49/2735 1874/2738 1967/2733
f 1874/2738 194/2736 98/2739
f 282/2734 117/2722 354/2740
f 282/2734 354/2740 366/2741
f 354/2740 117/2722 292/2727
f 366/2741 354/2740 393/2742
f 354/2740 292/2727 365/2743
f 354/2740 365/2743 393/2742
f 365/2743 292/2727 328/2728
f 365/2743 328/2728 372/2744
f 365/2743 372/2744 393/2742
f 372/2744 328/2728 529/2745
f 372/2744 529/2745 508/2746
f 393/2742 372/2744 367/2747
f 367/2747 372/2744 508/2746
f 393/2742 367/2747 394/2748
f 367/2747 508/2746 482/2749
f 367/2747 482/2749 394/2748
f 394/2748 482/2749 493/2750
f 493/2750 482/2749 565/2751
f 1876/2752 1874/2738 98/2739
f 1876/2752 98/2739 6/2753
f 1874/2738 1876/2752 1987/2754
f 1876/2752 6/2753 1935/2755
f 1876/2752 1935/2755 1987/2754
f 1935/2755 6/2753 1907/2756
f 1907/2756 6/2753 1903/2757
f 1907/2756 1903/2757 1850/2758
f 1935/2755 1907/2756 1853/2759
f 1853/2759 1907/2756 1850/2758
f 1987/2754 1935/2755 1985/2760
f 1985/2760 1935/2755 1853/2759
f 2059/2761 1874/2738 1987/2754
f 1874/2738 2059/2761 1967/2733
f 1967/2733 2059/2761 2254/2731
f 2059/2761 1987/2754 2074/2762
f 2059/2761 2074/2762 2254/2731
f 2074/2762 1987/2754 1985/2760
f 1985/2760 1853/2759 1891/2763
f 144/2764 1853/2759 1850/2758
f 144/2764 1850/2758 70/2765
f 144/2764 70/2765 158/2766
f 1853/2759 144/2764 74/2767
f 1853/2759 74/2767 1891/2763
f 74/2767 144/2764 183/2768
f 74/2767 183/2768 141/2769
f 1891/2763 74/2767 1957/2770
f 1891/2763 1957/2770 1985/2760
f 74/2767 141/2769 26/2771
f 74/2767 26/2771 1957/2770
f 26/2771 141/2769 87/2772
f 1985/2760 1957/2770 2082/2773
f 1985/2760 2082/2773 2074/2762
f 1957/2770 26/2771 1933/2774
f 26/2771 87/2772 1898/2775
f 26/2771 1898/2775 1933/2774
f 1898/2775 87/2772 1996/2776
f 1957/2770 1933/2774 2058/2777
f 1957/2770 2058/2777 2082/2773
f 1933/2774 1898/2775 2115/2778
f 1933/2774 2115/2778 2058/2777
f 1898/2775 1996/2776 2131/2779
f 1898/2775 2131/2779 2115/2778
f 2249/2780 2074/2762 2082/2773
f 2074/2762 2249/2780 2254/2731
f 2082/2773 2058/2777 2190/2781
f 2082/2773 2190/2781 2249/2780
f 2058/2777 2115/2778 2216/2782
f 2216/2782 2115/2778 2131/2779
f 2058/2777 2216/2782 2190/2781
f 2254/2731 2249/2780 2480/2783
f 2480/2783 2249/2780 2190/2781
f 2254/2731 2480/2783 2515/2732
f 2515/2732 2480/2783 2808/2719
f 2480/2783 2190/2781 2462/2784
f 2480/2783 2462/2784 2808/2719
f 2462/2784 2190/2781 2216/2782
f 2462/2784 2216/2782 2487/2785
f 2487/2785 2216/2782 2411/2786
f 2462/2784 2487/2785 2748/2787
f 2748/2787 2487/2785 2411/2786
f 2411/2786 2216/2782 2366/2788
f 2366/2788 2216/2782 2131/2779
f 2411/2786 2366/2788 2748/2787
f 2817/2789 2808/2719 2462/2784
f 2817/2789 2462/2784 2748/2787
f 2808/2719 2817/2789 3169/2790
f 2808/2719 3169/2790 3181/2715
f 2817/2789 2748/2787 2989/2791
f 2817/2789 2989/2791 3169/2790
f 3181/2715 3169/2790 3512/2792
f 3181/2715 3512/2792 3622/2720
f 3512/2792 3169/2790 3490/2793
f 3169/2790 2989/2791 3150/2794
f 3169/2790 3150/2794 3490/2793
f 2989/2791 2748/2787 3080/2795
f 2989/2791 3080/2795 3150/2794
f 3080/2795 2748/2787 2718/2796
f 2718/2796 2748/2787 2366/2788
f 3150/2794 3080/2795 3299/2797
f 3150/2794 3299/2797 3490/2793
f 3299/2797 3080/2795 3223/2798
f 3806/2799 3512/2792 3490/2793
f 3512/2792 3806/2799 3622/2720
f 3490/2793 3299/2797 3441/2800
f 3441/2800 3299/2797 3223/2798
f 3806/2799 3490/2793 3769/2801
f 3769/2801 3490/2793 3441/2800
f 3622/2720 3806/2799 3879/2802
f 3806/2799 3769/2801 3984/2803
f 3806/2799 3984/2803 3879/2802
f 3769/2801 3441/2800 3613/2804
f 3441/2800 3223/2798 3468/2805
f 3441/2800 3468/2805 3613/2804
f 3769/2801 3613/2804 3852/2806
f 3769/2801 3852/2806 3984/2803
f 3984/2803 3852/2806 3850/2807
f 3850/2807 3852/2806 3635/2808
f 3635/2808 3852/2806 3613/2804
f 3613/2804 3468/2805 3495/2809
f 3613/2804 3495/2809 3635/2808
f 3356/2810 3468/2805 3223/2798
f 3468/2805 3356/2810 3495/2809
f 3635/2808 3495/2809 3554/2811
f 3635/2808 3554/2811 3467/2812
f 3467/2812 3554/2811 3459/2813
f 3459/2813 3554/2811 3495/2809
f 3467/2812 3459/2813 3426/2814
f 3426/2814 3459/2813 3429/2815
f 3459/2813 3495/2809 3396/2816
f 3396/2816 3495/2809 3356/2810
f 3429/2815 3459/2813 3443/2817
f 3443/2817 3459/2813 3396/2816
f 3429/2815 3443/2817 3535/2818
f 3429/2815 3535/2818 3462/2819
f 3535/2818 3443/2817 3360/2820
f 3360/2820 3443/2817 3396/2816
f 3396/2816 3356/2810 3267/2821
f 3396/2816 3267/2821 3360/2820
f 3267/2821 3356/2810 3223/2798
f 3360/2820 3267/2821 3221/2822
f 3360/2820 3221/2822 3203/2823
f 3267/2821 3223/2798 3133/2824
f 3267/2821 3133/2824 3221/2822
f 3133/2824 3223/2798 3080/2795
f 3203/2823 3221/2822 3006/2825
f 3006/2825 3221/2822 3133/2824
f 3133/2824 3080/2795 2881/2826
f 3133/2824 2881/2826 3006/2825
f 2881/2826 3080/2795 2718/2796
f 2881/2826 2718/2796 2692/2827
f 2881/2826 2692/2827 3006/2825
f 2692/2827 2718/2796 2366/2788
f 3203/2823 3006/2825 2982/2828
f 2982/2828 3006/2825 2692/2827
f 3203/2823 2982/2828 2792/2829
f 2792/2829 2982/2828 2729/2830
f 2729/2830 2982/2828 2692/2827
f 2792/2829 2729/2830 2426/2831
f 2729/2830 2692/2827 2482/2832
f 2729/2830 2482/2832 2426/2831
f 2482/2832 2692/2827 2366/2788
f 2426/2831 2482/2832 2217/2833
f 2426/2831 2217/2833 2015/2834
f 2015/2834 2217/2833 1996/2776
f 2217/2833 2482/2832 2273/2835
f 2217/2833 2273/2835 1996/2776
f 2273/2835 2482/2832 2366/2788
f 1996/2776 2273/2835 2131/2779
f 2131/2779 2273/2835 2366/2788
f 3364/2836 3189/2712 3709/2837
f 3709/2837 3189/2712 3622/2720
f 3709/2837 3622/2720 3896/2838
f 3896/2838 3622/2720 3879/2802
f 3709/2837 3896/2838 3974/2839
f 3709/2837 3974/2839 3833/2840
f 3833/2840 3974/2839 4000/2841
f 4000/2841 3974/2839 4188/2842
f 3974/2839 3896/2838 4163/2843
f 3974/2839 4163/2843 4188/2842
f 3896/2838 3879/2802 4133/2844
f 3896/2838 4133/2844 4163/2843
f 4133/2844 3879/2802 3984/2803
f 4133/2844 3984/2803 4205/2845
f 4133/2844 4205/2845 4163/2843
f 4205/2845 3984/2803 3966/2846
f 4188/2842 4163/2843 4266/2847
f 4266/2847 4163/2843 4205/2845
f 4188/2842 4266/2847 4253/2848
f 4266/2847 4205/2845 4267/2849
f 4267/2849 4205/2845 4285/2850
f 4266/2847 4267/2849 4275/2851
f 4266/2847 4275/2851 4253/2848
f 4275/2851 4267/2849 4280/2852
f 4275/2851 4280/2852 4234/2853
f 4253/2848 4275/2851 4250/2854
f 4250/2854 4275/2851 4234/2853
f 4253/2848 4250/2854 4442/2855
f 4442/2855 4250/2854 4473/2856
f 4473/2856 4250/2854 4327/2857
f 4327/2857 4250/2854 4234/2853
f 4327/2857 4234/2853 4381/2858
f 173/2859 204/1536 171/1551
f 204/1536 173/2859 126/1532
f 173/2859 171/1551 146/2860
f 146/2860 171/1551 104/1558
f 126/1532 173/2859 51/2861
f 126/1532 51/2861 1983/1529
f 173/2859 146/2860 91/2862
f 173/2859 91/2862 51/2861
f 146/2860 104/1558 59/2863
f 146/2860 59/2863 91/2862
f 59/2863 104/1558 33/1557
f 51/2861 91/2862 1872/2864
f 59/2863 33/1557 22/2865
f 59/2863 22/2865 91/2862
f 51/2861 1872/2864 1952/2866
f 51/2861 1952/2866 1983/1529
f 1872/2864 91/2862 1892/2867
f 1892/2867 91/2862 22/2865
f 1872/2864 1892/2867 1952/2866
f 22/2865 33/1557 1911/2868
f 22/2865 1911/2868 1892/2867
f 1911/2868 33/1557 1917/2869
f 1892/2867 1911/2868 1980/2870
f 1892/2867 1980/2870 1952/2866
f 1980/2870 1911/2868 2032/2871
f 1980/2870 2032/2871 2160/2872
f 1980/2870 2160/2872 2127/2873
f 1980/2870 2127/2873 1952/2866
f 2127/2873 2160/2872 2477/2874
f 2127/2873 2477/2874 2463/2875
f 2127/2873 2463/2875 2282/2876
f 1952/2866 2127/2873 2079/2877
f 2079/2877 2127/2873 2282/2876
f 1952/2866 2079/2877 1983/1529
f 2079/2877 2282/2876 2221/1527
f 2079/2877 2221/1527 1983/1529
f 3832/2878 3805/2879 3504/2880
f 3805/2879 3832/2878 4065/2881
f 3832/2878 3504/2880 3574/2882
f 4065/2881 3832/2878 4033/2883
f 4033/2883 3832/2878 3574/2882
f 4065/2881 4033/2883 4270/2884
f 4270/2884 4033/2883 4428/2885
f 3574/2882 3504/2880 3137/2886
f 4033/2883 3574/2882 3828/2887
f 3574/2882 3137/2886 3043/2888
f 3043/2888 3137/2886 2978/2889
f 3828/2887 3574/2882 3563/2890
f 3563/2890 3574/2882 3043/2888
f 3043/2888 2978/2889 2831/2891
f 3828/2887 3563/2890 3971/2892
f 3828/2887 3971/2892 4033/2883
f 4033/2883 3971/2892 4428/2885
f 3043/2888 2831/2891 2910/2893
f 2910/2893 2831/2891 2786/2894
f 2786/2894 2831/2891 2642/2895
f 3043/2888 2910/2893 2956/2896
f 3043/2888 2956/2896 3563/2890
f 2956/2896 2910/2893 2786/2894
f 2786/2894 2642/2895 2638/2897
f 3563/2890 2956/2896 3465/2898
f 3563/2890 3465/2898 3971/2892
f 3465/2898 2956/2896 3156/2899
f 3971/2892 3465/2898 3810/2900
f 3971/2892 3810/2900 4140/2901
f 3156/2899 2956/2896 2757/2902
f 3971/2892 4140/2901 4352/2903
f 3971/2892 4352/2903 4428/2885
f 4428/2885 4352/2903 4506/2904
f 4506/2904 4352/2903 4597/2905
f 4597/2905 4352/2903 4526/2906
f 2757/2902 2956/2896 2726/2907
f 2726/2907 2956/2896 2786/2894
f 2757/2902 2726/2907 2442/2908
f 2757/2902 2442/2908 2446/2909
f 2726/2907 2786/2894 2653/2910
f 2653/2910 2786/2894 2638/2897
f 2446/2909 2442/2908 2230/2911
f 2442/2908 2726/2907 2319/2912
f 2442/2908 2319/2912 2230/2911
f 2726/2907 2653/2910 2582/2913
f 2726/2907 2582/2913 2319/2912
f 2653/2910 2638/2897 2518/2914
f 2653/2910 2518/2914 2582/2913
f 2518/2914 2638/2897 2471/2915
f 2518/2914 2471/2915 2415/2916
f 2518/2914 2415/2916 2520/2917
f 2518/2914 2520/2917 2582/2913
f 2520/2917 2415/2916 2196/2918
f 2260/2919 2319/2912 2582/2913
f 2260/2919 2582/2913 2520/2917
f 2319/2912 2260/2919 2205/2920
f 2319/2912 2205/2920 2230/2911
f 2260/2919 2520/2917 2224/2921
f 2224/2921 2520/2917 2196/2918
f 2260/2919 2224/2921 2205/2920
f 2224/2921 2196/2918 2135/2922
f 2224/2921 2135/2922 2205/2920
f 2230/2911 2205/2920 2096/2923
f 2096/2923 2205/2920 2135/2922
f 2230/2911 2096/2923 2084/2924
f 2135/2922 2196/2918 2052/2925
f 2052/2925 2196/2918 2158/2926
f 2052/2925 2158/2926 2054/2927
f 2054/2927 2158/2926 2057/2928
f 2054/2927 2057/2928 1928/2929
f 2054/2927 1928/2929 2052/2925
f 2052/2925 1928/2929 28/2930
f 2135/2922 2052/2925 2016/2931
f 2052/2925 28/2930 17/2932
f 2052/2925 17/2932 2016/2931
f 2135/2922 2016/2931 1999/2933
f 1999/2933 2016/2931 17/2932
f 2135/2922 1999/2933 2096/2923
f 1999/2933 17/2932 1989/2934
f 1999/2933 1989/2934 2096/2923
f 1989/2934 17/2932 119/2935
f 149/2936 17/2932 28/2930
f 17/2932 149/2936 119/2935
f 94/2937 28/2930 1859/2938
f 28/2930 94/2937 149/2936
f 149/2936 94/2937 164/2939
f 1945/2940 2096/2923 1989/2934
f 2096/2923 1945/2940 2084/2924
f 199/2941 1989/2934 119/2935
f 199/2941 119/2935 149/2936
f 1989/2934 199/2941 1945/2940
f 2084/2924 1945/2940 1913/2942
f 1913/2942 1945/2940 196/2943
f 196/2943 1945/2940 199/2941
f 1913/2942 196/2943 301/2944
f 196/2943 199/2941 275/2945
f 196/2943 275/2945 301/2944
f 199/2941 149/2936 229/2946
f 229/2946 149/2936 164/2939
f 199/2941 229/2946 275/2945
f 229/2946 164/2939 219/2947
f 219/2947 164/2939 123/2948
f 229/2946 219/2947 284/2949
f 229/2946 284/2949 275/2945
f 284/2949 219/2947 232/2950
f 381/2951 301/2944 275/2945
f 275/2945 284/2949 344/2952
f 344/2952 284/2949 232/2950
f 275/2945 344/2952 381/2951
f 344/2952 232/2950 263/2953
f 301/2944 381/2951 371/2954
f 344/2952 263/2953 313/2955
f 371/2954 381/2951 581/2956
f 344/2952 313/2955 428/2957
f 344/2952 428/2957 381/2951
f 428/2957 313/2955 574/2958
f 581/2956 381/2951 576/2959
f 576/2959 381/2951 428/2957
f 581/2956 576/2959 742/2960
f 576/2959 428/2957 614/2961
f 614/2961 428/2957 574/2958
f 576/2959 614/2961 742/2960
f 581/2956 742/2960 789/2962
f 614/2961 574/2958 683/2963
f 683/2963 574/2958 754/2964
f 683/2963 754/2964 778/2965
f 683/2963 778/2965 614/2961
f 778/2965 754/2964 972/2966
f 614/2961 778/2965 830/2967
f 830/2967 778/2965 972/2966
f 614/2961 830/2967 742/2960
f 830/2967 972/2966 1060/2968
f 954/2969 789/2962 742/2960
f 954/2969 742/2960 830/2967
f 954/2969 830/2967 1060/2968
f 789/2962 954/2969 914/2970
f 954/2969 1060/2968 1116/2971
f 954/2969 1116/2971 914/2970
f 1235/2972 1085/1306 1185/1303
f 1235/2972 1185/1303 1292/1300
f 1085/1306 1235/2972 1158/2973
f 1085/1306 1158/2973 1011/2974
f 1235/2972 1292/1300 1315/2975
f 1315/2975 1292/1300 1356/1298
f 1315/2975 1356/1298 1390/1296
f 1235/2972 1315/2975 1239/2976
f 1235/2972 1239/2976 1158/2973
f 1315/2975 1390/1296 1273/2977
f 1315/2975 1273/2977 1239/2976
f 1158/2973 1239/2976 1117/2978
f 1158/2973 1117/2978 1065/2979
f 1117/2978 1239/2976 1129/2980
f 1117/2978 1129/2980 1058/2981
f 1058/2981 1129/2980 1061/2982
f 1129/2980 1239/2976 1182/2983
f 1182/2983 1239/2976 1273/2977
f 1061/2982 1129/2980 1134/2984
f 1134/2984 1129/2980 1182/2983
f 1061/2982 1134/2984 1114/2985
f 1134/2984 1182/2983 1230/2986
f 1134/2984 1230/2986 1114/2985
f 1230/2986 1182/2983 1273/2977
f 1114/2985 1230/2986 1193/2987
f 1114/2985 1193/2987 1099/2988
f 1193/2987 1230/2986 1252/2989
f 1099/2988 1193/2987 1157/2990
f 1099/2988 1157/2990 1070/2991
f 1193/2987 1252/2989 1245/2992
f 1193/2987 1245/2992 1157/2990
f 1252/2989 1230/2986 1320/2993
f 1252/2989 1320/2993 1245/2992
f 1320/2993 1230/2986 1273/2977
f 1157/2990 1245/2992 1211/2994
f 1070/2991 1157/2990 1148/2995
f 1148/2995 1157/2990 1211/2994
f 1070/2991 1148/2995 984/2996
f 984/2996 1148/2995 1083/2997
f 1083/2997 1148/2995 1211/2994
f 1321/2998 1245/2992 1320/2993
f 1245/2992 1321/2998 1211/2994
f 1388/2999 1320/2993 1273/2977
f 1320/2993 1388/2999 1321/2998
f 1388/2999 1273/2977 1330/3000
f 1330/3000 1273/2977 1329/3001
f 1329/3001 1273/2977 1390/1296
f 1329/3001 1390/1296 1407/1264
f 1329/3001 1407/1264 1368/1258
f 1329/3001 1368/1258 1370/1257
f 1329/3001 1370/1257 1330/3000
f 1388/2999 1330/3000 1422/3002
f 1422/3002 1330/3000 1370/1257
f 1381/3003 1321/2998 1388/2999
f 1381/3003 1388/2999 1422/3002
f 1321/2998 1381/3003 1331/3004
f 1422/3002 1370/1257 1446/3005
f 1446/3005 1370/1257 1481/1252
f 1381/3003 1422/3002 1382/3006
f 1382/3006 1422/3002 1446/3005
f 1446/3005 1481/1252 1492/3007
f 1446/3005 1492/3007 1382/3006
f 1492/3007 1481/1252 1500/1250
f 1382/3006 1492/3007 1418/3008
f 1418/3008 1492/3007 1500/1250
f 1381/3003 1382/3006 1305/3009
f 1381/3003 1305/3009 1331/3004
f 1276/3010 1321/2998 1331/3004
f 1276/3010 1331/3004 1305/3009
f 1321/2998 1276/3010 1211/2994
f 1211/2994 1276/3010 1160/3011
f 1211/2994 1160/3011 1083/2997
f 1160/3011 1276/3010 1216/3012
f 1216/3012 1276/3010 1305/3009
f 1083/2997 1160/3011 1110/3013
f 1110/3013 1160/3011 1216/3012
f 1083/2997 1110/3013 945/3014
f 945/3014 1110/3013 927/3015
f 1110/3013 1216/3012 1138/3016
f 927/3015 1110/3013 951/3017
f 927/3015 951/3017 833/3018
f 833/3018 951/3017 943/3019
f 951/3017 1110/3013 1050/3020
f 951/3017 1050/3020 943/3019
f 1110/3013 1138/3016 1084/3021
f 1110/3013 1084/3021 1050/3020
f 1050/3020 1084/3021 943/3019
f 1084/3021 1138/3016 1216/3012
f 943/3019 1084/3021 875/3022
f 1084/3021 1216/3012 1200/3023
f 1200/3023 1216/3012 1305/3009
f 875/3022 1084/3021 976/3024
f 875/3022 976/3024 782/3025
f 782/3025 976/3024 790/3026
f 976/3024 1084/3021 1121/3027
f 1121/3027 1084/3021 1200/3023
f 790/3026 976/3024 947/3028
s 0
f 947/3028 976/3024 1121/3027
s 1
f 790/3026 947/3028 775/3029
f 775/3029 947/3028 818/3030
f 1121/3027 1200/3023 1222/3031
f 1222/3031 1200/3023 1305/3009
f 947/3028 1121/3027 1124/3032
f 1124/3032 1121/3027 1222/3031
f 818/3030 947/3028 1000/3033
f 1000/3033 947/3028 1124/3032
f 1222/3031 1305/3009 1324/3034
f 1324/3034 1305/3009 1382/3006
f 1324/3034 1382/3006 1418/3008
f 1222/3031 1324/3034 1277/3035
f 1277/3035 1324/3034 1418/3008
f 1124/3032 1222/3031 1196/3036
f 1196/3036 1222/3031 1277/3035
f 1000/3033 1124/3032 1119/3037
f 1119/3037 1124/3032 1196/3036
f 858/3038 818/3030 1000/3033
f 818/3030 858/3038 743/3039
f 1000/3033 1119/3037 1131/3040
f 1131/3040 1119/3037 1196/3036
f 858/3038 1000/3033 884/3041
f 858/3038 884/3041 743/3039
f 743/3039 884/3041 792/3042
f 884/3041 1000/3033 998/3043
f 998/3043 1000/3033 1131/3040
f 792/3042 884/3041 963/3044
f 963/3044 884/3041 998/3043
f 998/3043 1131/3040 1080/3045
f 998/3043 1080/3045 963/3044
f 1080/3045 1131/3040 1183/3046
f 1183/3046 1131/3040 1196/3036
f 1080/3045 1183/3046 1133/3047
f 1080/3045 1133/3047 963/3044
f 1183/3046 1196/3036 1339/3048
f 1339/3048 1196/3036 1277/3035
f 1339/3048 1277/3035 1418/3008
f 1183/3046 1339/3048 1217/3049
f 1183/3046 1217/3049 1133/3047
f 1339/3048 1418/3008 1414/3050
f 1339/3048 1414/3050 1217/3049
f 1414/3050 1418/3008 1500/1250
f 1414/3050 1500/1250 1430/1248
f 1414/3050 1430/1248 1360/3051
f 1414/3050 1360/3051 1217/3049
f 1360/3051 1430/1248 1281/1249
f 1360/3051 1281/1249 1217/3049
f 1153/3052 1133/3047 1217/3049
f 1217/3049 1281/1249 1205/3053
f 1217/3049 1205/3053 1153/3052
f 1205/3053 1281/1249 1227/3054
f 1227/3054 1281/1249 1311/1243
f 1227/3054 1311/1243 1212/1240
f 1227/3054 1212/1240 1169/3055
f 1169/3055 1212/1240 1101/3056
f 1205/3053 1227/3054 1155/3057
f 1155/3057 1227/3054 1169/3055
f 1095/3058 1153/3052 1205/3053
f 1095/3058 1205/3053 1155/3057
f 1040/3059 1133/3047 1153/3052
f 1040/3059 1153/3052 1095/3058
f 1133/3047 1040/3059 963/3044
f 1155/3057 1169/3055 1097/3060
f 1155/3057 1097/3060 1095/3058
f 1097/3060 1169/3055 1051/3061
f 1095/3058 1097/3060 1003/3062
f 1003/3062 1097/3060 1020/3063
f 1095/3058 1003/3062 970/3064
f 1095/3058 970/3064 1040/3059
f 970/3064 1003/3062 876/3065
f 970/3064 876/3065 877/3066
f 970/3064 877/3066 1040/3059
f 877/3066 876/3065 732/3067
f 877/3066 732/3067 735/3068
f 1040/3059 877/3066 815/3069
f 815/3069 877/3066 735/3068
f 1040/3059 815/3069 903/3070
f 1040/3059 903/3070 963/3044
f 815/3069 735/3068 684/3071
f 684/3071 735/3068 680/3072
f 684/3071 680/3072 566/3073
f 684/3071 566/3073 660/3074
f 815/3069 684/3071 741/3075
f 815/3069 741/3075 903/3070
f 741/3075 684/3071 660/3074
f 802/3076 963/3044 903/3070
f 802/3076 903/3070 741/3075
f 802/3076 741/3075 660/3074
f 963/3044 802/3076 792/3042
f 802/3076 660/3074 637/3077
f 802/3076 637/3077 792/3042
f 1981/3078 2250/3079 2036/3080
f 2250/3079 1981/3078 2101/3081
f 2250/3079 2101/3081 2363/3082
f 2363/3082 2101/3081 2149/3083
f 2036/3080 2250/3079 2287/3084
f 2363/3082 2149/3083 2243/3085
f 2243/3085 2149/3083 2003/3086
f 2243/3085 2003/3086 2265/3087
f 2363/3082 2243/3085 2464/3088
f 2464/3088 2243/3085 2265/3087
f 2250/3079 2363/3082 2450/3089
f 2450/3089 2363/3082 2532/3090
f 2532/3090 2363/3082 2464/3088
f 2250/3079 2450/3089 2452/3091
f 2250/3079 2452/3091 2287/3084
f 2450/3089 2532/3090 2570/3092
f 2450/3089 2570/3092 2452/3091
f 2532/3090 2464/3088 2633/3093
f 2532/3090 2633/3093 2570/3092
f 2287/3084 2452/3091 2412/3094
f 2452/3091 2570/3092 2514/3095
f 2452/3091 2514/3095 2412/3094
f 2287/3084 2412/3094 2316/3096
f 2316/3096 2412/3094 2514/3095
f 2514/3095 2570/3092 2602/3097
f 2514/3095 2602/3097 2316/3096
f 2644/3098 2570/3092 2633/3093
f 2570/3092 2644/3098 2602/3097
f 2644/3098 2633/3093 2680/3099
f 2644/3098 2680/3099 2602/3097
f 2556/3100 2633/3093 2464/3088
f 2633/3093 2556/3100 2650/3101
f 2633/3093 2650/3101 2680/3099
f 2556/3100 2464/3088 2388/3102
f 2388/3102 2464/3088 2265/3087
f 2388/3102 2265/3087 2215/3103
f 2388/3102 2215/3103 2372/3104
f 2556/3100 2388/3102 2528/3105
f 2556/3100 2528/3105 2650/3101
f 2528/3105 2388/3102 2372/3104
f 2614/3106 2680/3099 2650/3101
f 2614/3106 2650/3101 2528/3105
f 2528/3105 2372/3104 2455/3107
f 2528/3105 2455/3107 2614/3106
f 2455/3107 2372/3104 2286/3108
f 2455/3107 2286/3108 2469/3109
f 2455/3107 2469/3109 2614/3106
f 2469/3109 2286/3108 2309/3110
f 2469/3109 2309/3110 2335/3111
f 2614/3106 2469/3109 2578/3112
f 2614/3106 2578/3112 2680/3099
f 2578/3112 2469/3109 2335/3111
f 2680/3099 2578/3112 2621/3113
f 2680/3099 2621/3113 2602/3097
f 2578/3112 2335/3111 2373/3114
f 2578/3112 2373/3114 2621/3113
f 2602/3097 2621/3113 2475/3115
f 2475/3115 2621/3113 2373/3114
f 2602/3097 2475/3115 2316/3096
f 2373/3114 2335/3111 2233/3116
f 2233/3116 2335/3111 2146/3117
f 2233/3116 2146/3117 2121/3118
f 2475/3115 2373/3114 2405/3119
f 2475/3115 2405/3119 2316/3096
f 2373/3114 2233/3116 2320/3120
f 2233/3116 2121/3118 2228/3121
f 2233/3116 2228/3121 2320/3120
f 2228/3121 2121/3118 2158/3122
f 2158/3122 2121/3118 2057/3123
f 2228/3121 2158/3122 2251/3124
f 2228/3121 2251/3124 2320/3120
f 2251/3124 2158/3122 2196/3125
f 2251/3124 2196/3125 2415/3126
f 2251/3124 2415/3126 2320/3120
f 2320/3120 2415/3126 2376/3127
f 2376/3127 2415/3126 2471/3128
f 2356/3129 2373/3114 2320/3120
f 2373/3114 2356/3129 2405/3119
f 2320/3120 2376/3127 2365/3130
f 2320/3120 2365/3130 2356/3129
f 2376/3127 2471/3128 2403/3131
f 2376/3127 2403/3131 2365/3130
f 2405/3119 2356/3129 2342/3132
f 2356/3129 2365/3130 2306/3133
f 2356/3129 2306/3133 2342/3132
f 2306/3133 2365/3130 2403/3131
f 2405/3119 2342/3132 2316/3096
f 2342/3132 2306/3133 2276/3134
f 2342/3132 2276/3134 2316/3096
f 2276/3134 2306/3133 2279/3135
f 2279/3135 2306/3133 2403/3131
f 2316/3096 2276/3134 2195/3136
f 2495/3137 2403/3131 2471/3128
f 2495/3137 2471/3128 2638/3138
f 2495/3137 2638/3138 2642/3139
f 2495/3137 2642/3139 2481/3140
f 2495/3137 2481/3140 2403/3131
f 2481/3140 2642/3139 2550/3141
f 2403/3131 2481/3140 2280/3142
f 2403/3131 2280/3142 2279/3135
f 2481/3140 2550/3141 2401/3143
f 2481/3140 2401/3143 2280/3142
f 2401/3143 2550/3141 2268/3144
f 2401/3143 2268/3144 2244/3145
f 2401/3143 2244/3145 2280/3142
f 2244/3145 2268/3144 2153/3146
f 2280/3142 2244/3145 2171/3147
f 2171/3147 2244/3145 2153/3146
f 2280/3142 2171/3147 2279/3135
f 2279/3135 2171/3147 2164/3148
f 2279/3135 2164/3148 2276/3134
f 2276/3134 2164/3148 2195/3136
f 2164/3148 2171/3147 2112/3149
f 2195/3136 2164/3148 2098/3150
f 2098/3150 2164/3148 2112/3149
f 2171/3147 2153/3146 2111/3151
f 2171/3147 2111/3151 2112/3149
f 2111/3151 2153/3146 2023/3152
f 2023/3152 2153/3146 2025/3153
f 2112/3149 2111/3151 2031/3154
f 2031/3154 2111/3151 2023/3152
f 2023/3152 2025/3153 19/3155
f 2112/3149 2031/3154 2017/3156
f 2112/3149 2017/3156 2098/3150
f 2031/3154 2023/3152 1912/3157
f 1912/3157 2023/3152 19/3155
f 2031/3154 1912/3157 2017/3156
f 1912/3157 19/3155 1859/3158
f 1859/3158 19/3155 94/3159
f 94/3159 19/3155 123/3160
f 94/3159 123/3160 164/3161
f 1912/3157 1859/3158 1909/3162
f 2017/3156 1912/3157 1948/3163
f 1948/3163 1912/3157 1909/3162
f 1909/3162 1859/3158 1856/3164
f 1856/3164 1859/3158 28/3165
f 1856/3164 28/3165 1928/3166
f 1856/3164 1928/3166 1909/3162
f 1909/3162 1928/3166 1975/3167
f 1975/3167 1928/3166 2057/3168
f 1948/3163 1909/3162 1944/3169
f 1944/3169 1909/3162 1975/3167
f 1948/3163 1944/3169 1941/3170
f 1948/3163 1941/3170 2017/3156
f 1944/3169 1975/3167 1924/3171
f 1924/3171 1975/3167 2057/3168
f 1944/3169 1924/3171 1941/3170
f 1924/3171 2057/3168 1950/3172
f 1924/3171 1950/3172 1865/3173
f 1924/3171 1865/3173 1941/3170
f 1950/3172 2057/3168 2043/3174
f 2043/3174 2057/3168 2121/3175
f 2043/3174 2121/3175 2146/3176
f 1941/3170 1865/3173 1953/3177
f 1941/3170 1953/3177 2017/3156
f 2017/3156 1953/3177 2098/3150
f 2098/3150 1953/3177 2034/3178
f 2034/3178 1953/3177 1882/3179
f 2034/3178 1882/3179 2036/3080
f 2098/3150 2034/3178 2147/3180
f 2147/3180 2034/3178 2036/3080
f 2098/3150 2147/3180 2195/3136
f 2147/3180 2036/3080 2287/3084
f 2195/3136 2147/3180 2316/3096
f 2316/3096 2147/3180 2287/3084
f 75/3181 1981/3182 2036/3183
f 75/3181 2036/3183 1882/3184
f 75/3181 1882/3184 129/3185
f 129/3185 1882/3184 1953/3186
f 129/3185 1953/3186 1865/3187
f 75/3181 129/3185 110/3188
f 75/3181 110/3188 1981/3182
f 129/3185 1865/3187 80/3189
f 80/3189 1865/3187 1950/3190
f 110/3188 129/3185 167/3191
f 167/3191 129/3185 80/3189
f 1981/3182 110/3188 61/3192
f 1981/3182 61/3192 2101/3193
f 2101/3193 61/3192 2149/3194
f 61/3192 110/3188 106/3195
f 61/3192 106/3195 2149/3194
f 106/3195 110/3188 167/3191
f 2149/3194 106/3195 2003/3196
f 1922/3197 80/3189 1950/3190
f 1922/3197 1950/3190 2043/3198
f 99/3199 167/3191 80/3189
f 99/3199 80/3189 1922/3197
f 106/3195 167/3191 76/3200
f 76/3200 167/3191 99/3199
f 1986/3201 2003/3196 106/3195
f 2003/3196 1986/3201 2265/3202
f 2265/3202 1986/3201 2215/3203
f 1986/3201 106/3195 12/3204
f 12/3204 106/3195 76/3200
f 2215/3203 1986/3201 2118/3205
f 2118/3205 1986/3201 12/3204
f 2215/3203 2118/3205 2232/3206
f 2118/3205 12/3204 2085/3207
f 2118/3205 2085/3207 2232/3206
f 2215/3203 2232/3206 2372/3208
f 2085/3207 12/3204 1947/3209
f 2085/3207 1947/3209 2232/3206
f 1947/3209 12/3204 76/3200
f 2372/3208 2232/3206 2286/3210
f 1879/3211 76/3200 99/3199
f 76/3200 1879/3211 1947/3209
f 1879/3211 99/3199 1922/3197
f 2232/3206 1947/3209 2045/3212
f 2045/3212 1947/3209 1879/3211
f 2232/3206 2045/3212 2286/3210
f 2045/3212 1879/3211 1922/3197
f 2286/3210 2045/3212 2129/3213
f 2129/3213 2045/3212 1922/3197
f 2129/3213 1922/3197 2043/3198
f 2286/3210 2129/3213 2309/3214
f 2129/3213 2043/3198 2146/3215
f 2129/3213 2146/3215 2309/3214
f 2309/3214 2146/3215 2335/3216
f 4598/3217 4479/3218 4596/3219
f 4596/3219 4479/3218 4466/3220
f 4598/3217 4596/3219 4656/3221
f 4656/3221 4596/3219 4662/3222
f 4656/3221 4662/3222 4684/3223
f 4596/3219 4466/3220 4543/3224
f 4543/3224 4466/3220 4418/3225
f 4543/3224 4418/3225 4445/3226
f 4596/3219 4543/3224 4583/3227
f 4596/3219 4583/3227 4662/3222
f 4684/3223 4662/3222 4687/3228
f 4583/3227 4543/3224 4601/3229
f 4601/3229 4543/3224 4445/3226
f 4662/3222 4583/3227 4619/3230
f 4619/3230 4583/3227 4601/3229
f 4687/3228 4662/3222 4646/3231
f 4646/3231 4662/3222 4619/3230
f 4601/3229 4445/3226 4611/3232
f 4611/3232 4445/3226 4464/3233
f 4611/3232 4464/3233 4582/3234
f 4601/3229 4611/3232 4628/3235
f 4601/3229 4628/3235 4619/3230
f 4611/3232 4582/3234 4657/3236
f 4611/3232 4657/3236 4628/3235
f 4646/3231 4619/3230 4648/3237
f 4648/3237 4619/3230 4628/3235
f 4630/3238 4687/3228 4646/3231
f 4630/3238 4646/3231 4648/3237
f 4687/3228 4630/3238 4641/3239
f 4687/3228 4641/3239 4654/3240
f 4641/3239 4630/3238 4592/3241
f 4592/3241 4630/3238 4617/3242
f 4617/3242 4630/3238 4648/3237
f 4641/3239 4592/3241 4529/3243
f 4490/3244 4621/3245 4641/3239
f 4490/3244 4641/3239 4529/3243
f 4592/3241 4617/3242 4576/3246
f 4592/3241 4576/3246 4529/3243
f 4490/3244 4529/3243 4172/3247
f 4490/3244 4172/3247 4369/3248
f 4369/3248 4172/3247 3939/3249
f 4172/3247 4529/3243 4287/3250
f 4287/3250 4529/3243 4576/3246
f 3939/3249 4172/3247 4136/3251
f 4136/3251 4172/3247 4287/3250
f 3939/3249 4136/3251 4092/3252
f 3939/3249 4092/3252 3636/3253
f 4136/3251 4287/3250 4487/3254
f 4487/3254 4287/3250 4576/3246
f 3636/3253 4092/3252 4105/3255
f 4092/3252 4136/3251 4419/3256
f 4092/3252 4419/3256 4105/3255
f 4419/3256 4136/3251 4487/3254
f 3642/3257 4105/3255 3963/3258
f 4487/3254 4576/3246 4620/3259
f 4620/3259 4576/3246 4617/3242
f 3963/3258 4105/3255 4279/3260
f 4279/3260 4105/3255 4419/3256
f 3963/3258 4279/3260 3902/3261
f 3963/3258 3902/3261 3816/3262
f 4279/3260 4419/3256 4414/3263
f 4279/3260 4414/3263 3902/3261
f 4525/3264 4419/3256 4487/3254
f 4419/3256 4525/3264 4555/3265
f 4419/3256 4555/3265 4414/3263
f 4525/3264 4487/3254 4595/3266
f 4595/3266 4487/3254 4620/3259
f 4525/3264 4595/3266 4555/3265
f 4595/3266 4620/3259 4632/3267
f 4595/3266 4632/3267 4555/3265
f 4663/3268 4620/3259 4617/3242
f 4620/3259 4663/3268 4632/3267
f 4663/3268 4617/3242 4648/3237
f 4663/3268 4648/3237 4689/3269
f 4632/3267 4663/3268 4660/3270
f 4660/3270 4663/3268 4689/3269
f 4555/3265 4632/3267 4593/3271
f 4632/3267 4660/3270 4652/3272
f 4632/3267 4652/3272 4593/3271
f 4652/3272 4660/3270 4672/3273
f 4672/3273 4660/3270 4689/3269
f 4675/3274 4689/3269 4648/3237
f 4675/3274 4648/3237 4628/3235
f 4675/3274 4628/3235 4657/3236
f 4689/3269 4675/3274 4683/3275
f 4683/3275 4675/3274 4657/3236
f 4672/3273 4689/3269 4677/3276
f 4677/3276 4689/3269 4683/3275
f 4634/3277 4652/3272 4672/3273
f 4634/3277 4672/3273 4677/3276
f 4677/3276 4683/3275 4669/3278
f 4669/3278 4683/3275 4657/3236
f 4677/3276 4669/3278 4647/3279
f 4669/3278 4657/3236 4626/3280
f 4669/3278 4626/3280 4647/3279
f 4677/3276 4647/3279 4637/3281
f 4677/3276 4637/3281 4634/3277
f 4647/3279 4626/3280 4603/3282
f 4626/3280 4657/3236 4588/3283
f 4588/3283 4657/3236 4582/3234
f 4588/3283 4582/3234 4468/3284
f 4626/3280 4588/3283 4602/3285
f 4626/3280 4602/3285 4603/3282
f 4602/3285 4588/3283 4528/3286
f 4528/3286 4588/3283 4441/3287
f 4602/3285 4528/3286 4513/3288
f 4513/3288 4528/3286 4338/3289
f 4602/3285 4513/3288 4603/3282
f 4603/3282 4513/3288 4537/3290
f 4537/3290 4513/3288 4467/3291
f 4467/3291 4513/3288 4272/3292
f 4467/3291 4272/3292 4226/3293
f 4537/3290 4467/3291 4539/3294
f 4537/3290 4539/3294 4603/3282
f 4467/3291 4226/3293 4392/3295
f 4467/3291 4392/3295 4539/3294
f 4392/3295 4226/3293 3955/3296
f 4392/3295 3955/3296 3872/3297
f 4392/3295 3872/3297 4334/3298
f 4392/3295 4334/3298 4539/3294
f 4334/3298 3872/3297 3715/3299
f 4600/3300 4603/3282 4539/3294
f 4603/3282 4600/3300 4647/3279
f 4647/3279 4600/3300 4637/3281
f 4637/3281 4600/3300 4607/3301
f 4637/3281 4607/3301 4634/3277
f 4600/3300 4539/3294 4549/3302
f 4600/3300 4549/3302 4607/3301
f 4549/3302 4539/3294 4452/3303
f 4452/3303 4539/3294 4334/3298
f 4607/3301 4549/3302 4516/3304
f 4516/3304 4549/3302 4452/3303
f 4634/3277 4607/3301 4605/3305
f 4605/3305 4607/3301 4516/3304
f 4634/3277 4605/3305 4609/3306
f 4634/3277 4609/3306 4652/3272
f 4652/3272 4609/3306 4593/3271
f 4609/3306 4605/3305 4547/3307
f 4547/3307 4605/3305 4516/3304
f 4593/3271 4609/3306 4530/3308
f 4530/3308 4609/3306 4547/3307
f 4593/3271 4530/3308 4514/3309
f 4593/3271 4514/3309 4555/3265
f 4555/3265 4514/3309 4414/3263
f 4514/3309 4530/3308 4457/3310
f 4457/3310 4530/3308 4547/3307
f 4414/3263 4514/3309 4410/3311
f 4410/3311 4514/3309 4457/3310
f 4414/3263 4410/3311 4076/3312
f 4414/3263 4076/3312 3902/3261
f 4076/3312 4410/3311 3953/3313
f 4076/3312 3953/3313 3902/3261
f 4410/3311 4457/3310 4325/3314
f 4410/3311 4325/3314 3953/3313
f 3744/3315 3902/3261 3797/3316
f 3797/3316 3902/3261 3748/3317
f 3748/3317 3902/3261 3953/3313
f 3748/3317 3953/3313 3694/3318
f 3748/3317 3694/3318 3661/3319
f 3694/3318 3953/3313 3734/3320
f 3694/3318 3734/3320 3373/3321
f 3373/3321 3734/3320 3414/3322
f 3734/3320 3953/3313 4067/3323
f 4067/3323 3953/3313 4325/3314
f 3414/3322 3734/3320 3677/3324
f 3734/3320 4067/3323 3976/3325
f 3734/3320 3976/3325 3677/3324
f 4067/3323 4325/3314 4293/3326
f 4067/3323 4293/3326 3976/3325
f 4293/3326 4325/3314 4432/3327
f 4432/3327 4325/3314 4457/3310
f 4432/3327 4457/3310 4547/3307
f 4293/3326 4432/3327 4078/3328
f 4293/3326 4078/3328 3976/3325
f 4432/3327 4547/3307 4423/3329
f 4432/3327 4423/3329 4078/3328
f 4423/3329 4547/3307 4516/3304
f 4423/3329 4516/3304 4412/3330
f 4423/3329 4412/3330 4078/3328
f 4412/3330 4516/3304 4452/3303
f 3976/3325 4078/3328 3880/3331
f 3976/3325 3880/3331 3677/3324
f 4078/3328 4412/3330 3952/3332
f 4078/3328 3952/3332 3880/3331
f 4412/3330 4452/3303 4299/3333
f 4412/3330 4299/3333 3952/3332
f 4299/3333 4452/3303 4334/3298
f 3952/3332 4299/3333 4087/3334
f 4087/3334 4299/3333 4334/3298
f 3880/3331 3952/3332 3666/3335
f 3606/3336 3677/3324 3880/3331
f 3606/3336 3880/3331 3666/3335
f 3677/3324 3606/3336 3405/3337
f 3677/3324 3405/3337 3414/3322
f 3414/3322 3405/3337 3050/3338
f 3050/3338 3405/3337 3070/3339
f 3405/3337 3606/3336 3294/3340
f 3405/3337 3294/3340 3070/3339
f 3294/3340 3606/3336 3666/3335
f 3070/3339 3294/3340 3072/3341
f 3070/3339 3072/3341 2865/3342
f 3294/3340 3666/3335 3372/3343
f 3294/3340 3372/3343 3072/3341
f 3784/3344 3666/3335 3952/3332
f 3784/3344 3952/3332 4087/3334
f 3372/3343 3666/3335 3482/3345
f 3482/3345 3666/3335 3784/3344
f 3072/3341 3372/3343 3078/3346
f 3078/3346 3372/3343 3482/3345
f 2877/3347 2865/3342 3072/3341
f 2877/3347 3072/3341 3078/3346
f 2865/3342 2877/3347 2468/3348
f 2468/3348 2877/3347 2422/3349
f 2468/3348 2422/3349 1995/3350
f 2422/3349 2877/3347 2672/3351
f 2672/3351 2877/3347 3078/3346
f 2672/3351 3078/3346 2937/3352
f 2937/3352 3078/3346 3200/3353
f 3200/3353 3078/3346 3482/3345
f 2937/3352 3200/3353 3215/3354
f 3200/3353 3482/3345 3522/3355
f 3200/3353 3522/3355 3215/3354
f 3522/3355 3482/3345 3784/3344
f 3215/3354 3522/3355 3562/3356
f 3215/3354 3562/3356 3263/3357
f 3522/3355 3784/3344 3819/3358
f 3522/3355 3819/3358 3562/3356
f 3819/3358 3784/3344 4087/3334
f 3562/3356 3819/3358 4093/3359
f 4093/3359 3819/3358 4087/3334
f 3562/3356 4093/3359 3545/3360
f 4093/3359 4087/3334 4334/3298
f 3545/3360 4093/3359 3715/3299
f 3715/3299 4093/3359 4334/3298
f 4311/3361 4366/3362 4361/3363
f 4311/3361 4361/3363 4282/3364
f 4282/3364 4361/3363 4374/3365
f 4430/3366 4415/3367 4361/3363
f 4361/3363 4415/3367 4374/3365
f 4374/3365 4415/3367 4438/3368
f 4438/3368 4415/3367 4454/3369
f 4391/3370 4345/3371 4374/3365
f 4438/3368 4454/3369 4462/3372
f 4462/3372 4454/3369 4426/3373
f 4374/3365 4438/3368 4488/3374
f 4374/3365 4488/3374 4391/3370
f 4462/3372 4426/3373 4381/3375
f 4488/3374 4438/3368 4515/3376
f 4515/3376 4438/3368 4462/3372
f 4391/3370 4488/3374 4460/3377
f 4391/3370 4460/3377 4384/3378
f 4384/3378 4460/3377 4376/3379
f 4384/3378 4376/3379 4336/3380
f 4460/3377 4488/3374 4517/3381
f 4517/3381 4488/3374 4515/3376
f 4376/3379 4460/3377 4463/3382
f 4376/3379 4463/3382 4336/3380
f 4463/3382 4460/3377 4517/3381
f 4491/3383 4515/3376 4462/3372
f 4491/3383 4462/3372 4381/3375
f 4517/3381 4515/3376 4519/3384
f 4519/3384 4515/3376 4491/3383
f 4491/3383 4381/3375 4439/3385
f 4336/3380 4463/3382 4341/3386
f 4336/3380 4341/3386 4302/3387
f 4302/3387 4341/3386 4276/3388
f 4341/3386 4463/3382 4458/3389
f 4439/3385 4381/3375 4256/3390
f 4256/3390 4381/3375 4234/3391
f 4256/3390 4234/3391 4280/3392
f 4439/3385 4256/3390 4455/3393
f 4439/3385 4455/3393 4491/3383
f 4256/3390 4280/3392 4278/3394
f 4256/3390 4278/3394 4455/3393
f 4278/3394 4280/3392 4306/3395
f 4306/3395 4280/3392 4267/3396
f 4306/3395 4267/3396 4285/3397
f 4306/3395 4285/3397 4273/3398
f 4273/3398 4285/3397 4165/3399
f 4278/3394 4306/3395 4268/3400
f 4268/3400 4306/3395 4273/3398
f 4416/3401 4455/3393 4278/3394
f 4416/3401 4278/3394 4268/3400
f 4508/3402 4491/3383 4455/3393
f 4491/3383 4508/3402 4519/3384
f 4508/3402 4455/3393 4476/3403
f 4476/3403 4455/3393 4416/3401
f 4519/3384 4508/3402 4505/3404
f 4519/3384 4505/3404 4517/3381
f 4508/3402 4476/3403 4459/3405
f 4508/3402 4459/3405 4505/3404
f 4476/3403 4416/3401 4429/3406
f 4476/3403 4429/3406 4459/3405
f 4517/3381 4505/3404 4509/3407
f 4517/3381 4509/3407 4463/3382
f 4463/3382 4509/3407 4458/3389
f 4509/3407 4505/3404 4456/3408
f 4456/3408 4505/3404 4459/3405
f 4458/3389 4509/3407 4446/3409
f 4446/3409 4509/3407 4456/3408
f 4458/3389 4446/3409 4341/3386
f 4341/3386 4446/3409 4276/3388
f 4446/3409 4456/3408 4379/3410
f 4446/3409 4379/3410 4276/3388
f 4456/3408 4459/3405 4406/3411
f 4456/3408 4406/3411 4379/3410
f 4276/3388 4379/3410 4217/3412
f 4276/3388 4217/3412 4239/3413
f 4217/3412 4379/3410 4308/3414
f 4379/3410 4406/3411 4313/3415
f 4379/3410 4313/3415 4308/3414
f 4217/3412 4308/3414 4059/3416
f 4217/3412 4059/3416 4121/3417
f 4308/3414 4313/3415 4224/3418
f 4308/3414 4224/3418 4059/3416
f 4059/3416 4224/3418 4061/3419
f 4059/3416 4061/3419 3916/3420
f 3916/3420 4061/3419 3812/3421
f 4061/3419 4224/3418 4177/3422
f 4177/3422 4224/3418 4313/3415
f 3812/3421 4061/3419 3848/3423
f 3848/3423 4061/3419 3989/3424
f 3989/3424 4061/3419 4177/3422
f 3540/3425 3848/3423 3496/3426
f 3496/3426 3848/3423 3767/3427
f 3767/3427 3848/3423 3989/3424
f 3496/3426 3767/3427 3524/3428
f 4321/3429 4177/3422 4313/3415
f 4321/3429 4313/3415 4406/3411
f 3524/3428 3767/3427 3581/3430
f 3524/3428 3581/3430 3214/3431
f 3767/3427 3989/3424 3914/3432
f 3767/3427 3914/3432 3581/3430
f 4321/3429 4406/3411 4387/3433
f 4387/3433 4406/3411 4459/3405
f 3029/3434 3214/3431 3170/3435
f 3170/3435 3214/3431 3581/3430
f 4387/3433 4459/3405 4370/3436
f 4370/3436 4459/3405 4429/3406
f 4321/3429 4387/3433 4232/3437
f 4232/3437 4387/3433 4370/3436
f 3170/3435 3581/3430 3258/3438
f 3170/3435 3258/3438 2945/3439
f 2945/3439 3258/3438 2961/3440
f 4370/3436 4429/3406 4354/3441
f 4354/3441 4429/3406 4416/3401
f 2700/3442 2961/3440 2849/3443
f 2849/3443 2961/3440 3083/3444
f 3083/3444 2961/3440 3258/3438
f 2849/3443 3083/3444 2962/3445
f 2962/3445 3083/3444 3110/3446
f 3083/3444 3258/3438 3440/3447
f 3440/3447 3258/3438 3581/3430
f 3110/3446 3083/3444 3342/3448
f 3110/3446 3342/3448 3180/3449
f 3083/3444 3440/3447 3275/3450
f 3083/3444 3275/3450 3342/3448
f 3180/3449 3342/3448 3481/3451
f 3275/3450 3440/3447 3618/3452
f 3275/3450 3618/3452 3342/3448
f 3440/3447 3581/3430 3707/3453
f 3440/3447 3707/3453 3618/3452
f 3707/3453 3581/3430 3914/3432
f 3481/3451 3342/3448 3621/3454
f 3621/3454 3342/3448 3618/3452
f 3481/3451 3621/3454 3776/3455
f 3776/3455 3621/3454 3618/3452
f 3481/3451 3776/3455 3747/3456
f 3618/3452 3707/3453 3920/3457
f 3920/3457 3707/3453 3914/3432
f 3776/3455 3618/3452 3866/3458
f 3866/3458 3618/3452 3920/3457
f 3920/3457 3914/3432 4072/3459
f 3920/3457 4072/3459 3866/3458
f 3776/3455 3866/3458 3904/3460
f 3904/3460 3866/3458 4072/3459
f 3776/3455 3904/3460 3849/3461
f 3849/3461 3904/3460 3957/3462
f 3904/3460 4072/3459 4005/3463
f 3904/3460 4005/3463 3957/3462
f 4123/3464 4072/3459 3914/3432
f 4123/3464 3914/3432 3989/3424
f 4005/3463 4072/3459 4173/3465
f 4173/3465 4072/3459 4123/3464
f 3957/3462 4005/3463 4011/3466
f 4123/3464 3989/3424 4156/3467
f 4156/3467 3989/3424 4177/3422
f 3957/3462 4011/3466 4012/3468
f 4156/3467 4177/3422 4215/3469
f 4215/3469 4177/3422 4321/3429
f 4123/3464 4156/3467 4206/3470
f 4206/3470 4156/3467 4215/3469
f 4123/3464 4206/3470 4173/3465
f 4215/3469 4321/3429 4232/3437
f 4215/3469 4232/3437 4206/3470
f 4173/3465 4206/3470 4200/3471
f 4131/3472 4005/3463 4173/3465
f 4131/3472 4173/3465 4200/3471
f 4005/3463 4131/3472 4011/3466
f 4200/3471 4206/3470 4208/3473
f 4200/3471 4208/3473 4131/3472
f 4206/3470 4232/3437 4203/3474
f 4206/3470 4203/3474 4208/3473
f 4203/3474 4232/3437 4227/3475
f 4227/3475 4232/3437 4370/3436
f 4208/3473 4203/3474 4167/3476
f 4167/3476 4203/3474 4227/3475
f 4208/3473 4167/3476 4130/3477
f 4208/3473 4130/3477 4131/3472
f 4167/3476 4227/3475 4144/3478
f 4144/3478 4227/3475 4370/3436
f 4144/3478 4370/3436 4354/3441
f 4131/3472 4130/3477 4077/3479
f 4131/3472 4077/3479 4011/3466
f 4077/3479 4130/3477 3995/3480
f 4144/3478 4354/3441 4175/3481
f 4077/3479 3995/3480 4054/3482
f 4077/3479 4054/3482 4011/3466
f 4054/3482 3995/3480 4043/3483
f 4011/3466 4054/3482 4012/3468
f 4012/3468 4054/3482 4043/3483
f 4175/3481 4354/3441 4416/3401
f 4144/3478 4175/3481 3988/3484
f 4175/3481 4416/3401 4238/3485
f 4238/3485 4416/3401 4268/3400
f 4238/3485 4268/3400 4273/3398
f 4238/3485 4273/3398 4198/3486
f 4238/3485 4198/3486 4175/3481
f 4198/3486 4273/3398 4165/3399
f 4175/3481 4198/3486 4027/3487
f 4027/3487 4198/3486 4165/3399
f 4175/3481 4027/3487 3988/3484
f 4027/3487 4165/3399 3926/3488
f 3988/3484 4027/3487 3870/3489
f 3870/3489 4027/3487 3926/3488
f 3988/3484 3870/3489 3657/3490
f 3870/3489 3926/3488 3691/3491
f 1058/3492 979/3493 1117/3494
f 979/3493 1058/3492 982/3495
f 979/3493 982/3495 857/3496
f 982/3495 1058/3492 1061/3497
f 857/3496 982/3495 926/3498
f 926/3498 982/3495 1061/3497
f 857/3496 926/3498 819/3499
f 857/3496 819/3499 679/3500
f 926/3498 1061/3497 1024/3501
f 1024/3501 1061/3497 1114/3502
f 1024/3501 1114/3502 1099/3503
f 1024/3501 1099/3503 1006/3504
f 1006/3504 1099/3503 1070/3505
f 926/3498 1024/3501 938/3506
f 938/3506 1024/3501 1006/3504
f 1006/3504 1070/3505 995/3507
f 926/3498 938/3506 793/3508
f 926/3498 793/3508 819/3499
f 819/3499 793/3508 679/3500
f 995/3507 1070/3505 984/3509
f 1006/3504 995/3507 919/3510
f 919/3510 995/3507 984/3509
f 938/3506 1006/3504 896/3511
f 896/3511 1006/3504 919/3510
f 864/3512 793/3508 938/3506
f 864/3512 938/3506 896/3511
f 661/3513 679/3500 793/3508
f 661/3513 793/3508 864/3512
f 607/3514 628/3515 679/3500
f 607/3514 679/3500 661/3513
f 661/3513 864/3512 758/3516
f 758/3516 864/3512 896/3511
f 607/3514 661/3513 590/3517
f 607/3514 590/3517 565/3518
f 565/3518 590/3517 493/3519
f 590/3517 661/3513 656/3520
f 656/3520 661/3513 758/3516
f 493/3519 590/3517 505/3521
f 493/3519 505/3521 394/3522
f 590/3517 656/3520 567/3523
f 590/3517 567/3523 505/3521
f 843/3524 758/3516 896/3511
f 567/3523 656/3520 654/3525
f 843/3524 896/3511 919/3510
f 715/3526 656/3520 758/3516
f 656/3520 715/3526 654/3525
f 715/3526 758/3516 843/3524
f 540/3527 505/3521 567/3523
f 540/3527 567/3523 654/3525
f 715/3526 843/3524 701/3528
f 715/3526 701/3528 654/3525
f 839/3529 843/3524 919/3510
f 839/3529 919/3510 934/3530
f 934/3530 919/3510 984/3509
f 934/3530 984/3509 945/3531
f 934/3530 945/3531 839/3529
f 945/3531 984/3509 1083/3532
f 843/3524 839/3529 764/3533
f 843/3524 764/3533 701/3528
f 839/3529 945/3531 847/3534
f 847/3534 945/3531 927/3535
f 847/3534 927/3535 833/3536
f 839/3529 847/3534 760/3537
f 839/3529 760/3537 764/3533
f 847/3534 833/3536 749/3538
f 847/3534 749/3538 760/3537
f 749/3538 833/3536 673/3539
f 760/3537 749/3538 678/3540
f 678/3540 749/3538 673/3539
f 764/3533 760/3537 667/3541
f 760/3537 678/3540 666/3542
f 760/3537 666/3542 667/3541
f 666/3542 678/3540 627/3543
f 627/3543 678/3540 673/3539
f 627/3543 673/3539 564/3544
f 666/3542 627/3543 537/3545
f 537/3545 627/3543 564/3544
f 564/3544 673/3539 616/3546
f 663/3547 764/3533 667/3541
f 764/3533 663/3547 701/3528
f 588/3548 667/3541 666/3542
f 588/3548 666/3542 537/3545
f 663/3547 667/3541 596/3549
f 596/3549 667/3541 588/3548
f 701/3528 663/3547 629/3550
f 629/3550 663/3547 596/3549
f 701/3528 629/3550 632/3551
f 701/3528 632/3551 654/3525
f 629/3550 596/3549 604/3552
f 629/3550 604/3552 632/3551
f 654/3525 632/3551 578/3553
f 578/3553 632/3551 604/3552
f 654/3525 578/3553 540/3527
f 535/3554 596/3549 588/3548
f 535/3554 588/3548 537/3545
f 604/3552 596/3549 525/3555
f 525/3555 596/3549 535/3554
f 535/3554 537/3545 459/3556
f 604/3552 525/3555 501/3557
f 459/3556 537/3545 434/3558
f 535/3554 459/3556 410/3559
f 535/3554 410/3559 525/3555
f 410/3559 459/3556 434/3558
f 434/3558 537/3545 564/3544
f 604/3552 501/3557 514/3560
f 604/3552 514/3560 578/3553
f 425/3561 501/3557 525/3555
f 501/3557 425/3561 514/3560
f 425/3561 525/3555 410/3559
f 514/3560 425/3561 330/3562
f 425/3561 410/3559 340/3563
f 425/3561 340/3563 330/3562
f 578/3553 514/3560 442/3564
s 0
f 442/3564 514/3560 330/3562
s 1
f 578/3553 442/3564 502/3565
f 578/3553 502/3565 540/3527
f 540/3527 502/3565 411/3566
f 411/3566 502/3565 442/3564
f 540/3527 411/3566 505/3521
f 505/3521 411/3566 426/3567
f 505/3521 426/3567 394/3522
f 394/3522 426/3567 408/3568
f 394/3522 408/3568 393/3569
f 393/3569 408/3568 366/3570
f 408/3568 426/3567 423/3571
f 423/3571 426/3567 411/3566
f 366/3570 408/3568 388/3572
f 408/3568 423/3571 373/3573
f 408/3568 373/3573 388/3572
f 423/3571 411/3566 392/3574
f 423/3571 392/3574 373/3573
f 392/3574 411/3566 345/3575
f 345/3575 411/3566 442/3564
f 366/3570 388/3572 302/3576
f 366/3570 302/3576 282/3577
f 388/3572 373/3573 356/3578
f 388/3572 356/3578 302/3576
f 356/3578 373/3573 270/3579
f 356/3578 270/3579 302/3576
f 282/3577 302/3576 184/3580
f 270/3579 373/3573 299/3581
f 299/3581 373/3573 392/3574
f 302/3576 270/3579 128/3582
f 299/3581 392/3574 304/3583
f 304/3583 392/3574 345/3575
f 270/3579 299/3581 152/3584
f 270/3579 152/3584 128/3582
f 299/3581 304/3583 235/3585
f 299/3581 235/3585 152/3584
f 304/3583 345/3575 276/3586
f 304/3583 276/3586 235/3585
f 276/3586 345/3575 442/3564
f 235/3585 276/3586 153/3587
f 153/3587 276/3586 442/3564
f 152/3584 235/3585 157/3588
f 157/3588 235/3585 153/3587
f 1890/3589 128/3582 152/3584
f 128/3582 1890/3589 2095/3590
f 1890/3589 152/3584 32/3591
f 128/3582 2095/3590 89/3592
f 1890/3589 32/3591 2020/3593
f 128/3582 89/3592 302/3576
f 302/3576 89/3592 184/3580
f 32/3591 152/3584 1901/3594
f 32/3591 1901/3594 2020/3593
f 1901/3594 152/3584 157/3588
f 2020/3593 1901/3594 1994/3595
f 1901/3594 157/3588 1867/3596
f 1901/3594 1867/3596 1994/3595
f 1867/3596 157/3588 153/3587
f 1994/3595 1867/3596 105/3597
f 105/3597 1867/3596 153/3587
f 1994/3595 105/3597 1871/3598
f 1994/3595 1871/3598 2119/3599
f 2119/3599 1871/3598 2099/3600
f 1871/3598 105/3597 86/3601
f 2099/3600 1871/3598 1954/3602
f 1954/3602 1871/3598 86/3601
f 2099/3600 1954/3602 2302/3603
f 105/3597 153/3587 197/3604
f 105/3597 197/3604 86/3601
f 197/3604 153/3587 293/3605
f 293/3605 153/3587 442/3564
f 293/3605 442/3564 330/3562
f 197/3604 293/3605 294/3606
f 294/3606 293/3605 330/3562
f 294/3606 330/3562 351/3607
f 351/3607 330/3562 340/3563
f 197/3604 294/3606 233/3608
f 189/3609 86/3601 197/3604
f 189/3609 197/3604 233/3608
f 233/3608 294/3606 239/3610
f 239/3610 294/3606 351/3607
f 189/3609 233/3608 198/3611
f 198/3611 233/3608 239/3610
f 189/3609 198/3611 131/3612
f 86/3601 189/3609 155/3613
f 155/3613 189/3609 131/3612
f 131/3612 198/3611 178/3614
f 131/3612 178/3614 155/3613
f 198/3611 239/3610 280/3615
f 198/3611 280/3615 178/3614
f 86/3601 155/3613 77/3616
f 86/3601 77/3616 1954/3602
f 155/3613 178/3614 145/3617
f 155/3613 145/3617 77/3616
f 77/3616 145/3617 177/3618
f 77/3616 177/3618 1954/3602
f 145/3617 178/3614 195/3619
f 145/3617 195/3619 177/3618
f 195/3619 178/3614 213/3620
f 213/3620 178/3614 280/3615
f 195/3619 213/3620 267/3621
f 195/3619 267/3621 177/3618
f 213/3620 280/3615 316/3622
f 213/3620 316/3622 267/3621
f 315/3623 280/3615 239/3610
f 315/3623 239/3610 351/3607
f 315/3623 351/3607 350/3624
f 350/3624 351/3607 340/3563
f 350/3624 340/3563 315/3623
f 315/3623 340/3563 280/3615
f 280/3615 340/3563 316/3622
f 316/3622 340/3563 317/3625
f 316/3622 317/3625 267/3621
f 317/3625 340/3563 410/3559
f 267/3621 317/3625 262/3626
f 267/3621 262/3626 177/3618
f 317/3625 410/3559 331/3627
f 317/3625 331/3627 262/3626
f 262/3626 331/3627 177/3618
f 331/3627 410/3559 434/3558
f 177/3618 331/3627 221/3628
f 331/3627 434/3558 322/3629
f 331/3627 322/3629 221/3628
f 177/3618 221/3628 11/3630
f 322/3629 434/3558 471/3631
f 471/3631 434/3558 564/3544
f 221/3628 322/3629 135/3632
f 221/3628 135/3632 11/3630
f 322/3629 471/3631 469/3633
f 322/3629 469/3633 135/3632
f 471/3631 564/3544 551/3634
f 471/3631 551/3634 469/3633
f 551/3634 564/3544 616/3546
f 551/3634 616/3546 553/3635
f 551/3634 553/3635 469/3633
f 11/3630 1954/3602 177/3618
f 469/3633 553/3635 436/3636
f 436/3636 553/3635 435/3637
f 436/3636 435/3637 341/3638
f 469/3633 436/3636 338/3639
f 338/3639 436/3636 341/3638
f 469/3633 338/3639 135/3632
f 338/3639 341/3638 181/3640
f 135/3632 338/3639 21/3641
f 135/3632 21/3641 11/3630
f 21/3641 338/3639 181/3640
f 11/3630 21/3641 2012/3642
f 21/3641 181/3640 2033/3643
f 21/3641 2033/3643 2012/3642
f 11/3630 2012/3642 2018/3644
f 11/3630 2018/3644 1954/3602
f 2018/3644 2012/3642 2338/3645
f 2338/3645 2012/3642 2033/3643
f 1954/3602 2018/3644 2275/3646
f 2275/3646 2018/3644 2338/3645
f 1954/3602 2275/3646 2302/3603
f 2302/3603 2275/3646 2400/3647
f 2400/3647 2275/3646 2407/3648
f 2407/3648 2275/3646 2338/3645
f 2400/3647 2407/3648 2467/3649
f 2467/3649 2407/3648 2472/3650
f 2467/3649 2472/3650 2562/3651
f 2562/3651 2472/3650 2407/3648
f 2562/3651 2407/3648 2625/3652
f 2625/3652 2407/3648 2338/3645
f 2700/3653 2849/3654 2562/3651
f 2700/3653 2562/3651 2625/3652
f 2700/3653 2625/3652 2961/3655
f 2961/3655 2625/3652 2945/3656
f 2625/3652 2338/3645 2565/3657
f 2625/3652 2565/3657 2945/3656
f 2565/3657 2338/3645 2033/3643
f 2945/3656 2565/3657 2851/3658
f 2565/3657 2033/3643 2315/3659
f 2565/3657 2315/3659 2851/3658
f 2315/3659 2033/3643 2076/3660
f 2076/3660 2033/3643 181/3640
f 2851/3658 2315/3659 2299/3661
f 2299/3661 2315/3659 2076/3660
f 2076/3660 181/3640 1990/3662
f 2076/3660 1990/3662 2299/3661
f 1990/3662 181/3640 188/3663
f 2299/3661 1990/3662 2234/3664
f 2299/3661 2234/3664 2444/3665
f 2851/3658 2299/3661 2732/3666
f 2732/3666 2299/3661 2444/3665
f 3029/3667 2945/3656 2851/3658
f 3029/3667 2851/3658 2732/3666
f 2945/3656 3029/3667 3170/3668
f 2732/3666 2444/3665 2976/3669
f 2732/3666 2976/3669 3029/3667
f 2976/3669 2444/3665 2775/3670
f 3029/3667 2976/3669 3214/3671
f 2976/3669 2775/3670 3160/3672
f 3214/3671 2976/3669 3524/3673
f 3524/3673 2976/3669 3160/3672
f 3524/3673 3160/3672 3496/3674
f 3496/3674 3160/3672 3192/3675
f 3496/3674 3192/3675 3540/3676
f 3579/3677 3762/3678 3939/3679
f 3579/3677 3939/3679 3636/3680
f 2873/3681 3113/3682 3579/3677
f 3579/3677 3636/3680 3171/3683
f 3579/3677 3171/3683 2873/3681
f 2873/3681 3171/3683 2508/3684
f 2873/3681 2508/3684 2277/3685
f 2277/3685 2508/3684 1873/3686
f 2508/3684 3171/3683 2927/3687
f 3171/3683 3636/3680 3516/3688
f 3171/3683 3516/3688 2927/3687
f 3516/3688 3636/3680 3642/3689
f 3642/3689 3636/3680 4105/3690
f 3516/3688 3642/3689 3322/3691
f 3516/3688 3322/3691 2927/3687
f 3322/3691 3642/3689 3424/3692
f 3424/3692 3642/3689 3605/3693
f 2927/3687 3322/3691 3173/3694
f 3173/3694 3322/3691 3424/3692
f 3424/3692 3605/3693 3382/3695
f 3424/3692 3382/3695 3173/3694
f 3173/3694 3382/3695 3059/3696
f 2927/3687 3173/3694 2829/3697
f 2829/3697 3173/3694 3059/3696
f 2927/3687 2829/3697 2349/3698
f 2927/3687 2349/3698 2508/3684
f 2829/3697 3059/3696 2698/3699
f 2829/3697 2698/3699 2486/3700
f 2829/3697 2486/3700 2349/3698
f 2486/3700 2698/3699 2791/3701
f 2791/3701 2698/3699 3059/3696
f 2349/3698 2486/3700 2197/3702
f 2508/3684 2349/3698 2117/3703
f 2508/3684 2117/3703 1873/3686
f 2117/3703 2349/3698 2087/3704
f 2087/3704 2349/3698 2197/3702
f 1873/3686 2117/3703 82/3705
f 1873/3686 82/3705 296/3706
f 2117/3703 2087/3704 1920/3707
f 2117/3703 1920/3707 82/3705
f 1920/3707 2087/3704 1946/3708
f 1946/3708 2087/3704 2197/3702
f 82/3705 1920/3707 102/3709
f 296/3706 82/3705 362/3710
f 296/3706 362/3710 418/3711
f 418/3711 362/3710 563/3712
f 82/3705 102/3709 231/3713
f 82/3705 231/3713 362/3710
f 102/3709 1920/3707 92/3714
f 92/3714 1920/3707 1946/3708
f 231/3713 102/3709 190/3715
f 190/3715 102/3709 92/3714
f 563/3712 362/3710 532/3716
f 563/3712 532/3716 693/3717
f 693/3717 532/3716 636/3718
f 532/3716 362/3710 460/3719
f 532/3716 460/3719 636/3718
f 693/3717 636/3718 971/3720
f 311/3721 362/3710 231/3713
f 362/3710 311/3721 460/3719
f 217/3722 231/3713 190/3715
f 231/3713 217/3722 311/3721
f 460/3719 311/3721 306/3723
f 306/3723 311/3721 217/3722
f 1127/3724 1038/3725 971/3720
f 1127/3724 971/3720 1047/3726
f 1047/3726 971/3720 636/3718
f 1127/3724 1047/3726 1212/3727
f 1212/3727 1047/3726 1101/3728
f 1101/3728 1047/3726 1051/3729
f 1101/3728 1051/3729 1169/3730
f 1047/3726 636/3718 880/3731
f 1047/3726 880/3731 1051/3729
f 1051/3729 880/3731 1020/3732
f 1051/3729 1020/3732 1097/3733
f 1020/3732 880/3731 902/3734
f 1020/3732 902/3734 1003/3735
f 880/3731 636/3718 612/3736
f 880/3731 612/3736 902/3734
f 612/3736 636/3718 460/3719
f 1003/3735 902/3734 876/3737
f 612/3736 460/3719 474/3738
f 876/3737 902/3734 759/3739
f 902/3734 612/3736 556/3740
f 902/3734 556/3740 759/3739
f 556/3740 612/3736 474/3738
f 876/3737 759/3739 732/3741
f 474/3738 460/3719 306/3723
f 732/3741 759/3739 680/3742
f 732/3741 680/3742 735/3743
f 759/3739 556/3740 494/3744
f 494/3744 556/3740 474/3738
f 680/3742 759/3739 445/3745
f 445/3745 759/3739 494/3744
f 680/3742 445/3745 389/3746
f 389/3746 445/3745 248/3747
f 248/3747 445/3745 494/3744
f 248/3747 494/3744 474/3738
f 248/3747 474/3738 175/3748
f 175/3748 474/3738 306/3723
f 175/3748 306/3723 210/3749
f 175/3748 210/3749 71/3750
f 210/3749 306/3723 217/3722
f 71/3750 210/3749 122/3751
f 122/3751 210/3749 182/3752
f 210/3749 217/3722 212/3753
f 210/3749 212/3753 182/3752
f 122/3751 182/3752 121/3754
f 121/3754 182/3752 212/3753
f 122/3751 121/3754 46/3755
f 46/3755 121/3754 127/3756
f 127/3756 121/3754 136/3757
f 136/3757 121/3754 212/3753
f 176/3758 212/3753 217/3722
f 176/3758 217/3722 190/3715
f 136/3757 212/3753 148/3759
f 148/3759 212/3753 176/3758
f 176/3758 190/3715 92/3714
f 136/3757 148/3759 78/3760
f 136/3757 78/3760 72/3761
f 72/3761 78/3760 35/3762
f 78/3760 148/3759 107/3763
f 107/3763 148/3759 176/3758
f 35/3762 78/3760 37/3764
f 37/3764 78/3760 107/3763
f 35/3762 37/3764 1886/3765
f 35/3762 1886/3765 1899/3766
f 37/3764 107/3763 14/3767
f 37/3764 14/3767 1886/3765
f 107/3763 176/3758 48/3768
f 107/3763 48/3768 14/3767
f 83/3769 176/3758 92/3714
f 176/3758 83/3769 48/3768
f 83/3769 92/3714 1946/3708
f 1886/3765 14/3767 1860/3770
f 1860/3770 14/3767 48/3768
f 1886/3765 1860/3770 1969/3771
f 48/3768 83/3769 15/3772
f 48/3768 15/3772 1860/3770
f 83/3769 1946/3708 1962/3773
f 83/3769 1962/3773 15/3772
f 1962/3773 1946/3708 2197/3702
f 1860/3770 15/3772 1964/3774
f 1860/3770 1964/3774 1969/3771
f 1964/3774 15/3772 1921/3775
f 1921/3775 15/3772 1962/3773
f 1969/3771 1964/3774 2048/3776
f 1964/3774 1921/3775 1979/3777
f 1979/3777 1921/3775 1962/3773
f 1964/3774 1979/3777 2048/3776
f 1979/3777 1962/3773 2053/3778
f 1979/3777 2053/3778 2048/3776
f 2053/3778 1962/3773 2155/3779
f 2053/3778 2155/3779 2048/3776
f 2155/3779 1962/3773 2197/3702
f 2194/3780 1969/3771 2048/3776
f 2155/3779 2197/3702 2310/3781
f 2310/3781 2197/3702 2486/3700
f 2048/3776 2155/3779 2218/3782
f 2048/3776 2218/3782 2194/3780
f 2218/3782 2155/3779 2310/3781
f 2194/3780 2218/3782 2352/3783
f 2352/3783 2218/3782 2310/3781
f 2194/3780 2352/3783 2474/3784
f 2474/3784 2352/3783 2310/3781
f 2194/3780 2474/3784 2545/3785
f 2310/3781 2486/3700 2791/3701
f 2310/3781 2791/3701 2474/3784
f 2545/3785 2474/3784 2663/3786
f 2474/3784 2791/3701 2821/3787
f 2474/3784 2821/3787 2663/3786
f 2821/3787 2791/3701 2959/3788
f 2959/3788 2791/3701 3059/3696
f 2663/3786 2821/3787 2926/3789
f 2926/3789 2821/3787 2959/3788
f 2663/3786 2926/3789 3039/3790
f 2663/3786 3039/3790 2970/3791
f 2926/3789 2959/3788 2983/3792
f 2926/3789 2983/3792 3039/3790
f 2970/3791 3039/3790 3230/3793
f 2983/3792 2959/3788 3041/3794
f 2983/3792 3041/3794 3039/3790
f 3041/3794 2959/3788 3059/3696
f 3230/3793 3039/3790 3175/3795
f 3175/3795 3039/3790 3041/3794
f 3175/3795 3041/3794 3059/3696
f 3230/3793 3175/3795 3295/3796
f 3175/3795 3059/3696 3382/3695
f 3175/3795 3382/3695 3295/3796
f 68/3797 98/3798 194/3799
f 98/3798 68/3797 6/3800
f 68/3797 194/3799 184/3580
f 6/3800 68/3797 1919/3801
f 6/3800 1919/3801 1903/3802
f 68/3797 184/3580 56/3803
f 56/3803 184/3580 89/3592
f 1919/3801 68/3797 1887/3804
f 1887/3804 68/3797 56/3803
f 1919/3801 1887/3804 2114/3805
f 56/3803 89/3592 1914/3806
f 56/3803 1914/3806 1887/3804
f 1914/3806 89/3592 2035/3807
f 1887/3804 1914/3806 2029/3808
f 3635/3809 3467/3810 3472/3811
f 3635/3809 3472/3811 3617/3812
f 3635/3809 3617/3812 3850/3813
f 3472/3811 3467/3810 3333/3814
f 3617/3812 3472/3811 3354/3815
f 3354/3815 3472/3811 3333/3814
f 3333/3814 3467/3810 3343/3816
f 3343/3816 3467/3810 3426/3817
f 3343/3816 3426/3817 3429/3818
f 3343/3816 3429/3818 3362/3819
f 3362/3819 3429/3818 3462/3820
f 3362/3819 3462/3820 3388/3821
f 3362/3819 3388/3821 3264/3822
f 3343/3816 3362/3819 3209/3823
f 3343/3816 3209/3823 3333/3814
f 3362/3819 3264/3822 3207/3824
f 3362/3819 3207/3824 3209/3823
f 3207/3824 3264/3822 3206/3825
f 3207/3824 3206/3825 3075/3826
f 3207/3824 3075/3826 3053/3827
f 3207/3824 3053/3827 3209/3823
f 3053/3827 3075/3826 2929/3828
f 3209/3823 3053/3827 3051/3829
f 3051/3829 3053/3827 2929/3828
f 3222/3830 3333/3814 3209/3823
f 3222/3830 3209/3823 3051/3829
f 3333/3814 3222/3830 3354/3815
f 3051/3829 2929/3828 2876/3831
f 2876/3831 2929/3828 2706/3832
f 2876/3831 2706/3832 2591/3833
f 3222/3830 3051/3829 3092/3834
f 3354/3815 3222/3830 3317/3835
f 3317/3835 3222/3830 3092/3834
f 3092/3834 3051/3829 2955/3836
f 2955/3836 3051/3829 2876/3831
f 3092/3834 2955/3836 3112/3837
f 3092/3834 3112/3837 3317/3835
f 2955/3836 2876/3831 2764/3838
f 2764/3838 2876/3831 2591/3833
f 3112/3837 2955/3836 2971/3839
f 2971/3839 2955/3836 2764/3838
f 3317/3835 3112/3837 3326/3840
f 3326/3840 3112/3837 2971/3839
f 3473/3841 3354/3815 3317/3835
f 3354/3815 3473/3841 3617/3812
f 3317/3835 3326/3840 3625/3842
f 3317/3835 3625/3842 3473/3841
f 3617/3812 3473/3841 3759/3843
f 3759/3843 3473/3841 3625/3842
f 3617/3812 3759/3843 3850/3813
f 3850/3813 3759/3843 3873/3844
f 3873/3844 3759/3843 3625/3842
f 3850/3813 3873/3844 3984/3845
f 3984/3845 3873/3844 3966/3846
f 3873/3844 3625/3842 3649/3847
f 3873/3844 3649/3847 3966/3846
f 3649/3847 3625/3842 3401/3848
f 3966/3846 3649/3847 3794/3849
f 3794/3849 3649/3847 3627/3850
f 3627/3850 3649/3847 3401/3848
f 3966/3846 3794/3849 3999/3851
f 3966/3846 3999/3851 4222/3852
f 3966/3846 4222/3852 4205/3853
f 4205/3853 4222/3852 4285/3854
f 4285/3854 4222/3852 4165/3855
f 4165/3855 4222/3852 3999/3851
f 4165/3855 3999/3851 3926/3856
f 3926/3856 3999/3851 3794/3849
f 3926/3856 3794/3849 3627/3850
f 3926/3856 3627/3850 3386/3857
f 3926/3856 3386/3857 3691/3858
f 3386/3857 3627/3850 3202/3859
f 3691/3858 3386/3857 3301/3860
f 3657/3861 3870/3862 3691/3858
f 3657/3861 3691/3858 3301/3860
f 3301/3860 3386/3857 3119/3863
f 3119/3863 3386/3857 3202/3859
f 3301/3860 3119/3863 2993/3864
f 3119/3863 3202/3859 2869/3865
f 3119/3863 2869/3865 2993/3864
f 3121/3866 3202/3859 3627/3850
f 3301/3860 2993/3864 3306/3867
f 3301/3860 3306/3867 3657/3861
f 3121/3866 3627/3850 3401/3848
f 3202/3859 3121/3866 2827/3868
f 3202/3859 2827/3868 2869/3865
f 3121/3866 3401/3848 3116/3869
f 2641/3870 2993/3864 2869/3865
f 3121/3866 3116/3869 2673/3871
f 3121/3866 2673/3871 2827/3868
f 2673/3871 3116/3869 2571/3872
f 2827/3868 2673/3871 2161/3873
f 2673/3871 2571/3872 2343/3874
f 2673/3871 2343/3874 2161/3873
f 2343/3874 2571/3872 2765/3875
f 2765/3875 2571/3872 3116/3869
f 2161/3873 2343/3874 2186/3876
f 2827/3868 2161/3873 2095/3877
f 2095/3877 2161/3873 89/3878
f 89/3878 2161/3873 2035/3879
f 2035/3879 2161/3873 2186/3876
f 2186/3876 2343/3874 2270/3880
f 2186/3876 2270/3880 2035/3879
f 2270/3880 2343/3874 2765/3875
f 2035/3879 2270/3880 2029/3881
f 2035/3879 2029/3881 1914/3882
f 2253/3883 2827/3868 2095/3877
f 2827/3868 2253/3883 2869/3865
f 2253/3883 2095/3877 1890/3884
f 2869/3865 2253/3883 2439/3885
f 2253/3883 1890/3884 2181/3886
f 2253/3883 2181/3886 2439/3885
f 2181/3886 1890/3884 2020/3887
f 2869/3865 2439/3885 2641/3870
f 2181/3886 2020/3887 2119/3888
f 2119/3888 2020/3887 1994/3889
f 2439/3885 2181/3886 2271/3890
f 2271/3890 2181/3886 2119/3888
f 2439/3885 2271/3890 2641/3870
f 2271/3890 2119/3888 2432/3891
f 2432/3891 2119/3888 2099/3892
f 2641/3870 2271/3890 2618/3893
f 2618/3893 2271/3890 2432/3891
f 2432/3891 2099/3892 2302/3894
f 2641/3870 2618/3893 2921/3895
f 2432/3891 2302/3894 2494/3896
f 2618/3893 2432/3891 2681/3897
f 2618/3893 2681/3897 2921/3895
f 2681/3897 2432/3891 2494/3896
f 2641/3870 2921/3895 2993/3864
f 2494/3896 2302/3894 2400/3898
f 2993/3864 2921/3895 3115/3899
f 2921/3895 2681/3897 2815/3900
f 2921/3895 2815/3900 3115/3899
f 2993/3864 3115/3899 3306/3867
f 2494/3896 2400/3898 2449/3901
f 2449/3901 2400/3898 2467/3902
f 2687/3903 2681/3897 2494/3896
f 2681/3897 2687/3903 2815/3900
f 2494/3896 2449/3901 2554/3904
f 2494/3896 2554/3904 2687/3903
f 2815/3900 2687/3903 2686/3905
f 2686/3905 2687/3903 2554/3904
f 3184/3906 3115/3899 2815/3900
f 2554/3904 2449/3901 2563/3907
f 2554/3904 2563/3907 2686/3905
f 2815/3900 2686/3905 2923/3908
f 2815/3900 2923/3908 3184/3906
f 2686/3905 2563/3907 2666/3909
f 2923/3908 2686/3905 2872/3910
f 2872/3910 2686/3905 2666/3909
f 2923/3908 2872/3910 3048/3911
f 2923/3908 3048/3911 3184/3906
f 2872/3910 2666/3909 2730/3912
f 2872/3910 2730/3912 2924/3913
f 2872/3910 2924/3913 3048/3911
f 2730/3912 2666/3909 2648/3914
f 3048/3911 2924/3913 3107/3915
f 2648/3914 2666/3909 2573/3916
f 2573/3916 2666/3909 2563/3907
f 2648/3914 2573/3916 2590/3917
f 2648/3914 2590/3917 2635/3918
f 2635/3918 2590/3917 2649/3919
f 2573/3916 2563/3907 2557/3920
f 2573/3916 2557/3920 2590/3917
f 2557/3920 2563/3907 2449/3901
f 2649/3919 2590/3917 2622/3921
f 2622/3921 2590/3917 2557/3920
f 2649/3919 2622/3921 2722/3922
f 2557/3920 2449/3901 2467/3902
f 2722/3922 2622/3921 2734/3923
f 2722/3922 2734/3923 2857/3924
f 2622/3921 2557/3920 2695/3925
f 2622/3921 2695/3925 2734/3923
f 2557/3920 2467/3902 2558/3926
f 2557/3920 2558/3926 2695/3925
f 2558/3926 2467/3902 2562/3927
f 2857/3924 2734/3923 2947/3928
f 2947/3928 2734/3923 2695/3925
f 2857/3924 2947/3928 3110/3929
f 3110/3929 2947/3928 2962/3930
f 2947/3928 2695/3925 2703/3931
f 2947/3928 2703/3931 2962/3930
f 2703/3931 2695/3925 2558/3926
f 2703/3931 2558/3926 2562/3927
f 2962/3930 2703/3931 2849/3932
f 2849/3932 2703/3931 2562/3927
f 1067/3933 966/3934 988/3935
f 988/3935 966/3934 897/3936
f 1067/3933 988/3935 1120/3937
f 1067/3933 1120/3937 1198/3938
f 988/3935 897/3936 949/3939
f 988/3935 949/3939 1120/3937
f 949/3939 897/3936 823/3940
f 823/3940 897/3936 814/3941
f 1198/3938 1120/3937 1173/3942
f 1198/3938 1173/3942 1296/3943
f 1173/3942 1120/3937 1107/3944
f 1120/3937 949/3939 1001/3945
f 1120/3937 1001/3945 1107/3944
f 1001/3945 949/3939 854/3946
f 854/3946 949/3939 823/3940
f 823/3940 814/3941 756/3947
f 756/3947 814/3941 668/3948
f 854/3946 823/3940 695/3949
f 1001/3945 854/3946 837/3950
f 837/3950 854/3946 695/3949
f 1001/3945 837/3950 936/3951
f 1001/3945 936/3951 1107/3944
f 936/3951 837/3950 739/3952
f 1107/3944 936/3951 975/3953
f 975/3953 936/3951 739/3952
f 739/3952 837/3950 700/3954
f 700/3954 837/3950 695/3949
f 610/3955 695/3949 823/3940
f 610/3955 823/3940 756/3947
f 695/3949 610/3955 396/3956
f 610/3955 756/3947 467/3957
f 610/3955 467/3957 396/3956
f 467/3957 756/3947 458/3958
f 463/3959 756/3947 668/3948
f 756/3947 463/3959 458/3958
f 463/3959 668/3948 453/3960
f 463/3959 453/3960 397/3961
f 463/3959 397/3961 458/3958
f 397/3961 453/3960 379/3962
f 397/3961 379/3962 310/3963
f 458/3958 397/3961 337/3964
f 337/3964 397/3961 310/3963
f 346/3965 467/3957 458/3958
f 467/3957 346/3965 396/3956
f 458/3958 337/3964 246/3966
f 458/3958 246/3966 346/3965
f 337/3964 310/3963 230/3967
f 337/3964 230/3967 246/3966
f 320/3968 228/3969 310/3963
f 310/3963 228/3969 230/3967
f 346/3965 246/3966 8/3970
f 246/3966 230/3967 120/3971
f 246/3966 120/3971 8/3970
f 230/3967 228/3969 108/3972
f 120/3971 230/3967 115/3973
f 115/3973 230/3967 108/3972
f 108/3972 228/3969 67/3974
f 67/3974 228/3969 158/3975
f 67/3974 158/3975 70/3976
f 108/3972 67/3974 1959/3977
f 67/3974 70/3976 1918/3978
f 67/3974 1918/3978 1959/3977
f 1918/3978 70/3976 1850/3979
f 1918/3978 1850/3979 1968/3980
f 1968/3980 1850/3979 1903/3981
f 1918/3978 1968/3980 2069/3982
f 1918/3978 2069/3982 1959/3977
f 1959/3977 2069/3982 2106/3983
f 1852/3984 108/3972 1959/3977
f 108/3972 1852/3984 115/3973
f 1959/3977 2106/3983 2002/3985
f 1959/3977 2002/3985 1852/3984
f 115/3973 1852/3984 1864/3986
f 1864/3986 1852/3984 2002/3985
f 115/3973 1864/3986 120/3971
f 2002/3985 2106/3983 2047/3987
f 2002/3985 2047/3987 1864/3986
f 120/3971 1864/3986 1971/3988
f 1864/3986 2047/3987 1984/3989
f 1864/3986 1984/3989 1971/3988
f 2047/3987 2106/3983 2263/3990
f 2263/3990 2106/3983 2214/3991
f 1984/3989 2047/3987 2177/3992
f 2177/3992 2047/3987 2263/3990
f 1984/3989 2177/3992 1971/3988
f 120/3971 1971/3988 8/3970
f 2177/3992 2263/3990 2465/3993
f 2465/3993 2263/3990 2591/3994
f 2465/3993 2591/3994 2706/3995
f 2177/3992 2465/3993 2333/3996
f 2177/3992 2333/3996 1971/3988
f 2333/3996 2465/3993 2706/3995
f 8/3970 1971/3988 2049/3997
f 2049/3997 1971/3988 2333/3996
f 2333/3996 2706/3995 2371/3998
f 2333/3996 2371/3998 2049/3997
f 2371/3998 2706/3995 2678/3999
f 2678/3999 2706/3995 2929/4000
f 2049/3997 2371/3998 2122/4001
f 2049/3997 2122/4001 8/3970
f 2371/3998 2678/3999 2529/4002
f 2371/3998 2529/4002 2122/4001
f 2678/3999 2929/4000 2922/4003
f 2678/3999 2922/4003 2529/4002
f 2922/4003 2929/4000 3075/4004
f 8/3970 2122/4001 39/4005
f 8/3970 39/4005 346/3965
f 346/3965 39/4005 396/3956
f 2922/4003 3075/4004 3094/4006
f 3094/4006 3075/4004 3206/4007
f 3094/4006 3206/4007 3264/4008
f 39/4005 2122/4001 2128/4009
f 2429/4010 2122/4001 2529/4002
f 2429/4010 2529/4002 2922/4003
f 2122/4001 2429/4010 2128/4009
f 2922/4003 3094/4006 2778/4011
f 2922/4003 2778/4011 2429/4010
f 2429/4010 2778/4011 2617/4012
f 2429/4010 2617/4012 2128/4009
f 2778/4011 3094/4006 2964/4013
f 2778/4011 2964/4013 2617/4012
f 2964/4013 3094/4006 3278/4014
f 3278/4014 3094/4006 3264/4008
f 2617/4012 2964/4013 3178/4015
f 3178/4015 2964/4013 3278/4014
f 2128/4009 2617/4012 2445/4016
f 2617/4012 3178/4015 3066/4017
f 2617/4012 3066/4017 2445/4016
f 3066/4017 3178/4015 3493/4018
f 3493/4018 3178/4015 3278/4014
f 2445/4016 3066/4017 3508/4019
f 3508/4019 3066/4017 3493/4018
f 3508/4019 3493/4018 4082/4020
f 2445/4016 3508/4019 2670/4021
f 4082/4020 3493/4018 4182/4022
f 4182/4022 3493/4018 3603/4023
f 3603/4023 3493/4018 3278/4014
f 4182/4022 3603/4023 3730/4024
f 3730/4024 3603/4023 3593/4025
f 3593/4025 3603/4023 3278/4014
f 3730/4024 3593/4025 3778/4026
f 3593/4025 3278/4014 3478/4027
f 3593/4025 3478/4027 3778/4026
f 3478/4027 3278/4014 3264/4008
f 3778/4026 3478/4027 3595/4028
f 3478/4027 3264/4008 3388/4029
f 3595/4028 3478/4027 3462/4030
f 3462/4030 3478/4027 3388/4029
f 2772/4031 2314/4032 2670/4021
f 2670/4021 2314/4032 2175/4033
f 2670/4021 2175/4033 2445/4016
f 2175/4033 2314/4032 2086/4034
f 2086/4034 2314/4032 2061/4035
f 2445/4016 2175/4033 1963/4036
f 2445/4016 1963/4036 2128/4009
f 2175/4033 2086/4034 53/4037
f 2175/4033 53/4037 1963/4036
f 2086/4034 2061/4035 130/4038
f 2128/4009 1963/4036 201/4039
f 201/4039 1963/4036 53/4037
f 2128/4009 201/4039 39/4005
f 130/4038 2061/4035 103/4040
f 39/4005 201/4039 396/3956
f 93/4041 53/4037 2086/4034
f 93/4041 2086/4034 130/4038
f 201/4039 53/4037 334/4042
f 334/4042 53/4037 93/4041
f 396/3956 201/4039 446/4043
f 130/4038 103/4040 253/4044
f 253/4044 103/4040 353/4045
f 93/4041 130/4038 355/4046
f 93/4041 355/4046 334/4042
f 130/4038 253/4044 412/4047
f 130/4038 412/4047 355/4046
f 253/4044 353/4045 405/4048
f 253/4044 405/4048 412/4047
f 405/4048 353/4045 541/4049
f 513/4050 201/4039 334/4042
f 513/4050 334/4042 355/4046
f 201/4039 513/4050 446/4043
f 513/4050 355/4046 700/3954
f 700/3954 355/4046 412/4047
f 446/4043 513/4050 613/4051
f 613/4051 513/4050 700/3954
f 446/4043 613/4051 396/3956
f 396/3956 613/4051 695/3949
f 695/3949 613/4051 700/3954
f 700/3954 412/4047 739/3952
f 739/3952 412/4047 803/4052
f 739/3952 803/4052 975/3953
f 561/4053 412/4047 405/4048
f 412/4047 561/4053 803/4052
f 561/4053 405/4048 541/4049
f 561/4053 541/4049 687/4054
f 561/4053 687/4054 803/4052
f 687/4054 541/4049 728/4055
f 975/3953 803/4052 1025/4056
f 1025/4056 803/4052 687/4054
f 687/4054 728/4055 960/4057
f 687/4054 960/4057 1025/4056
f 960/4057 728/4055 842/4058
f 960/4057 842/4058 1082/4059
f 960/4057 1082/4059 1025/4056
f 1025/4056 1082/4059 1106/4060
f 975/3953 1025/4056 1072/4061
f 975/3953 1072/4061 1107/3944
f 1025/4056 1106/4060 1163/4062
f 1025/4056 1163/4062 1072/4061
f 1106/4060 1082/4059 1156/4063
f 1106/4060 1156/4063 1163/4062
f 1156/4063 1082/4059 1159/4064
f 1156/4063 1159/4064 1232/4065
f 1156/4063 1232/4065 1215/4066
f 1156/4063 1215/4066 1163/4062
f 1210/4067 1107/3944 1072/4061
f 1107/3944 1210/4067 1173/3942
f 1177/4068 1072/4061 1163/4062
f 1072/4061 1177/4068 1210/4067
f 1163/4062 1215/4066 1261/4069
f 1261/4069 1215/4066 1325/4070
f 1261/4069 1325/4070 1298/4071
f 1163/4062 1261/4069 1213/4072
f 1163/4062 1213/4072 1177/4068
f 1213/4072 1261/4069 1298/4071
f 1301/4073 1173/3942 1210/4067
f 1173/3942 1301/4073 1296/3943
f 1247/4074 1210/4067 1177/4068
f 1296/3943 1301/4073 1347/4075
f 1296/3943 1347/4075 1383/4076
f 1383/4076 1347/4075 1406/4077
f 1406/4077 1347/4075 1336/4078
f 1336/4078 1347/4075 1301/4073
f 1406/4077 1336/4078 1386/4079
f 1287/4080 1301/4073 1210/4067
f 1287/4080 1210/4067 1247/4074
f 1301/4073 1287/4080 1336/4078
f 1287/4080 1247/4074 1289/4081
f 1287/4080 1289/4081 1336/4078
f 1244/4082 1247/4074 1177/4068
f 1244/4082 1177/4068 1213/4072
f 1247/4074 1244/4082 1289/4081
f 1244/4082 1213/4072 1254/4083
f 1254/4083 1213/4072 1298/4071
f 1289/4081 1244/4082 1389/4084
f 1389/4084 1244/4082 1254/4083
f 1254/4083 1298/4071 1334/4085
f 1254/4083 1334/4085 1389/4084
f 1334/4085 1298/4071 1423/4086
f 1423/4086 1298/4071 1442/4087
f 1334/4085 1423/4086 1491/4088
f 1334/4085 1491/4088 1389/4084
f 1389/4084 1491/4088 1456/4089
f 1389/4084 1456/4089 1427/4090
f 1389/4084 1427/4090 1289/4081
f 1289/4081 1427/4090 1357/4091
f 1357/4091 1427/4090 1571/4092
f 1289/4081 1357/4091 1336/4078
f 1357/4091 1571/4092 1582/4093
f 1336/4078 1357/4091 1387/4094
f 1387/4094 1357/4091 1582/4093
f 1336/4078 1387/4094 1386/4079
f 1387/4094 1582/4093 1465/4095
f 1386/4079 1387/4094 1349/4096
f 1349/4096 1387/4094 1465/4095
f 1919/4097 1982/4098 1903/4099
f 1903/4099 1982/4098 1968/4100
f 1982/4098 1919/4097 2114/4101
f 1968/4100 1982/4098 2139/4102
f 1968/4100 2139/4102 2069/4103
f 1982/4098 2114/4101 2189/4104
f 1982/4098 2189/4104 2139/4102
f 1887/4105 2029/3881 2114/4101
f 2114/4101 2029/3881 2270/3880
f 2114/4101 2270/3880 2433/4106
f 2114/4101 2433/4106 2189/4104
f 2433/4106 2270/3880 2765/3875
f 2139/4102 2189/4104 2492/4107
f 2492/4107 2189/4104 2433/4106
f 2433/4106 2765/3875 2740/4108
f 2433/4106 2740/4108 2492/4107
f 2740/4108 2765/3875 3106/4109
f 2492/4107 2740/4108 2861/4110
f 2861/4110 2740/4108 3106/4109
f 2139/4102 2492/4107 2441/4111
f 2441/4111 2492/4107 2861/4110
f 2139/4102 2441/4111 2214/4112
f 2139/4102 2214/4112 2069/4103
f 2069/4103 2214/4112 2106/4113
f 2214/4112 2441/4111 2398/4114
f 2214/4112 2398/4114 2263/4115
f 2263/4115 2398/4114 2591/3833
f 2398/4114 2441/4111 2619/4116
f 2398/4114 2619/4116 2591/3833
f 2619/4116 2441/4111 2861/4110
f 2591/3833 2619/4116 2764/3838
f 2764/3838 2619/4116 2971/3839
f 2971/3839 2619/4116 2861/4110
f 2971/3839 2861/4110 3106/4109
f 2971/3839 3106/4109 3326/3840
f 3326/3840 3106/4109 3363/4117
f 3326/3840 3363/4117 3625/3842
f 3625/3842 3363/4117 3401/3848
f 3363/4117 3106/4109 3114/4118
f 3363/4117 3114/4118 3401/3848
f 3114/4118 3106/4109 2765/3875
f 3401/3848 3114/4118 3116/3869
f 3116/3869 3114/4118 2765/3875
f 1735/4119 1696/4120 1722/4121
f 1722/4121 1696/4120 1792/4122
f 1831/4123 1792/4122 1822/4124
f 1822/4124 1792/4122 1770/4125
f 1770/4125 1792/4122 1696/4120
f 1822/4124 1770/4125 1833/4126
f 1822/4124 1833/4126 1840/4127
f 1833/4126 1770/4125 1720/4128
f 1770/4125 1696/4120 1666/4129
f 1704/4130 1696/4120 1735/4119
f 1704/4130 1735/4119 1571/4131
f 1666/4129 1696/4120 1634/4132
f 1634/4132 1696/4120 1704/4130
f 1666/4129 1634/4132 1650/4133
f 1704/4130 1571/4131 1669/4134
f 1704/4130 1669/4134 1634/4132
f 1669/4134 1571/4131 1427/4135
f 1634/4132 1669/4134 1559/4136
f 1634/4132 1559/4136 1600/4137
f 1669/4134 1427/4135 1543/4138
f 1669/4134 1543/4138 1559/4136
f 1543/4138 1427/4135 1456/4139
f 1600/4137 1559/4136 1561/4140
f 1543/4138 1456/4139 1494/4141
f 1543/4138 1494/4141 1559/4136
f 1494/4141 1456/4139 1491/4142
f 1559/4136 1494/4141 1486/4143
f 1486/4143 1494/4141 1491/4142
f 1561/4140 1559/4136 1515/4144
f 1515/4144 1559/4136 1486/4143
f 1515/4144 1486/4143 1491/4142
f 1561/4140 1515/4144 1530/4145
f 1515/4144 1491/4142 1423/4146
f 4281/4147 4364/4148 3778/4149
f 4364/4148 4281/4147 4577/4150
f 3778/4149 4364/4148 3730/4151
f 3730/4151 4364/4148 4291/4152
f 3730/4151 4291/4152 4182/4153
f 4708/4154 4751/4155 4725/4156
f 4708/4154 4725/4156 4676/4157
f 4708/4154 4676/4157 4643/4158
f 4725/4156 4751/4155 4743/4159
s 0
f 4643/4158 4676/4157 4586/4160
s 1
f 4643/4158 4586/4160 4577/4161
f 4577/4161 4586/4160 4364/4162
f 4364/4162 4586/4160 4560/4163
f 4560/4163 4586/4160 4676/4157
f 4364/4162 4560/4163 4291/4164
f 4667/4165 4676/4157 4725/4156
f 4676/4157 4667/4165 4560/4163
f 4291/4164 4560/4163 4407/4166
f 4291/4164 4407/4166 4182/4167
f 4182/4167 4407/4166 4082/4168
f 4407/4166 4560/4163 4556/4169
f 4556/4169 4560/4163 4667/4165
f 4082/4168 4407/4166 4132/4170
f 4082/4168 4132/4170 3508/4171
f 4407/4166 4556/4169 4440/4172
f 4407/4166 4440/4172 4132/4170
f 4556/4169 4667/4165 4589/4173
f 4556/4169 4589/4173 4440/4172
f 3508/4171 4132/4170 3567/4174
f 3508/4171 3567/4174 2670/4175
f 4132/4170 4440/4172 4154/4176
f 4132/4170 4154/4176 3567/4174
f 2670/4175 3567/4174 3307/4177
f 2670/4175 3307/4177 2772/4178
f 3567/4174 4154/4176 3908/4179
f 3567/4174 3908/4179 3307/4177
f 4154/4176 4440/4172 4481/4180
f 2772/4178 3307/4177 3251/4181
f 3251/4181 3307/4177 3908/4179
f 2772/4178 3251/4181 2965/4182
f 2772/4178 2965/4182 2548/4183
f 3908/4179 4154/4176 4247/4184
f 4247/4184 4154/4176 4481/4180
f 3908/4179 4247/4184 4286/4185
f 4286/4185 4247/4184 4481/4180
f 2548/4183 2965/4182 2997/4186
f 2548/4183 2997/4186 2389/4187
f 2389/4187 2997/4186 2656/4188
f 2997/4186 2965/4182 3319/4189
f 3319/4189 2965/4182 3251/4181
f 2656/4188 2997/4186 3084/4190
f 3084/4190 2997/4186 3319/4189
f 3319/4189 3251/4181 3717/4191
f 3717/4191 3251/4181 3908/4179
f 3084/4190 3319/4189 3591/4192
f 3591/4192 3319/4189 3717/4191
f 3717/4191 3908/4179 4101/4193
f 4101/4193 3908/4179 4286/4185
f 3717/4191 4101/4193 3591/4192
f 4101/4193 4286/4185 4394/4194
f 4394/4194 4286/4185 4481/4180
f 3591/4192 4101/4193 3835/4195
f 3835/4195 4101/4193 4245/4196
f 4245/4196 4101/4193 4394/4194
f 3591/4192 3835/4195 3718/4197
f 3835/4195 4245/4196 4124/4198
f 3835/4195 4124/4198 3718/4197
f 3591/4192 3718/4197 3229/4199
f 3591/4192 3229/4199 3084/4190
f 3718/4197 4124/4198 4044/4200
f 4124/4198 4245/4196 4373/4201
f 4124/4198 4373/4201 4044/4200
f 4465/4202 4245/4196 4394/4194
f 4245/4196 4465/4202 4373/4201
f 3718/4197 4044/4200 3479/4203
f 3718/4197 3479/4203 3229/4199
f 3479/4203 4044/4200 3860/4204
f 2812/4205 3084/4190 3229/4199
f 3084/4190 2812/4205 2656/4188
f 2656/4188 2812/4205 2241/4206
f 2656/4188 2241/4206 2109/4207
f 2241/4206 2812/4205 2752/4208
f 2752/4208 2812/4205 3229/4199
f 2241/4206 2752/4208 2060/4209
f 3195/4210 3229/4199 3479/4203
f 3229/4199 3195/4210 2752/4208
f 3195/4210 3479/4203 3454/4211
f 3454/4211 3479/4203 3860/4204
f 2752/4208 3195/4210 3093/4212
f 3093/4212 3195/4210 3454/4211
f 2060/4209 2752/4208 2525/4213
f 2525/4213 2752/4208 3093/4212
f 2060/4209 2525/4213 2130/4214
f 2130/4214 2525/4213 2242/4215
f 2130/4214 2242/4215 36/4216
f 36/4216 2242/4215 247/4217
f 2242/4215 2525/4213 2907/4218
f 2907/4218 2525/4213 3093/4212
f 247/4217 2242/4215 2104/4219
f 247/4217 2104/4219 209/4220
f 2242/4215 2907/4218 2646/4221
f 2242/4215 2646/4221 2104/4219
f 2907/4218 3093/4212 3172/4222
f 3172/4222 3093/4212 3454/4211
f 2907/4218 3172/4222 2646/4221
f 209/4220 2104/4219 2188/4223
f 2188/4223 2104/4219 2646/4221
f 3172/4222 3454/4211 3743/4224
f 3743/4224 3454/4211 3860/4204
f 2646/4221 3172/4222 3088/4225
f 3172/4222 3743/4224 3402/4226
f 3172/4222 3402/4226 3088/4225
f 3402/4226 3743/4224 3842/4227
f 2646/4221 3088/4225 2793/4228
f 2646/4221 2793/4228 2188/4223
f 3088/4225 3402/4226 3498/4229
f 3498/4229 3402/4226 3842/4227
f 2793/4228 3088/4225 3109/4230
f 3109/4230 3088/4225 3498/4229
f 2188/4223 2793/4228 2606/4231
f 2606/4231 2793/4228 3109/4230
f 2188/4223 2606/4231 2120/4232
f 2606/4231 3109/4230 2592/4233
f 2606/4231 2592/4233 2120/4232
f 3109/4230 3498/4229 3457/4234
f 3109/4230 3457/4234 3367/4235
f 3109/4230 3367/4235 2592/4233
f 3457/4234 3498/4229 3825/4236
f 3825/4236 3498/4229 3842/4227
f 3367/4235 3457/4234 3814/4237
f 3814/4237 3457/4234 3825/4236
f 2592/4233 3367/4235 3166/4238
f 3367/4235 3814/4237 3680/4239
f 3367/4235 3680/4239 3166/4238
f 3166/4238 3680/4239 3450/4240
f 3680/4239 3814/4237 4041/4241
f 3450/4240 3680/4239 3695/4242
f 3695/4242 3680/4239 4041/4241
f 3814/4237 3825/4236 4058/4243
f 3814/4237 4058/4243 4041/4241
f 3166/4238 3450/4240 3138/4244
f 3138/4244 3450/4240 3695/4242
f 3166/4238 3138/4244 2847/4245
f 3166/4238 2847/4245 2592/4233
f 4058/4243 3825/4236 4096/4246
f 4096/4246 3825/4236 3842/4227
f 2592/4233 2847/4245 2272/4247
f 2592/4233 2272/4247 2120/4232
f 2847/4245 3138/4244 2658/4248
f 2120/4232 2272/4247 1998/4249
f 2272/4247 2847/4245 2256/4250
f 2256/4250 2847/4245 2658/4248
f 2272/4247 2256/4250 1998/4249
f 2120/4232 1998/4249 60/4251
f 2120/4232 60/4251 172/4252
f 2120/4232 172/4252 2188/4223
f 2188/4223 172/4252 209/4220
f 209/4220 172/4252 390/4253
f 172/4252 60/4251 288/4254
f 288/4254 60/4251 1998/4249
f 172/4252 288/4254 475/4255
f 288/4254 1998/4249 245/4256
f 288/4254 245/4256 558/4257
f 245/4256 1998/4249 1958/4258
f 1958/4258 1998/4249 2256/4250
f 1958/4258 2256/4250 2142/4259
f 245/4256 1958/4258 57/4260
f 57/4260 1958/4258 2142/4259
f 245/4256 57/4260 386/4261
f 245/4256 386/4261 609/4262
f 386/4261 57/4260 264/4263
f 2142/4259 2256/4250 2658/4248
f 386/4261 264/4263 489/4264
f 386/4261 489/4264 686/4265
f 264/4263 57/4260 45/4266
f 45/4266 57/4260 2142/4259
f 489/4264 264/4263 309/4267
f 309/4267 264/4263 45/4266
f 520/4268 707/4269 489/4264
f 520/4268 489/4264 309/4267
f 45/4266 2142/4259 2151/4270
f 309/4267 45/4266 1900/4271
f 1900/4271 45/4266 2151/4270
f 2151/4270 2142/4259 2551/4272
f 2551/4272 2142/4259 2658/4248
f 1900/4271 2151/4270 2391/4273
f 2391/4273 2151/4270 2551/4272
f 2551/4272 2658/4248 2859/4274
f 2391/4273 2551/4272 2818/4275
f 2818/4275 2551/4272 2859/4274
f 2859/4274 2658/4248 3148/4276
f 2859/4274 3148/4276 2818/4275
f 1900/4271 2391/4273 2278/4277
f 2278/4277 2391/4273 2818/4275
f 1900/4271 2278/4277 100/4278
f 1900/4271 100/4278 309/4267
f 2278/4277 2818/4275 2609/4279
f 100/4278 2278/4277 2136/4280
f 2136/4280 2278/4277 2609/4279
f 309/4267 100/4278 321/4281
f 321/4281 100/4278 2136/4280
f 309/4267 321/4281 520/4268
f 2136/4280 2609/4279 2211/4282
f 2136/4280 2211/4282 321/4281
f 520/4268 321/4281 587/4283
f 520/4268 587/4283 669/4284
f 587/4283 321/4281 483/4285
f 698/4286 587/4283 601/4287
f 601/4287 587/4283 483/4285
f 483/4285 321/4281 289/4288
f 289/4288 321/4281 2211/4282
f 601/4287 483/4285 586/4289
f 601/4287 586/4289 871/4290
f 483/4285 289/4288 216/4291
f 289/4288 2211/4282 47/4292
f 289/4288 47/4292 216/4291
f 586/4289 483/4285 419/4293
f 419/4293 483/4285 216/4291
f 586/4289 419/4293 554/4294
f 586/4289 554/4294 672/4295
f 419/4293 216/4291 161/4296
f 216/4291 47/4292 2024/4297
f 216/4291 2024/4297 161/4296
f 419/4293 161/4296 287/4298
f 419/4293 287/4298 554/4294
f 672/4295 554/4294 557/4299
f 557/4299 554/4294 287/4298
f 672/4295 557/4299 789/4300
f 789/4300 557/4299 581/4301
f 581/4301 557/4299 371/4302
f 371/4302 557/4299 287/4298
f 1913/4303 287/4298 161/4296
f 287/4298 1913/4303 371/4302
f 371/4302 1913/4303 301/4304
f 1913/4303 161/4296 2024/4297
f 1913/4303 2024/4297 2166/4305
f 1913/4303 2166/4305 2084/4306
f 2084/4306 2166/4305 2230/4307
f 2230/4307 2166/4305 2446/4308
f 2166/4305 2024/4297 2470/4309
f 2166/4305 2470/4309 2446/4308
f 2446/4308 2470/4309 2809/4310
f 2446/4308 2809/4310 2996/4311
f 2446/4308 2996/4311 2757/4312
f 2809/4310 2470/4309 3135/4313
f 2809/4310 3135/4313 2996/4311
f 2757/4312 2996/4311 3156/4314
f 2327/4315 2470/4309 2024/4297
f 2327/4315 2024/4297 47/4292
f 2327/4315 47/4292 2211/4282
f 2470/4309 2327/4315 2781/4316
f 2470/4309 2781/4316 3135/4313
f 2327/4315 2211/4282 2615/4317
f 2327/4315 2615/4317 2781/4316
f 2615/4317 2211/4282 2609/4279
f 2781/4316 2615/4317 3079/4318
f 3079/4318 2615/4317 2609/4279
f 3135/4313 2781/4316 3124/4319
f 3124/4319 2781/4316 3079/4318
f 3079/4318 2609/4279 3021/4320
f 3021/4320 2609/4279 2818/4275
f 3124/4319 3079/4318 3501/4321
f 3135/4313 3124/4319 3590/4322
f 3590/4322 3124/4319 3501/4321
f 3501/4321 3079/4318 3329/4323
f 3329/4323 3079/4318 3021/4320
f 3021/4320 2818/4275 3132/4324
f 3329/4323 3021/4320 3370/4325
f 3370/4325 3021/4320 3132/4324
f 3132/4324 2818/4275 3148/4276
f 3132/4324 3148/4276 3392/4326
f 3132/4324 3392/4326 3370/4325
f 3501/4321 3329/4323 3721/4327
f 3721/4327 3329/4323 3370/4325
f 3501/4321 3721/4327 3905/4328
f 3501/4321 3905/4328 3590/4322
s 0
f 3721/4327 3370/4325 3894/4329
s 1
f 3905/4328 3721/4327 4119/4330
f 4119/4330 3721/4327 3894/4329
f 3894/4329 3370/4325 3737/4331
f 3737/4331 3370/4325 3392/4326
f 3894/4329 3737/4331 4209/4332
f 3894/4329 4209/4332 4119/4330
f 3737/4331 3392/4326 4031/4333
f 3737/4331 4031/4333 4209/4332
f 4037/4334 3590/4322 3905/4328
f 4210/4335 3905/4328 4119/4330
f 3905/4328 4210/4335 4037/4334
f 4119/4330 4209/4332 4451/4336
f 4210/4335 4119/4330 4402/4337
f 4402/4337 4119/4330 4451/4336
f 4210/4335 4402/4337 4329/4338
f 4210/4335 4329/4338 4037/4334
f 4451/4336 4209/4332 4409/4339
f 4409/4339 4209/4332 4031/4333
f 4402/4337 4451/4336 4594/4340
f 4451/4336 4409/4339 4532/4341
f 4451/4336 4532/4341 4594/4340
f 4329/4338 4402/4337 4535/4342
f 4535/4342 4402/4337 4594/4340
f 4532/4341 4409/4339 4541/4343
f 4329/4338 4535/4342 4417/4344
f 4409/4339 4031/4333 4401/4345
s 0
f 4409/4339 4401/4345 4541/4343
s 1
f 4401/4345 4031/4333 4155/4346
f 4155/4346 4031/4333 3801/4347
f 3801/4347 4031/4333 3392/4326
f 4401/4345 4155/4346 4433/4348
f 4155/4346 3801/4347 4099/4349
f 4155/4346 4099/4349 4433/4348
f 3801/4347 3392/4326 3491/4350
f 3491/4350 3392/4326 3148/4276
f 3801/4347 3491/4350 3766/4351
f 3801/4347 3766/4351 4099/4349
f 3491/4350 3148/4276 3315/4352
f 3491/4350 3315/4352 3766/4351
f 3315/4352 3148/4276 2658/4248
f 3315/4352 2658/4248 3138/4244
f 3315/4352 3138/4244 3695/4242
f 3315/4352 3695/4242 3766/4351
f 3766/4351 3695/4242 4099/4349
f 4099/4349 3695/4242 4041/4241
f 4099/4349 4041/4241 4349/4353
f 4099/4349 4349/4353 4433/4348
f 4349/4353 4041/4241 4332/4354
f 4332/4354 4041/4241 4058/4243
f 4433/4348 4349/4353 4575/4355
f 4332/4354 4058/4243 4288/4356
f 4288/4356 4058/4243 4096/4246
f 4332/4354 4288/4356 4497/4357
f 4349/4353 4332/4354 4566/4358
f 4566/4358 4332/4354 4497/4357
f 4349/4353 4566/4358 4575/4355
f 4497/4357 4288/4356 4562/4359
f 4497/4357 4562/4359 4566/4358
f 4288/4356 4096/4246 4365/4360
f 4288/4356 4365/4360 4562/4359
f 4566/4358 4562/4359 4635/4361
f 4566/4358 4635/4361 4575/4355
f 4635/4361 4562/4359 4665/4362
f 4575/4355 4635/4361 4682/4363
f 4682/4363 4635/4361 4665/4362
f 4544/4364 4433/4348 4575/4355
f 4433/4348 4544/4364 4401/4345
f 4401/4345 4544/4364 4541/4343
f 4544/4364 4575/4355 4612/4365
f 4544/4364 4612/4365 4541/4343
f 4612/4365 4575/4355 4682/4363
f 4541/4343 4612/4365 4636/4366
f 4612/4365 4682/4363 4698/4367
f 4612/4365 4698/4367 4636/4366
f 4541/4343 4636/4366 4629/4368
f 4541/4343 4629/4368 4532/4341
f 4636/4366 4698/4367 4707/4369
f 4636/4366 4707/4369 4629/4368
f 4532/4341 4629/4368 4594/4340
f 4594/4340 4629/4368 4680/4370
f 4680/4370 4629/4368 4707/4369
f 4594/4340 4680/4370 4691/4371
f 4680/4370 4707/4369 4740/4372
f 4680/4370 4740/4372 4691/4371
f 4594/4340 4691/4371 4653/4373
f 4594/4340 4653/4373 4535/4342
f 4691/4371 4740/4372 4704/4374
f 4691/4371 4704/4374 4653/4373
f 4535/4342 4653/4373 4574/4375
f 4535/4342 4574/4375 4417/4344
f 4653/4373 4704/4374 4699/4376
f 4574/4375 4653/4373 4642/4377
f 4642/4377 4653/4373 4699/4376
f 4417/4344 4574/4375 4526/4378
f 4526/4378 4574/4375 4642/4377
f 4526/4378 4642/4377 4597/4379
f 4597/4379 4642/4377 4693/4380
f 4693/4380 4642/4377 4699/4376
f 4693/4380 4699/4376 4726/4381
f 4728/4382 4699/4376 4704/4374
f 4699/4376 4728/4382 4726/4381
f 4728/4382 4704/4374 4740/4372
f 4726/4381 4728/4382 4758/4383
f 4758/4383 4728/4382 4740/4372
f 4726/4381 4758/4383 4747/4384
f 4771/4385 4758/4383 4784/4386
f 4784/4386 4758/4383 4782/4387
f 4782/4387 4758/4383 4740/4372
f 4784/4386 4782/4387 4800/4388
f 4800/4388 4782/4387 4798/4389
f 4800/4388 4798/4389 4811/4390
f 4811/4390 4798/4389 4820/4391
f 4782/4387 4740/4372 4755/4392
f 4755/4392 4740/4372 4707/4369
f 4798/4389 4782/4387 4778/4393
f 4778/4393 4782/4387 4755/4392
f 4755/4392 4707/4369 4736/4394
f 4755/4392 4736/4394 4778/4393
f 4736/4394 4707/4369 4698/4367
f 4813/4395 4820/4391 4798/4389
f 4820/4391 4813/4395 4832/4396
f 4798/4389 4778/4393 4789/4397
f 4798/4389 4789/4397 4813/4395
f 4778/4393 4736/4394 4763/4398
f 4778/4393 4763/4398 4789/4397
f 4736/4394 4698/4367 4719/4399
f 4719/4399 4698/4367 4682/4363
f 4736/4394 4719/4399 4752/4400
f 4736/4394 4752/4400 4763/4398
f 4719/4399 4682/4363 4729/4401
f 4719/4399 4729/4401 4752/4400
f 4729/4401 4682/4363 4665/4362
f 4763/4398 4752/4400 4739/4402
s 0
f 4739/4402 4752/4400 4729/4401
s 1
f 4786/4403 4789/4397 4763/4398
f 4789/4397 4786/4403 4813/4395
f 4763/4398 4739/4402 4780/4404
f 4763/4398 4780/4404 4786/4403
f 4739/4402 4729/4401 4712/4405
f 4712/4405 4729/4401 4665/4362
f 4780/4404 4739/4402 4746/4406
f 4746/4406 4739/4402 4712/4405
f 4813/4395 4786/4403 4810/4407
f 4786/4403 4780/4404 4807/4408
f 4786/4403 4807/4408 4810/4407
f 4712/4405 4665/4362 4703/4409
f 4712/4405 4703/4409 4746/4406
f 4807/4408 4780/4404 4785/4410
f 4785/4410 4780/4404 4746/4406
f 4810/4407 4807/4408 4821/4411
f 4810/4407 4821/4411 4813/4395
f 4807/4408 4785/4410 4808/4412
f 4807/4408 4808/4412 4821/4411
f 4813/4395 4821/4411 4829/4413
f 4829/4413 4821/4411 4808/4412
f 4813/4395 4829/4413 4832/4396
f 4832/4396 4829/4413 4831/4414
f 4831/4414 4829/4413 4825/4415
f 4775/4416 4785/4410 4746/4406
f 4785/4410 4775/4416 4808/4412
f 4829/4413 4808/4412 4814/4417
f 4829/4413 4814/4417 4825/4415
f 4808/4412 4775/4416 4788/4418
f 4814/4417 4808/4412 4794/4419
f 4794/4419 4808/4412 4788/4418
f 4825/4415 4814/4417 4809/4420
f 4809/4420 4814/4417 4794/4419
f 4825/4415 4809/4420 4815/4421
f 4825/4415 4815/4421 4827/4422
f 4788/4418 4775/4416 4773/4423
f 4788/4418 4773/4423 4794/4419
f 4815/4421 4809/4420 4793/4424
f 4793/4424 4809/4420 4794/4419
f 4815/4421 4793/4424 4795/4425
f 4815/4421 4795/4425 4812/4426
f 4812/4426 4795/4425 4790/4427
f 4793/4424 4794/4419 4769/4428
f 4793/4424 4769/4428 4795/4425
f 4769/4428 4794/4419 4773/4423
f 4790/4427 4795/4425 4768/4429
f 4768/4429 4795/4425 4769/4428
f 4790/4427 4768/4429 4766/4430
f 4790/4427 4766/4430 4770/4431
f 4770/4431 4766/4430 4751/4155
f 4751/4155 4766/4430 4743/4159
f 4743/4159 4766/4430 4768/4429
f 4743/4159 4768/4429 4769/4428
f 4743/4159 4769/4428 4741/4432
f 4737/4433 4769/4428 4773/4423
f 4769/4428 4737/4433 4741/4432
f 4743/4159 4741/4432 4718/4434
f 4737/4433 4773/4423 4748/4435
f 4748/4435 4773/4423 4757/4436
f 4757/4436 4773/4423 4775/4416
f 4748/4435 4757/4436 4727/4437
f 4748/4435 4727/4437 4737/4433
f 4757/4436 4775/4416 4738/4438
f 4738/4438 4775/4416 4746/4406
f 4738/4438 4746/4406 4703/4409
f 4757/4436 4738/4438 4722/4439
f 4757/4436 4722/4439 4727/4437
f 4722/4439 4738/4438 4703/4409
f 4727/4437 4722/4439 4697/4440
f 4722/4439 4703/4409 4694/4441
f 4722/4439 4694/4441 4697/4440
f 4694/4441 4703/4409 4633/4442
f 4633/4442 4703/4409 4665/4362
f 4694/4441 4633/4442 4625/4443
f 4694/4441 4625/4443 4697/4440
f 4633/4442 4665/4362 4572/4444
f 4572/4444 4665/4362 4562/4359
f 4572/4444 4562/4359 4365/4360
f 4633/4442 4572/4444 4546/4445
f 4546/4445 4572/4444 4365/4360
f 4633/4442 4546/4445 4625/4443
f 4546/4445 4365/4360 4343/4446
f 4625/4443 4546/4445 4474/4447
f 4474/4447 4546/4445 4343/4446
f 4343/4446 4365/4360 4147/4448
f 4147/4448 4365/4360 4096/4246
f 4147/4448 4096/4246 3842/4227
f 4343/4446 4147/4448 4242/4449
f 4343/4446 4242/4449 4474/4447
f 4147/4448 3842/4227 3973/4450
f 4147/4448 3973/4450 4242/4449
f 3973/4450 3842/4227 3743/4224
f 3973/4450 3743/4224 3860/4204
f 3973/4450 3860/4204 4126/4451
f 3973/4450 4126/4451 4242/4449
f 4126/4451 3860/4204 4044/4200
f 4126/4451 4044/4200 4373/4201
f 4242/4449 4126/4451 4319/4452
f 4319/4452 4126/4451 4373/4201
f 4496/4453 4474/4447 4242/4449
f 4496/4453 4242/4449 4319/4452
f 4474/4447 4496/4453 4625/4443
f 4319/4452 4373/4201 4500/4454
f 4319/4452 4500/4454 4496/4453
f 4625/4443 4496/4453 4622/4455
f 4622/4455 4496/4453 4500/4454
f 4625/4443 4622/4455 4697/4440
f 4500/4454 4373/4201 4568/4456
f 4500/4454 4568/4456 4622/4455
f 4568/4456 4373/4201 4465/4202
s 0
f 4697/4440 4622/4455 4623/4457
s 1
f 4623/4457 4622/4455 4568/4456
f 4568/4456 4465/4202 4579/4458
f 4568/4456 4579/4458 4623/4457
f 4579/4458 4465/4202 4394/4194
f 4697/4440 4623/4457 4688/4459
f 4697/4440 4688/4459 4727/4437
f 4727/4437 4688/4459 4737/4433
f 4688/4459 4623/4457 4649/4460
f 4649/4460 4623/4457 4579/4458
f 4737/4433 4688/4459 4695/4461
f 4695/4461 4688/4459 4649/4460
f 4737/4433 4695/4461 4702/4462
f 4702/4462 4695/4461 4649/4460
f 4737/4433 4702/4462 4741/4432
f 4741/4432 4702/4462 4718/4434
f 4584/4463 4579/4458 4394/4194
f 4579/4458 4584/4463 4649/4460
f 4584/4463 4394/4194 4481/4180
f 4702/4462 4649/4460 4650/4464
f 4650/4464 4649/4460 4584/4463
f 4584/4463 4481/4180 4573/4465
f 4584/4463 4573/4465 4650/4464
f 4573/4465 4481/4180 4440/4172
f 4573/4465 4440/4172 4589/4173
f 4650/4464 4573/4465 4673/4466
f 4650/4464 4673/4466 4702/4462
f 4673/4466 4573/4465 4589/4173
f 4702/4462 4673/4466 4718/4434
f 4673/4466 4589/4173 4679/4467
f 4673/4466 4679/4467 4718/4434
f 4679/4467 4589/4173 4667/4165
f 4718/4434 4679/4467 4717/4468
f 4717/4468 4679/4467 4667/4165
f 4718/4434 4717/4468 4743/4159
f 4717/4468 4667/4165 4725/4156
f 4717/4468 4725/4156 4743/4159
f 1846/4469 1833/4470 1802/4471
f 1802/4471 1833/4470 1720/4472
f 1802/4471 1720/4472 1756/4473
f 1666/4474 1720/4472 1770/4475
f 1720/4472 1666/4474 1650/4476
f 1720/4472 1650/4476 1756/4473
f 1600/4477 1650/4476 1634/4478
f 1650/4476 1600/4477 1591/4479
f 1591/4479 1600/4477 1561/4480
f 1591/4479 1561/4480 1530/4481
f 1756/4473 1650/4476 1609/4482
f 1609/4482 1650/4476 1591/4479
f 1756/4473 1609/4482 1700/4483
f 1756/4473 1700/4483 1774/4484
f 1774/4484 1700/4483 1726/4485
f 1700/4483 1609/4482 1519/4486
f 1609/4482 1591/4479 1547/4487
f 1609/4482 1547/4487 1519/4486
f 1519/4486 1547/4487 1467/4488
f 1547/4487 1591/4479 1528/4489
f 1547/4487 1528/4489 1467/4488
f 1528/4489 1591/4479 1525/4490
f 1525/4490 1591/4479 1530/4481
f 1700/4483 1519/4486 1477/4491
f 1477/4491 1519/4486 1467/4488
f 1691/4492 1726/4485 1700/4483
f 1691/4492 1700/4483 1477/4491
f 1726/4485 1691/4492 1713/4493
f 1726/4485 1713/4493 1748/4494
f 1713/4493 1691/4492 1676/4495
f 1691/4492 1477/4491 1579/4496
f 1691/4492 1579/4496 1676/4495
f 1579/4496 1477/4491 1484/4497
f 1484/4497 1477/4491 1503/4498
f 1579/4496 1484/4497 1529/4499
f 1529/4499 1484/4497 1503/4498
f 1579/4496 1529/4499 1592/4500
f 1579/4496 1592/4500 1676/4495
f 1592/4500 1529/4499 1610/4501
f 1592/4500 1610/4501 1676/4495
f 1610/4501 1529/4499 1573/4502
f 1573/4502 1529/4499 1503/4498
f 1468/4503 1503/4498 1477/4491
f 1468/4503 1477/4491 1467/4488
f 1676/4495 1610/4501 1694/4504
f 1712/4505 1713/4493 1676/4495
f 1712/4505 1676/4495 1694/4504
f 1713/4493 1712/4505 1755/4506
f 1755/4506 1712/4505 1773/4507
f 1712/4505 1694/4504 1757/4508
f 1712/4505 1757/4508 1773/4507
f 1694/4504 1610/4501 1629/4509
f 1629/4509 1610/4501 1573/4502
f 1694/4504 1629/4509 1658/4510
f 1629/4509 1573/4502 1602/4511
f 1629/4509 1602/4511 1658/4510
f 1694/4504 1658/4510 1719/4512
f 1694/4504 1719/4512 1757/4508
f 1658/4510 1602/4511 1674/4513
f 1658/4510 1674/4513 1719/4512
f 1602/4511 1573/4502 1668/4514
f 1674/4513 1602/4511 1614/4515
f 1614/4515 1602/4511 1668/4514
f 1674/4513 1614/4515 1708/4516
f 1674/4513 1708/4516 1719/4512
f 1789/4517 1757/4508 1719/4512
f 1789/4517 1719/4512 1708/4516
f 1757/4508 1789/4517 1810/4518
f 1757/4508 1810/4518 1782/4519
f 1757/4508 1782/4519 1773/4507
f 1782/4519 1810/4518 1817/4520
f 1817/4520 1810/4518 1789/4517
f 1773/4507 1782/4519 1772/4521
f 1789/4517 1708/4516 1707/4522
f 1782/4519 1817/4520 1775/4523
f 1782/4519 1775/4523 1772/4521
f 1707/4522 1708/4516 1625/4524
f 1625/4524 1708/4516 1614/4515
f 1625/4524 1614/4515 1688/4525
f 1688/4525 1614/4515 1668/4514
f 1707/4522 1625/4524 1632/4526
f 1632/4526 1625/4524 1688/4525
f 1707/4522 1632/4526 1714/4527
f 1707/4522 1714/4527 1789/4517
f 1632/4526 1688/4525 1690/4528
f 1714/4527 1632/4526 1618/4529
f 1618/4529 1632/4526 1690/4528
f 1690/4528 1688/4525 1682/4530
f 1618/4529 1690/4528 1651/4531
f 1681/4532 1688/4525 1668/4514
f 1688/4525 1681/4532 1682/4530
f 1681/4532 1668/4514 1638/4533
f 1714/4527 1618/4529 1616/4534
f 1616/4534 1618/4529 1651/4531
f 1797/4535 1789/4517 1714/4527
f 1789/4517 1797/4535 1817/4520
f 1714/4527 1616/4534 1692/4536
f 1797/4535 1714/4527 1716/4537
f 1716/4537 1714/4527 1692/4536
f 1692/4536 1616/4534 1606/4538
f 1606/4538 1616/4534 1651/4531
f 1692/4536 1606/4538 1667/4539
f 1692/4536 1667/4539 1716/4537
f 1667/4539 1606/4538 1595/4540
f 1667/4539 1595/4540 1716/4537
f 1595/4540 1606/4538 1651/4531
f 1723/4541 1797/4535 1716/4537
f 1716/4537 1595/4540 1677/4542
f 1716/4537 1677/4542 1723/4541
f 1801/4543 1817/4520 1797/4535
f 1801/4543 1797/4535 1723/4541
f 1595/4540 1651/4531 1624/4544
f 1677/4542 1595/4540 1578/4545
f 1578/4545 1595/4540 1624/4544
f 1578/4545 1624/4544 1601/4546
f 1677/4542 1578/4545 1551/4547
f 1551/4547 1578/4545 1601/4546
f 1601/4546 1624/4544 1589/4548
f 1601/4546 1589/4548 1551/4547
f 1656/4549 1624/4544 1651/4531
f 1624/4544 1656/4549 1589/4548
f 1656/4549 1651/4531 1690/4528
f 1656/4549 1690/4528 1682/4530
f 1656/4549 1682/4530 1653/4550
f 1653/4550 1682/4530 1560/4551
f 1656/4549 1653/4550 1611/4552
f 1611/4552 1653/4550 1560/4551
f 1656/4549 1611/4552 1570/4553
f 1656/4549 1570/4553 1589/4548
f 1570/4553 1611/4552 1546/4554
f 1546/4554 1611/4552 1510/4555
f 1510/4555 1611/4552 1560/4551
f 1588/4556 1560/4551 1682/4530
f 1588/4556 1682/4530 1681/4532
f 1510/4555 1560/4551 1526/4557
f 1588/4556 1681/4532 1544/4558
f 1526/4557 1560/4551 1568/4559
f 1568/4559 1560/4551 1588/4556
f 1510/4555 1526/4557 1415/4560
f 1526/4557 1568/4559 1508/4561
f 1526/4557 1508/4561 1415/4560
f 1544/4558 1681/4532 1638/4533
f 1372/4562 1546/4554 1510/4555
f 1372/4562 1510/4555 1415/4560
f 1546/4554 1372/4562 1464/4563
f 1546/4554 1464/4563 1570/4553
f 1372/4562 1415/4560 1318/4564
f 1570/4553 1464/4563 1411/4565
f 1372/4562 1318/4564 1272/4566
f 1372/4562 1272/4566 1464/4563
f 1318/4564 1415/4560 1280/4567
f 1570/4553 1411/4565 1589/4548
f 1318/4564 1280/4567 1176/4568
f 1318/4564 1176/4568 1272/4566
f 1464/4563 1272/4566 1344/4569
f 1464/4563 1344/4569 1411/4565
f 1344/4569 1272/4566 1255/4570
f 1411/4565 1344/4569 1333/4571
f 1333/4571 1344/4569 1255/4570
f 1255/4570 1272/4566 1123/4572
f 1123/4572 1272/4566 1176/4568
f 1333/4571 1255/4570 1164/4573
f 1164/4573 1255/4570 1123/4572
f 1411/4565 1333/4571 1288/4574
f 1288/4574 1333/4571 1164/4573
f 1400/4575 1589/4548 1411/4565
f 1400/4575 1411/4565 1288/4574
f 1589/4548 1400/4575 1398/4576
f 1400/4575 1288/4574 1286/4577
f 1400/4575 1286/4577 1398/4576
f 1589/4548 1398/4576 1493/4578
f 1589/4548 1493/4578 1551/4547
f 1493/4578 1398/4576 1384/4579
f 1551/4547 1493/4578 1513/4580
f 1513/4580 1493/4578 1384/4579
f 1551/4547 1513/4580 1608/4581
f 1551/4547 1608/4581 1677/4542
f 1513/4580 1384/4579 1533/4582
f 1513/4580 1533/4582 1608/4581
f 1384/4579 1398/4576 1304/4583
f 1304/4583 1398/4576 1286/4577
f 1533/4582 1384/4579 1396/4584
f 1396/4584 1384/4579 1304/4583
f 1608/4581 1533/4582 1532/4585
f 1532/4585 1533/4582 1396/4584
f 1622/4586 1677/4542 1608/4581
f 1622/4586 1608/4581 1532/4585
f 1677/4542 1622/4586 1723/4541
f 1396/4584 1304/4583 1362/4587
f 1532/4585 1396/4584 1404/4588
f 1404/4588 1396/4584 1362/4587
f 1362/4587 1304/4583 1264/4589
f 1362/4587 1264/4589 1404/4588
f 1264/4589 1304/4583 1286/4577
f 1532/4585 1404/4588 1540/4590
f 1532/4585 1540/4590 1622/4586
f 1404/4588 1264/4589 1241/4591
f 1264/4589 1286/4577 1189/4592
f 1264/4589 1189/4592 1241/4591
f 1189/4592 1286/4577 1209/4593
f 1209/4593 1286/4577 1288/4574
f 1189/4592 1209/4593 1100/4594
f 1189/4592 1100/4594 1241/4591
f 1209/4593 1288/4574 1039/4595
f 1209/4593 1039/4595 1100/4594
f 1039/4595 1288/4574 1164/4573
f 1363/4596 1540/4590 1404/4588
f 1363/4596 1404/4588 1241/4591
f 1540/4590 1363/4596 1452/4597
f 1623/4598 1622/4586 1540/4590
f 1623/4598 1540/4590 1452/4597
f 1622/4586 1623/4598 1723/4541
f 1723/4541 1623/4598 1702/4599
f 1723/4541 1702/4599 1801/4543
f 1702/4599 1623/4598 1593/4600
f 1593/4600 1623/4598 1452/4597
f 1801/4543 1702/4599 1743/4601
f 1743/4601 1702/4599 1662/4602
f 1662/4602 1702/4599 1593/4600
f 1801/4543 1743/4601 1786/4603
f 1593/4600 1452/4597 1433/4604
f 1593/4600 1433/4604 1459/4605
f 1662/4602 1593/4600 1583/4606
f 1583/4606 1593/4600 1459/4605
f 1662/4602 1583/4606 1511/4607
f 1511/4607 1583/4606 1459/4605
f 1698/4608 1743/4601 1662/4602
f 1743/4601 1698/4608 1786/4603
f 1698/4608 1662/4602 1605/4609
f 1605/4609 1662/4602 1511/4607
f 1786/4603 1698/4608 1672/4610
f 1698/4608 1605/4609 1586/4611
f 1698/4608 1586/4611 1672/4610
f 1605/4609 1511/4607 1454/4612
f 1605/4609 1454/4612 1586/4611
f 1265/4613 1511/4607 1459/4605
f 1454/4612 1511/4607 1313/4614
f 1313/4614 1511/4607 1265/4613
f 1454/4612 1313/4614 1428/4615
f 1265/4613 1459/4605 1037/4616
f 1313/4614 1265/4613 1165/4617
f 1165/4617 1265/4613 1037/4616
f 1313/4614 1165/4617 1145/4618
f 1313/4614 1145/4618 1428/4615
f 1145/4618 1165/4617 978/4619
f 978/4619 1165/4617 1037/4616
f 1037/4616 1459/4605 1172/4620
f 1172/4620 1459/4605 1433/4604
f 978/4619 1037/4616 807/4621
f 1145/4618 978/4619 1042/4622
f 1037/4616 1172/4620 921/4623
f 1037/4616 921/4623 807/4621
f 978/4619 807/4621 707/4624
s 0
f 978/4619 707/4624 1042/4622
s 1
f 707/4624 807/4621 686/4625
f 707/4624 686/4625 489/4626
f 686/4625 807/4621 704/4627
f 704/4627 807/4621 921/4623
f 686/4625 704/4627 386/4628
f 386/4628 704/4627 609/4629
f 704/4627 921/4623 812/4630
f 704/4627 812/4630 609/4629
f 812/4630 921/4623 1172/4620
f 245/4631 609/4629 558/4632
f 609/4629 812/4630 685/4633
f 609/4629 685/4633 558/4632
f 812/4630 1172/4620 886/4634
f 812/4630 886/4634 685/4633
f 558/4632 685/4633 475/4635
f 558/4632 475/4635 288/4636
f 475/4635 685/4633 774/4637
f 774/4637 685/4633 886/4634
f 390/4638 172/4639 475/4635
f 390/4638 475/4635 580/4640
f 580/4640 475/4635 774/4637
f 390/4638 580/4640 424/4641
f 390/4638 424/4641 209/4642
f 209/4642 424/4641 247/4643
f 424/4641 580/4640 674/4644
f 674/4644 580/4640 774/4637
f 247/4643 424/4641 466/4645
f 424/4641 674/4644 623/4646
f 424/4641 623/4646 466/4645
f 674/4644 774/4637 906/4647
f 674/4644 906/4647 623/4646
f 961/4648 774/4637 886/4634
f 774/4637 961/4648 906/4647
f 961/4648 886/4634 1115/4649
f 961/4648 1115/4649 906/4647
f 1115/4649 886/4634 1208/4650
f 1208/4650 886/4634 1172/4620
f 906/4647 1115/4649 1122/4651
f 1115/4649 1208/4650 1260/4652
f 1115/4649 1260/4652 1122/4651
f 1208/4650 1172/4620 1317/4653
f 1208/4650 1317/4653 1260/4652
f 1317/4653 1172/4620 1433/4604
f 1317/4653 1433/4604 1452/4597
f 1317/4653 1452/4597 1260/4652
f 1260/4652 1452/4597 1363/4596
f 1260/4652 1363/4596 1225/4654
f 1260/4652 1225/4654 1122/4651
f 1225/4654 1363/4596 1241/4591
f 1122/4651 1225/4654 1093/4655
f 1093/4655 1225/4654 1241/4591
f 1122/4651 1093/4655 950/4656
f 1122/4651 950/4656 906/4647
f 1093/4655 1241/4591 1052/4657
f 1052/4657 1241/4591 1100/4594
f 950/4656 1093/4655 831/4658
f 831/4658 1093/4655 1052/4657
f 906/4647 950/4656 836/4659
f 906/4647 836/4659 623/4646
f 1052/4657 1100/4594 948/4660
f 1052/4657 948/4660 831/4658
f 948/4660 1100/4594 1039/4595
f 836/4659 950/4656 776/4661
f 776/4661 950/4656 831/4658
f 623/4646 836/4659 594/4662
f 594/4662 836/4659 776/4661
f 623/4646 594/4662 466/4645
f 948/4660 1039/4595 909/4663
f 948/4660 909/4663 831/4658
f 466/4645 594/4662 360/4664
f 466/4645 360/4664 247/4643
f 247/4643 360/4664 36/4665
f 594/4662 776/4661 572/4666
f 594/4662 572/4666 360/4664
f 717/4667 776/4661 831/4658
f 776/4661 717/4667 572/4666
f 360/4664 572/4666 504/4668
f 504/4668 572/4666 717/4667
f 36/4665 360/4664 163/4669
f 36/4665 163/4669 2130/4670
f 163/4669 360/4664 307/4671
f 307/4671 360/4664 504/4668
f 2130/4670 163/4669 62/4672
f 62/4672 163/4669 307/4671
f 2130/4670 62/4672 2060/4673
f 62/4672 307/4671 137/4674
f 62/4672 137/4674 2060/4673
f 307/4671 504/4668 352/4675
f 307/4671 352/4675 137/4674
f 2060/4673 137/4674 1863/4676
f 2060/4673 1863/4676 2241/4677
f 137/4674 352/4675 256/4678
f 137/4674 256/4678 1863/4676
f 2241/4677 1863/4676 2109/4679
f 1863/4676 256/4678 159/4680
f 1863/4676 159/4680 2109/4679
f 256/4678 352/4675 384/4681
f 492/4682 352/4675 504/4668
f 352/4675 492/4682 384/4681
f 492/4682 504/4668 647/4683
f 647/4683 504/4668 717/4667
f 492/4682 647/4683 689/4684
f 492/4682 689/4684 384/4681
f 647/4683 717/4667 681/4685
f 647/4683 681/4685 689/4684
f 681/4685 717/4667 771/4686
f 771/4686 717/4667 831/4658
f 333/4687 256/4678 384/4681
f 256/4678 333/4687 159/4680
f 333/4687 384/4681 450/4688
f 159/4680 333/4687 377/4689
f 377/4689 333/4687 450/4688
f 450/4688 384/4681 570/4690
f 570/4690 384/4681 689/4684
f 450/4688 570/4690 657/4691
f 657/4691 570/4690 689/4684
f 450/4688 657/4691 720/4692
f 657/4691 689/4684 791/4693
f 657/4691 791/4693 720/4692
f 450/4688 720/4692 538/4694
f 450/4688 538/4694 377/4689
f 377/4689 538/4694 541/4695
f 377/4689 541/4695 353/4696
f 541/4695 538/4694 728/4697
f 377/4689 353/4696 103/4698
f 377/4689 103/4698 159/4680
f 728/4697 538/4694 842/4699
f 842/4699 538/4694 720/4692
f 159/4680 103/4698 1965/4700
f 159/4680 1965/4700 2109/4679
f 1965/4700 103/4698 2150/4701
f 1965/4700 2150/4701 2109/4679
s 0
f 2150/4701 103/4698 2061/4702
s 1
f 2109/4679 2150/4701 2389/4703
f 2389/4703 2150/4701 2061/4702
f 2109/4679 2389/4703 2656/4704
f 2389/4703 2061/4702 2548/4705
f 2548/4705 2061/4702 2314/4706
f 2548/4705 2314/4706 2772/4707
f 989/4708 842/4699 720/4692
f 989/4708 720/4692 791/4693
f 842/4699 989/4708 1073/4709
f 842/4699 1073/4709 1082/4710
f 1082/4710 1073/4709 1159/4711
f 1159/4711 1073/4709 1104/4712
f 1104/4712 1073/4709 989/4708
f 1159/4711 1104/4712 1232/4713
f 989/4708 791/4693 992/4714
f 989/4708 992/4714 1104/4712
f 992/4714 791/4693 939/4715
f 939/4715 791/4693 822/4716
f 822/4716 791/4693 689/4684
f 992/4714 939/4715 1066/4717
f 992/4714 1066/4717 1104/4712
f 939/4715 822/4716 929/4718
f 939/4715 929/4718 1066/4717
f 822/4716 689/4684 753/4719
f 753/4719 689/4684 681/4685
f 753/4719 681/4685 771/4686
f 929/4718 822/4716 853/4720
f 822/4716 753/4719 797/4721
f 822/4716 797/4721 853/4720
f 753/4719 771/4686 781/4722
f 753/4719 781/4722 797/4721
f 781/4722 771/4686 808/4723
f 797/4721 781/4722 825/4724
f 797/4721 825/4724 853/4720
f 781/4722 808/4723 834/4725
f 781/4722 834/4725 825/4724
f 808/4723 771/4686 874/4726
f 808/4723 874/4726 834/4725
f 874/4726 771/4686 831/4658
f 874/4726 831/4658 909/4663
f 874/4726 909/4663 920/4727
f 920/4727 909/4663 1039/4595
f 834/4725 874/4726 888/4728
f 888/4728 874/4726 920/4727
f 920/4727 1039/4595 997/4729
f 997/4729 1039/4595 1164/4573
f 888/4728 920/4727 824/4730
f 997/4729 1164/4573 1021/4731
f 920/4727 997/4729 866/4732
f 866/4732 997/4729 1021/4731
f 920/4727 866/4732 824/4730
f 1021/4731 1164/4573 1123/4572
f 888/4728 824/4730 845/4733
f 888/4728 845/4733 834/4725
f 824/4730 866/4732 932/4734
f 932/4734 866/4732 1021/4731
f 1021/4731 1123/4572 1018/4735
f 1021/4731 1018/4735 932/4734
f 1018/4735 1123/4572 1176/4568
f 824/4730 932/4734 804/4736
f 824/4730 804/4736 845/4733
f 804/4736 932/4734 1018/4735
f 806/4737 834/4725 845/4733
f 806/4737 845/4733 804/4736
f 806/4737 804/4736 1018/4735
f 834/4725 806/4737 825/4724
f 825/4724 806/4737 846/4738
f 825/4724 846/4738 853/4720
f 806/4737 1018/4735 986/4739
f 806/4737 986/4739 846/4738
f 986/4739 1018/4735 1102/4740
f 1102/4740 1018/4735 1176/4568
f 846/4738 986/4739 981/4741
f 1102/4740 1176/4568 1168/4742
f 853/4720 846/4738 889/4743
f 889/4743 846/4738 981/4741
f 1168/4742 1176/4568 1280/4567
f 986/4739 1102/4740 1068/4744
f 1068/4744 1102/4740 1168/4742
f 986/4739 1068/4744 981/4741
f 853/4720 889/4743 944/4745
f 853/4720 944/4745 929/4718
f 889/4743 981/4741 990/4746
f 889/4743 990/4746 944/4745
f 929/4718 944/4745 1066/4717
f 1066/4717 944/4745 990/4746
f 981/4741 1068/4744 1098/4747
f 981/4741 1098/4747 990/4746
f 1202/4748 1068/4744 1168/4742
f 1068/4744 1202/4748 1098/4747
f 1202/4748 1168/4742 1280/4567
f 1098/4747 1202/4748 1236/4749
f 990/4746 1098/4747 1143/4750
f 1143/4750 1098/4747 1236/4749
f 1141/4751 1066/4717 990/4746
f 1141/4751 990/4746 1143/4750
f 1066/4717 1141/4751 1171/4752
f 1066/4717 1171/4752 1104/4712
f 1104/4712 1171/4752 1220/4753
f 1220/4753 1171/4752 1141/4751
f 1104/4712 1220/4753 1232/4713
f 1141/4751 1143/4750 1238/4754
f 1238/4754 1143/4750 1236/4749
f 1325/4755 1215/4756 1232/4713
f 1232/4713 1220/4753 1308/4757
f 1232/4713 1308/4757 1325/4755
f 1325/4755 1308/4757 1442/4758
f 1325/4755 1442/4758 1298/4759
f 1308/4757 1220/4753 1306/4760
f 1442/4758 1308/4757 1397/4761
f 1397/4761 1308/4757 1306/4760
f 1306/4760 1220/4753 1290/4762
f 1290/4762 1220/4753 1141/4751
f 1397/4761 1306/4760 1352/4763
f 1352/4763 1306/4760 1290/4762
f 1442/4758 1397/4761 1476/4764
f 1442/4758 1476/4764 1423/4765
f 1423/4765 1476/4764 1515/4766
f 1515/4766 1476/4764 1530/4481
f 1530/4481 1476/4764 1525/4490
f 1397/4761 1352/4763 1450/4767
f 1397/4761 1450/4767 1476/4764
f 1450/4767 1352/4763 1350/4768
f 1350/4768 1352/4763 1290/4762
f 1476/4764 1450/4767 1471/4769
f 1476/4764 1471/4769 1525/4490
f 1471/4769 1450/4767 1350/4768
f 1525/4490 1471/4769 1424/4770
f 1424/4770 1471/4769 1350/4768
f 1525/4490 1424/4770 1487/4771
f 1525/4490 1487/4771 1528/4489
f 1424/4770 1350/4768 1462/4772
f 1487/4771 1424/4770 1421/4773
f 1421/4773 1424/4770 1462/4772
f 1528/4489 1487/4771 1438/4774
f 1438/4774 1487/4771 1421/4773
f 1528/4489 1438/4774 1467/4488
f 1467/4488 1438/4774 1379/4775
f 1467/4488 1379/4775 1468/4503
f 1438/4774 1421/4773 1366/4776
f 1438/4774 1366/4776 1379/4775
f 1366/4776 1421/4773 1488/4777
f 1379/4775 1366/4776 1378/4778
f 1379/4775 1378/4778 1468/4503
f 1378/4778 1366/4776 1488/4777
f 1468/4503 1378/4778 1478/4779
f 1478/4779 1378/4778 1488/4777
f 1468/4503 1478/4779 1545/4780
f 1468/4503 1545/4780 1503/4498
f 1545/4780 1478/4779 1638/4533
f 1503/4498 1545/4780 1617/4781
f 1617/4781 1545/4780 1638/4533
f 1503/4498 1617/4781 1573/4502
f 1573/4502 1617/4781 1668/4514
f 1668/4514 1617/4781 1638/4533
f 1638/4533 1478/4779 1544/4558
f 1544/4558 1478/4779 1488/4777
f 1544/4558 1488/4777 1537/4782
f 1509/4783 1488/4777 1421/4773
f 1488/4777 1509/4783 1537/4782
f 1509/4783 1421/4773 1462/4772
f 1544/4558 1537/4782 1567/4784
f 1567/4784 1537/4782 1509/4783
f 1544/4558 1567/4784 1588/4556
f 1509/4783 1462/4772 1520/4785
f 1509/4783 1520/4785 1567/4784
f 1588/4556 1567/4784 1577/4786
f 1577/4786 1567/4784 1520/4785
f 1588/4556 1577/4786 1568/4559
f 1568/4559 1577/4786 1522/4787
f 1522/4787 1577/4786 1520/4785
f 1568/4559 1522/4787 1508/4561
f 1441/4788 1520/4785 1462/4772
f 1520/4785 1441/4788 1522/4787
f 1441/4788 1462/4772 1373/4789
f 1373/4789 1462/4772 1350/4768
f 1522/4787 1441/4788 1420/4790
f 1522/4787 1420/4790 1508/4561
f 1441/4788 1373/4789 1302/4791
f 1441/4788 1302/4791 1420/4790
f 1373/4789 1350/4768 1266/4792
f 1373/4789 1266/4792 1302/4791
f 1266/4792 1350/4768 1290/4762
f 1266/4792 1290/4762 1141/4751
f 1266/4792 1141/4751 1238/4754
f 1266/4792 1238/4754 1302/4791
f 1302/4791 1238/4754 1236/4749
f 1322/4793 1420/4790 1302/4791
f 1322/4793 1302/4791 1236/4749
f 1322/4793 1236/4749 1328/4794
f 1322/4793 1328/4794 1420/4790
f 1328/4794 1236/4749 1202/4748
f 1328/4794 1202/4748 1280/4567
f 1420/4790 1328/4794 1393/4795
f 1393/4795 1328/4794 1280/4567
f 1420/4790 1393/4795 1508/4561
f 1393/4795 1280/4567 1415/4560
f 1393/4795 1415/4560 1508/4561
f 3293/4796 2972/4797 3248/4798
f 3293/4796 3248/4798 3610/4799
f 2972/4797 3293/4796 2871/4800
f 3610/4799 3248/4798 3601/4801
f 3293/4796 3610/4799 3417/4802
f 3293/4796 3417/4802 3073/4803
f 3293/4796 3073/4803 2871/4800
f 3073/4803 3417/4802 3228/4804
f 3073/4803 3228/4804 2946/4805
f 3073/4803 2946/4805 2930/4806
f 3073/4803 2930/4806 2871/4800
f 2930/4806 2946/4805 2540/4807
f 2930/4806 2540/4807 2459/4808
f 2930/4806 2459/4808 2871/4800
f 2871/4800 2459/4808 2331/4809
f 2871/4800 2331/4809 2783/4810
f 2783/4810 2331/4809 2419/4811
f 2783/4810 2419/4811 2589/4812
f 2871/4800 2783/4810 2972/4797
f 2783/4810 2589/4812 2816/4813
f 2783/4810 2816/4813 2958/4814
f 2783/4810 2958/4814 2972/4797
f 2958/4814 2816/4813 2850/4815
f 2972/4797 2958/4814 3249/4816
f 3249/4816 2958/4814 2850/4815
f 2972/4797 3249/4816 3316/4817
f 2972/4797 3316/4817 3248/4798
f 3316/4817 3249/4816 3397/4818
f 3248/4798 3316/4817 3601/4801
f 3397/4818 3249/4816 3198/4819
f 3198/4819 3249/4816 2850/4815
f 3316/4817 3397/4818 3566/4820
f 3566/4820 3397/4818 3198/4819
f 3316/4817 3566/4820 3601/4801
f 3198/4819 2850/4815 2967/4821
f 3566/4820 3198/4819 3291/4822
f 3291/4822 3198/4819 2967/4821
f 3566/4820 3291/4822 3589/4823
f 3601/4801 3566/4820 3771/4824
f 3771/4824 3566/4820 3589/4823
f 3601/4801 3771/4824 3822/4825
f 2967/4821 2850/4815 2696/4826
f 2696/4826 2850/4815 2500/4827
f 3291/4822 2967/4821 3286/4828
f 3291/4822 3286/4828 3589/4823
f 2967/4821 2696/4826 2939/4829
f 2696/4826 2500/4827 2626/4830
f 2696/4826 2626/4830 2939/4829
f 2626/4830 2500/4827 2545/4831
f 2545/4831 2500/4827 2194/4832
f 2626/4830 2545/4831 2787/4833
f 2626/4830 2787/4833 2939/4829
f 2787/4833 2545/4831 2663/4834
f 2787/4833 2663/4834 2970/4835
f 2787/4833 2970/4835 2939/4829
f 3157/4836 2967/4821 2939/4829
f 2967/4821 3157/4836 3286/4828
f 2939/4829 2970/4835 3158/4837
f 2939/4829 3158/4837 3157/4836
f 3158/4837 2970/4835 3152/4838
f 3152/4838 2970/4835 3230/4839
f 3158/4837 3152/4838 3262/4840
f 3262/4840 3152/4838 3325/4841
f 3262/4840 3325/4841 3419/4842
f 3158/4837 3262/4840 3281/4843
f 3281/4843 3262/4840 3419/4842
f 3158/4837 3281/4843 3157/4836
f 3281/4843 3419/4842 3446/4844
f 3300/4845 3286/4828 3157/4836
f 3300/4845 3157/4836 3281/4843
f 3286/4828 3300/4845 3589/4823
f 3281/4843 3446/4844 3318/4846
f 3318/4846 3446/4844 3438/4847
f 3300/4845 3281/4843 3384/4848
f 3384/4848 3281/4843 3318/4846
f 3589/4823 3300/4845 3765/4849
f 3765/4849 3300/4845 3384/4848
f 3589/4823 3765/4849 3924/4850
f 3589/4823 3924/4850 3771/4824
f 3771/4824 3924/4850 3822/4825
f 3318/4846 3438/4847 3285/4851
f 3285/4851 3438/4847 3385/4852
f 3384/4848 3318/4846 3377/4853
f 3377/4853 3318/4846 3285/4851
f 3384/4848 3377/4853 3588/4854
f 3285/4851 3385/4852 3183/4855
f 3384/4848 3588/4854 3756/4856
f 3384/4848 3756/4856 3765/4849
f 3588/4854 3377/4853 3515/4857
f 3588/4854 3515/4857 3756/4856
f 3377/4853 3285/4851 3280/4858
f 3377/4853 3280/4858 3515/4857
f 3280/4858 3285/4851 3183/4855
f 3259/4859 3183/4855 3385/4852
f 3765/4849 3756/4856 4006/4860
f 3765/4849 4006/4860 3924/4850
f 3183/4855 3259/4859 3032/4861
f 3032/4861 3259/4859 3081/4862
f 3032/4861 3081/4862 2933/4863
f 3183/4855 3032/4861 2985/4864
f 3032/4861 2933/4863 2934/4865
f 3032/4861 2934/4865 2985/4864
f 2934/4865 2933/4863 2744/4866
f 2744/4866 2933/4863 2721/4867
f 2744/4866 2721/4867 2594/4868
f 2934/4865 2744/4866 2762/4869
f 2934/4865 2762/4869 2985/4864
f 2985/4864 2762/4869 2966/4870
f 3179/4871 3183/4855 2985/4864
f 3183/4855 3179/4871 3280/4858
f 2985/4864 2966/4870 3162/4872
f 2985/4864 3162/4872 3179/4871
f 3280/4858 3179/4871 3378/4873
f 3378/4873 3179/4871 3162/4872
f 3280/4858 3378/4873 3515/4857
f 3162/4872 2966/4870 3544/4874
f 3544/4874 2966/4870 3164/4875
f 3544/4874 3164/4875 3227/4876
f 3544/4874 3227/4876 3250/4877
f 3515/4857 3378/4873 3725/4878
f 3378/4873 3162/4872 3464/4879
f 3464/4879 3162/4872 3544/4874
f 3378/4873 3464/4879 3725/4878
f 3515/4857 3725/4878 3756/4856
f 3464/4879 3544/4874 3713/4880
f 3464/4879 3713/4880 3725/4878
f 3756/4856 3725/4878 3933/4881
f 3933/4881 3725/4878 3713/4880
f 3756/4856 3933/4881 4006/4860
f 3713/4880 3544/4874 3585/4882
f 3585/4882 3544/4874 3250/4877
f 3933/4881 3713/4880 4039/4883
f 3933/4881 4039/4883 4006/4860
f 3713/4880 3585/4882 3763/4884
f 3713/4880 3763/4884 4039/4883
f 3585/4882 3250/4877 3676/4885
f 3585/4882 3676/4885 3763/4884
f 3676/4885 3250/4877 3225/4886
f 3763/4884 3676/4885 3895/4887
f 3763/4884 3895/4887 4039/4883
f 3676/4885 3225/4886 3706/4888
f 3706/4888 3225/4886 3290/4889
f 3706/4888 3290/4889 3387/4890
f 3676/4885 3706/4888 3913/4891
f 3676/4885 3913/4891 3895/4887
f 3706/4888 3387/4890 3553/4892
f 3706/4888 3553/4892 3913/4891
f 3553/4892 3387/4890 3570/4893
f 3553/4892 3570/4893 3700/4894
f 3553/4892 3700/4894 3859/4895
f 3553/4892 3859/4895 3913/4891
f 3859/4895 3700/4894 3837/4896
f 3859/4895 3837/4896 4030/4897
f 3913/4891 3859/4895 4158/4898
f 4158/4898 3859/4895 4030/4897
f 4081/4899 3895/4887 3913/4891
f 4081/4899 3913/4891 4158/4898
f 3895/4887 4081/4899 4039/4883
f 4081/4899 4158/4898 4187/4900
f 4081/4899 4187/4900 4039/4883
f 4039/4883 4187/4900 4112/4901
f 4039/4883 4112/4901 4006/4860
f 4006/4860 4112/4901 4047/4902
f 4047/4902 4112/4901 4187/4900
f 4006/4860 4047/4902 3924/4850
f 3924/4850 4047/4902 3822/4825
f 4047/4902 4187/4900 4074/4903
f 4047/4902 4074/4903 3822/4825
f 4218/4904 4187/4900 4158/4898
f 4187/4900 4218/4904 4074/4903
f 3822/4825 4074/4903 3891/4905
f 3822/4825 3891/4905 3601/4801
f 4074/4903 4218/4904 4091/4906
f 4074/4903 4091/4906 3891/4905
f 3601/4801 3891/4905 3610/4799
f 4091/4906 4218/4904 4094/4907
f 4218/4904 4158/4898 4149/4908
f 4218/4904 4149/4908 4094/4907
f 4149/4908 4158/4898 4030/4897
f 4149/4908 4030/4897 4127/4909
f 4127/4909 4030/4897 3994/4910
f 4149/4908 4127/4909 4128/4911
f 4149/4908 4128/4911 4094/4907
f 4094/4907 4128/4911 3978/4912
f 3961/4913 4091/4906 4094/4907
f 3961/4913 4094/4907 3978/4912
f 4091/4906 3961/4913 3891/4905
f 3961/4913 3978/4912 3808/4914
f 3961/4913 3808/4914 3891/4905
f 3808/4914 3978/4912 3770/4915
f 3808/4914 3770/4915 3643/4916
f 3808/4914 3643/4916 3891/4905
f 3891/4905 3643/4916 3610/4799
f 3610/4799 3643/4916 3417/4802
f 3417/4802 3643/4916 3529/4917
f 770/4918 552/4919 624/4920
f 624/4920 552/4919 478/4921
f 624/4920 478/4921 444/4922
f 444/4922 478/4921 290/4923
f 624/4920 444/4922 652/4924
f 770/4918 624/4920 821/4925
f 821/4925 624/4920 652/4924
f 821/4925 652/4924 895/4926
f 895/4926 652/4924 691/4927
f 770/4918 821/4925 898/4928
f 817/4929 552/4919 770/4918
f 817/4929 770/4918 898/4928
f 898/4928 821/4925 964/4930
f 964/4930 821/4925 895/4926
f 817/4929 898/4928 983/4931
f 983/4931 898/4928 964/4930
f 766/4932 895/4926 691/4927
f 766/4932 691/4927 788/4933
f 788/4933 691/4927 573/4934
f 788/4933 573/4934 765/4935
f 788/4933 765/4935 946/4936
f 788/4933 946/4936 952/4937
f 766/4932 788/4933 955/4938
f 955/4938 788/4933 952/4937
f 766/4932 955/4938 895/4926
f 952/4937 946/4936 1036/4939
f 952/4937 1036/4939 955/4938
f 1036/4939 946/4936 1023/4940
f 895/4926 955/4938 1005/4941
f 1005/4941 955/4938 1036/4939
f 895/4926 1005/4941 964/4930
f 964/4930 1005/4941 1044/4942
f 1044/4942 1005/4941 1036/4939
f 964/4930 1044/4942 983/4931
f 1036/4939 1023/4940 1055/4943
f 1036/4939 1055/4943 1044/4942
f 1044/4942 1055/4943 983/4931
f 1055/4943 1023/4940 1008/4944
f 1055/4943 1008/4944 1019/4945
f 1055/4943 1019/4945 983/4931
f 1019/4945 1008/4944 905/4946
f 1019/4945 905/4946 870/4947
f 870/4947 905/4946 827/4948
f 870/4947 827/4948 729/4949
f 1019/4945 870/4947 965/4950
f 1019/4945 965/4950 983/4931
f 870/4947 729/4949 736/4951
f 870/4947 736/4951 965/4950
f 983/4931 965/4950 773/4952
f 736/4951 729/4949 507/4953
f 507/4953 729/4949 725/4954
f 983/4931 773/4952 817/4929
f 507/4953 725/4954 439/4955
f 965/4950 736/4951 710/4956
f 965/4950 710/4956 773/4952
f 736/4951 507/4953 481/4957
f 736/4951 481/4957 710/4956
f 817/4929 773/4952 713/4958
f 817/4929 713/4958 552/4919
f 552/4919 713/4958 375/4959
f 552/4919 375/4959 113/4960
f 713/4958 773/4952 382/4961
f 713/4958 382/4961 375/4959
f 429/4962 773/4952 710/4956
f 773/4952 429/4962 382/4961
f 375/4959 382/4961 143/4963
f 375/4959 143/4963 113/4960
f 143/4963 382/4961 429/4962
f 429/4962 710/4956 403/4964
f 403/4964 710/4956 481/4957
f 429/4962 403/4964 281/4965
f 429/4962 281/4965 143/4963
f 403/4964 481/4957 339/4966
f 403/4964 339/4966 281/4965
f 339/4966 481/4957 261/4967
f 261/4967 481/4957 507/4953
f 281/4965 339/4966 206/4968
f 206/4968 339/4966 261/4967
f 261/4967 507/4953 234/4969
f 234/4969 507/4953 439/4955
f 261/4967 234/4969 1893/4970
f 261/4967 1893/4970 206/4968
f 234/4969 439/4955 1916/4971
f 1893/4970 234/4969 1966/4972
f 1966/4972 234/4969 1916/4971
f 1893/4970 1966/4972 2406/4973
f 2406/4973 1966/4972 1916/4971
f 1893/4970 2406/4973 2288/4974
f 1893/4970 2288/4974 206/4968
f 2406/4973 1916/4971 2738/4975
f 206/4968 2288/4974 2207/4976
f 2738/4975 1916/4971 2509/4977
f 1904/4978 1916/4971 439/4955
f 1916/4971 1904/4978 2509/4977
f 2509/4977 1904/4978 2919/4979
f 206/4968 2207/4976 140/4980
f 206/4968 140/4980 281/4965
f 281/4965 140/4980 143/4963
f 140/4980 2207/4976 1939/4981
f 140/4980 1939/4981 143/4963
f 1939/4981 2207/4976 2396/4982
f 143/4963 1939/4981 2008/4983
f 2008/4983 1939/4981 2575/4984
f 143/4963 2008/4983 1976/4985
f 143/4963 1976/4985 113/4960
f 1976/4985 2008/4983 2305/4986
f 113/4960 1976/4985 2005/4987
f 2005/4987 1976/4985 2305/4986
f 478/4988 552/4989 95/4990
f 95/4990 552/4989 113/4991
f 95/4990 113/4991 2005/4992
f 478/4988 95/4990 290/4993
f 95/4990 2005/4992 2126/4994
f 95/4990 2126/4994 290/4993
f 2126/4994 2005/4992 2702/4995
f 290/4993 2126/4994 2092/4996
f 2092/4996 2126/4994 2501/4997
f 2092/4996 2501/4997 2913/4998
f 2092/4996 2913/4998 2661/4999
f 290/4993 2092/4996 1923/5000
f 1923/5000 2092/4996 2661/4999
f 290/4993 1923/5000 444/5001
f 1923/5000 2661/4999 132/5002
f 1923/5000 132/5002 444/5001
f 444/5001 132/5002 547/5003
f 444/5001 547/5003 652/5004
f 652/5004 547/5003 691/5005
f 691/5005 547/5003 573/5006
f 547/5003 132/5002 211/5007
f 211/5007 132/5002 2661/4999
f 547/5003 211/5007 573/5006
f 211/5007 2661/4999 1970/5008
f 211/5007 1970/5008 573/5006
f 1970/5008 2661/4999 2731/5009
f 1970/5008 2731/5009 3123/5010
s 0
f 1970/5008 3123/5010 1851/5011
s 1
f 1970/5008 1851/5011 573/5006
f 573/5006 1851/5011 522/5012
f 573/5006 522/5012 765/5013
f 3270/5014 2290/5015 1851/5011
f 1851/5011 2290/5015 522/5012
f 522/5012 2290/5015 112/5016
f 112/5016 2290/5015 2537/5017
f 112/5016 2537/5017 278/5018
f 278/5018 2537/5017 2539/5019
f 522/5012 112/5016 527/5020
f 527/5020 112/5016 278/5018
f 688/5021 765/5013 522/5012
f 688/5021 522/5012 527/5020
f 765/5013 688/5021 865/5022
f 765/5013 865/5022 946/5023
f 688/5021 527/5020 625/5024
f 625/5024 527/5020 278/5018
f 865/5022 688/5021 800/5025
f 800/5025 688/5021 625/5024
f 946/5023 865/5022 916/5026
f 916/5026 865/5022 800/5025
f 946/5023 916/5026 1023/5027
f 800/5025 625/5024 670/5028
f 1023/5027 916/5026 956/5029
f 1023/5027 956/5029 1008/5030
f 916/5026 800/5025 868/5031
f 916/5026 868/5031 956/5029
f 800/5025 670/5028 723/5032
f 800/5025 723/5032 868/5031
f 670/5028 625/5024 454/5033
f 454/5033 625/5024 278/5018
f 670/5028 454/5033 723/5032
f 910/5034 1008/5030 956/5029
f 910/5034 956/5029 868/5031
f 1008/5030 910/5034 905/5035
f 905/5035 910/5034 827/5036
f 827/5036 910/5034 868/5031
f 827/5036 868/5031 723/5032
f 827/5036 723/5032 725/5037
f 827/5036 725/5037 729/5038
f 725/5037 723/5032 548/5039
f 548/5039 723/5032 454/5033
f 725/5037 548/5039 439/5040
f 439/5040 548/5039 1904/5041
f 1904/5041 548/5039 454/5033
f 1904/5041 454/5033 30/5042
f 30/5042 454/5033 278/5018
f 30/5042 278/5018 2539/5019
f 30/5042 2539/5019 2953/5043
f 30/5042 2953/5043 1904/5041
f 1904/5041 2953/5043 2919/5044
f 3534/5045 3915/5046 3927/5047
f 3915/5046 3534/5045 3541/5048
f 3915/5046 3541/5048 3813/5049
f 3541/5048 3534/5045 3212/5050
f 3541/5048 3212/5050 3393/5051
f 3541/5048 3393/5051 3813/5049
f 3212/5050 3534/5045 2702/5052
f 3915/5046 3813/5049 4199/5053
f 3915/5046 4199/5053 3927/5047
f 4199/5053 3813/5049 3987/5054
f 2840/5055 3534/5045 3927/5047
f 3534/5045 2840/5055 2702/5052
f 3987/5054 3813/5049 3669/5056
f 3669/5056 3813/5049 3393/5051
f 4199/5053 3987/5054 4307/5057
f 3987/5054 3669/5056 4204/5058
f 3987/5054 4204/5058 4307/5057
f 4204/5058 3669/5056 3843/5059
f 4199/5053 4307/5057 4323/5060
f 4199/5053 4323/5060 3927/5047
f 4204/5058 3843/5059 4113/5061
f 3843/5059 3669/5056 3514/5062
f 3514/5062 3669/5056 3393/5051
f 3843/5059 3514/5062 3770/5063
f 3770/5063 3514/5062 3529/5064
f 3770/5063 3529/5064 3643/5065
f 3529/5064 3514/5062 3228/5066
f 3228/5066 3514/5062 3393/5051
f 3529/5064 3228/5066 3417/5067
f 3228/5066 3393/5051 3062/5068
f 3228/5066 3062/5068 2946/5069
f 3062/5068 3393/5051 3024/5070
f 3024/5070 3393/5051 3212/5050
f 2946/5069 3062/5068 2802/5071
f 3024/5070 3212/5050 2702/5052
f 2946/5069 2802/5071 2540/5072
f 2540/5072 2802/5071 2607/5073
f 2540/5072 2607/5073 2506/5074
f 2607/5073 2802/5071 2655/5075
f 2802/5071 3062/5068 2866/5076
f 2802/5071 2866/5076 2655/5075
f 2892/5077 3062/5068 3024/5070
f 3062/5068 2892/5077 2866/5076
f 2655/5075 2866/5076 2715/5078
f 2715/5078 2866/5076 2892/5077
f 2655/5075 2715/5078 2461/5079
f 2461/5079 2715/5078 2396/5080
f 2461/5079 2396/5080 2207/5081
f 2396/5080 2715/5078 2575/5082
f 2575/5082 2715/5078 2892/5077
f 2396/5080 2575/5082 1939/5083
f 2682/5084 2892/5077 3024/5070
f 2892/5077 2682/5084 2575/5082
f 2575/5082 2682/5084 2008/5085
f 2682/5084 3024/5070 2702/5052
f 2008/5085 2682/5084 2305/5086
f 2305/5086 2682/5084 2702/5052
f 2305/5086 2702/5052 2005/5087
f 2126/5088 2702/5052 2840/5055
f 2126/5088 2840/5055 2501/5089
f 2501/5089 2840/5055 3005/5090
f 2501/5089 3005/5090 2913/5091
f 3005/5090 2840/5055 3667/5092
f 3667/5092 2840/5055 3927/5047
f 2913/5091 3005/5090 3620/5093
f 3620/5093 3005/5090 3667/5092
f 3667/5092 3927/5047 4148/5094
f 3667/5092 4148/5094 3620/5093
f 4148/5094 3927/5047 4323/5060
f 2913/5091 3620/5093 3060/5095
f 2913/5091 3060/5095 2661/5096
f 2661/5096 3060/5095 2731/5097
f 2731/5097 3060/5095 3123/5098
f 3060/5095 3620/5093 3838/5099
f 3123/5098 3060/5095 4073/5100
f 4073/5100 3060/5095 3838/5099
f 3838/5099 3620/5093 4103/5101
f 4103/5101 3620/5093 4148/5094
f 3838/5099 4103/5101 4073/5100
f 3270/5102 1851/5103 3123/5098
f 3270/5102 3123/5098 4004/5104
f 4004/5104 3123/5098 4073/5100
f 3270/5102 4004/5104 3599/5105
f 3270/5102 3599/5105 2290/5106
f 3599/5105 4004/5104 4108/5107
f 4108/5107 4004/5104 4255/5108
f 4255/5108 4004/5104 4073/5100
f 4108/5107 4255/5108 4246/5109
f 4255/5108 4073/5100 4310/5110
f 4310/5110 4073/5100 4103/5101
f 4246/5109 4255/5108 4470/5111
f 4310/5110 4103/5101 4359/5112
f 4359/5112 4103/5101 4148/5094
f 4255/5108 4310/5110 4397/5113
f 4255/5108 4397/5113 4470/5111
f 4246/5109 4470/5111 4485/5114
f 4246/5109 4485/5114 4289/5115
f 4485/5114 4470/5111 4553/5116
f 4485/5114 4553/5116 4551/5117
f 4470/5111 4397/5113 4536/5118
f 4470/5111 4536/5118 4553/5116
f 4482/5119 4397/5113 4310/5110
f 4397/5113 4482/5119 4536/5118
f 4482/5119 4310/5110 4359/5112
f 4551/5117 4553/5116 4564/5120
f 4564/5120 4553/5116 4536/5118
f 4551/5117 4564/5120 4554/5121
f 4536/5118 4482/5119 4523/5122
f 4536/5118 4523/5122 4564/5120
f 4482/5119 4359/5112 4434/5123
f 4482/5119 4434/5123 4523/5122
f 4434/5123 4359/5112 4148/5094
f 4434/5123 4148/5094 4323/5060
f 4554/5121 4564/5120 4557/5124
f 4557/5124 4564/5120 4523/5122
f 4554/5121 4557/5124 4503/5125
f 4523/5122 4434/5123 4494/5126
f 4494/5126 4434/5123 4323/5060
f 4523/5122 4494/5126 4557/5124
f 4494/5126 4323/5060 4307/5057
f 4503/5125 4557/5124 4512/5127
f 4512/5127 4557/5124 4494/5126
f 4503/5125 4512/5127 4257/5128
f 4257/5128 4512/5127 4113/5061
f 4512/5127 4494/5126 4448/5129
f 4448/5129 4494/5126 4307/5057
f 4512/5127 4448/5129 4113/5061
f 4448/5129 4307/5057 4204/5058
f 4448/5129 4204/5058 4113/5061
f 1787/5130 1773/4507 1783/5131
f 1783/5131 1773/4507 1772/4521
f 1812/5132 1823/5133 1783/5131
f 1812/5132 1783/5131 1766/5134
f 1766/5134 1783/5131 1772/4521
f 1812/5132 1766/5134 1808/5135
f 1808/5135 1766/5134 1717/5136
f 1808/5135 1717/5136 1737/5137
f 1766/5134 1772/4521 1739/5138
f 1766/5134 1739/5138 1717/5136
f 1739/5138 1772/4521 1750/5139
f 1750/5139 1772/4521 1775/4523
f 1750/5139 1775/4523 1817/4520
f 1750/5139 1817/4520 1807/5140
f 1807/5140 1817/4520 1801/4543
f 1807/5140 1801/4543 1786/4603
f 1750/5139 1807/5140 1709/5141
f 1709/5141 1807/5140 1786/4603
f 1750/5139 1709/5141 1739/5138
f 1709/5141 1786/4603 1672/4610
f 1739/5138 1709/5141 1657/5142
f 1657/5142 1709/5141 1672/4610
f 1739/5138 1657/5142 1717/5136
f 1657/5142 1672/4610 1586/4611
f 1657/5142 1586/4611 1717/5136
f 1717/5136 1586/4611 1633/5143
f 1717/5136 1633/5143 1737/5137
f 1633/5143 1586/4611 1523/5144
f 1523/5144 1586/4611 1454/4612
f 1523/5144 1454/4612 1428/4615
f 1633/5143 1523/5144 1548/5145
f 1548/5145 1523/5144 1428/4615
f 1737/5137 1633/5143 1652/5146
f 1652/5146 1633/5143 1548/5145
f 1737/5137 1652/5146 1642/5147
f 1652/5146 1548/5145 1584/5148
f 1652/5146 1584/5148 1642/5147
f 1548/5145 1428/4615 1447/5149
f 1548/5145 1447/5149 1584/5148
f 1642/5147 1584/5148 1463/5150
f 1463/5150 1584/5148 1447/5149
f 1642/5147 1463/5150 1538/5151
f 1538/5151 1463/5150 1361/5152
f 1447/5149 1428/4615 1267/5153
f 1267/5153 1428/4615 1145/4618
f 1463/5150 1447/5149 1271/5154
f 1271/5154 1447/5149 1267/5153
f 1267/5153 1145/4618 1042/4622
f 1463/5150 1271/5154 1204/5155
f 1463/5150 1204/5155 1361/5152
f 1271/5154 1267/5153 1151/5156
f 1151/5156 1267/5153 1042/4622
f 1271/5154 1151/5156 1204/5155
f 1361/5152 1204/5155 1113/5157
f 1361/5152 1113/5157 1223/5158
f 1223/5158 1113/5157 1064/5159
f 1113/5157 1204/5155 1013/5160
f 1013/5160 1204/5155 1151/5156
f 1064/5159 1113/5157 871/5161
f 871/5161 1113/5157 1013/5160
f 914/5162 1116/5163 1064/5159
f 914/5162 1064/5159 871/5161
f 914/5162 871/5161 672/5164
f 914/5162 672/5164 789/5165
f 672/5164 871/5161 586/5166
f 996/5167 1013/5160 1151/5156
f 996/5167 1151/5156 1042/4622
f 698/5168 871/5161 1013/5160
f 698/5168 1013/5160 996/5167
f 871/5161 698/5168 601/5169
f 996/5167 1042/4622 669/5170
f 996/5167 669/5170 698/5168
f 698/5168 669/5170 587/5171
f 669/5170 1042/4622 707/4624
f 669/5170 707/4624 520/5172
f 3295/5173 3382/5174 3400/5175
f 3295/5173 3400/5175 3230/5176
f 3400/5175 3382/5174 3592/5177
f 3592/5177 3382/5174 3605/5178
f 3230/5176 3400/5175 3344/5179
f 3344/5179 3400/5175 3449/5180
f 3449/5180 3400/5175 3592/5177
f 3230/5176 3344/5179 3325/5181
f 3230/5176 3325/5181 3152/5182
f 3344/5179 3449/5180 3431/5183
f 3344/5179 3431/5183 3325/5181
f 3449/5180 3592/5177 3542/5184
f 3449/5180 3542/5184 3431/5183
f 3325/5181 3431/5183 3463/5185
f 3325/5181 3463/5185 3419/5186
f 3431/5183 3542/5184 3569/5187
f 3431/5183 3569/5187 3463/5185
f 3542/5184 3592/5177 3681/5188
f 3542/5184 3681/5188 3569/5187
f 3419/5186 3463/5185 3509/5189
f 3419/5186 3509/5189 3446/5190
f 3463/5185 3569/5187 3547/5191
f 3446/5190 3509/5189 3505/5192
f 3446/5190 3505/5192 3438/5193
f 3509/5189 3463/5185 3500/5194
f 3500/5194 3463/5185 3547/5191
f 3509/5189 3500/5194 3537/5195
f 3509/5189 3537/5195 3505/5192
f 3500/5194 3547/5191 3612/5196
f 3612/5196 3547/5191 3569/5187
f 3500/5194 3612/5196 3609/5197
f 3500/5194 3609/5197 3537/5195
f 3612/5196 3569/5187 3690/5198
f 3690/5198 3569/5187 3681/5188
f 3609/5197 3612/5196 3598/5199
f 3609/5197 3598/5199 3537/5195
f 3598/5199 3612/5196 3690/5198
f 3537/5195 3598/5199 3502/5200
f 3537/5195 3502/5200 3506/5201
f 3506/5201 3502/5200 3598/5199
f 3537/5195 3506/5201 3505/5192
f 3690/5198 3681/5188 3754/5202
f 3598/5199 3690/5198 3646/5203
f 3646/5203 3690/5198 3754/5202
f 3506/5201 3598/5199 3580/5204
f 3505/5192 3506/5201 3483/5205
f 3483/5205 3506/5201 3580/5204
f 3580/5204 3598/5199 3596/5206
f 3596/5206 3598/5199 3646/5203
f 3483/5205 3580/5204 3546/5207
f 3546/5207 3580/5204 3596/5206
f 3505/5192 3483/5205 3437/5208
f 3437/5208 3483/5205 3546/5207
f 3505/5192 3437/5208 3438/5193
f 3438/5193 3437/5208 3385/5209
f 3437/5208 3546/5207 3510/5210
f 3546/5207 3596/5206 3453/5211
f 3546/5207 3453/5211 3510/5210
f 3453/5211 3596/5206 3646/5203
f 3437/5208 3510/5210 3407/5212
f 3407/5212 3510/5210 3453/5211
f 3385/5209 3437/5208 3381/5213
f 3381/5213 3437/5208 3407/5212
f 3381/5213 3407/5212 3453/5211
f 3385/5209 3381/5213 3259/5214
f 3381/5213 3453/5211 3430/5215
f 3259/5214 3381/5213 3312/5216
f 3312/5216 3381/5213 3430/5215
f 3259/5214 3312/5216 3226/5217
f 3430/5215 3453/5211 3340/5218
f 3430/5215 3340/5218 3312/5216
f 3226/5217 3312/5216 3272/5219
f 3272/5219 3312/5216 3340/5218
f 3226/5217 3272/5219 3211/5220
f 3211/5220 3272/5219 3208/5221
f 3208/5221 3272/5219 3340/5218
f 3211/5220 3208/5221 3139/5222
f 3376/5223 3340/5218 3453/5211
f 3340/5218 3376/5223 3208/5221
f 3376/5223 3453/5211 3646/5203
f 3139/5222 3208/5221 3027/5224
f 2904/5225 3027/5224 3007/5226
f 3007/5226 3027/5224 3261/5227
f 3261/5227 3027/5224 3208/5221
f 3261/5227 3208/5221 3408/5228
f 3408/5228 3208/5221 3376/5223
f 3261/5227 3408/5228 3371/5229
f 3371/5229 3408/5228 3565/5230
f 3408/5228 3376/5223 3561/5231
f 3408/5228 3561/5231 3565/5230
f 3561/5231 3376/5223 3646/5203
f 3565/5230 3561/5231 3661/5232
f 3561/5231 3646/5203 3698/5233
f 3561/5231 3698/5233 3661/5232
f 3661/5232 3698/5233 3748/5234
f 3698/5233 3646/5203 3754/5202
f 3748/5234 3698/5233 3797/5235
f 3797/5235 3698/5233 3754/5202
f 3797/5235 3754/5202 3785/5236
f 3785/5236 3754/5202 3681/5188
f 3797/5235 3785/5236 3744/5237
f 3785/5236 3681/5188 3701/5238
f 3785/5236 3701/5238 3744/5237
f 3701/5238 3681/5188 3592/5177
f 3701/5238 3592/5177 3605/5178
f 3701/5238 3605/5178 3744/5237
f 3744/5237 3605/5178 3642/5239
f 3744/5237 3642/5239 3816/5240
f 3744/5237 3816/5240 3902/5241
f 3816/5240 3642/5239 3963/5242
f 2448/5243 2850/5244 2816/5245
f 2448/5243 2816/5245 2589/5246
f 2850/5244 2448/5243 2354/5247
f 2850/5244 2354/5247 2500/5248
f 2448/5243 2589/5246 2387/5249
f 2500/5248 2354/5247 2317/5250
f 2387/5249 2589/5246 2419/5251
f 2354/5247 2448/5243 2184/5252
f 2448/5243 2387/5249 2341/5253
f 2448/5243 2341/5253 2184/5252
f 2341/5253 2387/5249 2245/5254
f 2341/5253 2245/5254 2184/5252
f 2500/5248 2317/5250 2219/5255
f 2500/5248 2219/5255 2194/5256
f 2194/5256 2219/5255 1969/5257
f 2202/5258 2317/5250 2354/5247
f 2317/5250 2202/5258 2219/5255
f 2202/5258 2354/5247 2184/5252
f 1969/5257 2219/5255 2072/5259
f 2072/5259 2219/5255 2202/5258
f 1969/5257 2072/5259 1886/5260
f 2202/5258 2184/5252 2070/5261
f 2202/5258 2070/5261 2072/5259
f 1886/5260 2072/5259 1988/5262
f 1988/5262 2072/5259 2070/5261
f 1886/5260 1988/5262 1899/5263
f 2070/5261 2184/5252 2090/5264
f 2090/5264 2184/5252 2245/5254
f 1899/5263 1988/5262 1908/5265
f 1899/5263 1908/5265 35/5266
f 1988/5262 2070/5261 2000/5267
f 2070/5261 2090/5264 2027/5268
f 2070/5261 2027/5268 2000/5267
f 2027/5268 2090/5264 2172/5269
f 2172/5269 2090/5264 2245/5254
f 2000/5267 2027/5268 2014/5270
f 2014/5270 2027/5268 2172/5269
f 1988/5262 2000/5267 2011/5271
f 1988/5262 2011/5271 1908/5265
f 2011/5271 2000/5267 2014/5270
f 1908/5265 2011/5271 2077/5272
f 2014/5270 2172/5269 2201/5273
f 2201/5273 2172/5269 2245/5254
f 2011/5271 2014/5270 2065/5274
f 2011/5271 2065/5274 2077/5272
f 1908/5265 2077/5272 1927/5275
f 2065/5274 2014/5270 2246/5276
f 2246/5276 2014/5270 2201/5273
f 2077/5272 2065/5274 2141/5277
f 2141/5277 2065/5274 2246/5276
f 1927/5275 2077/5272 2125/5278
f 1927/5275 2125/5278 2066/5279
f 2066/5279 2125/5278 2259/5280
f 2125/5278 2077/5272 2247/5281
f 2247/5281 2077/5272 2141/5277
f 2125/5278 2247/5281 2259/5280
f 2141/5277 2246/5276 2384/5282
f 2247/5281 2141/5277 2297/5283
f 2297/5283 2141/5277 2384/5282
f 2247/5281 2297/5283 2392/5284
f 2247/5281 2392/5284 2259/5280
f 2392/5284 2297/5283 2531/5285
f 2531/5285 2297/5283 2384/5282
f 2259/5280 2392/5284 2530/5286
f 2530/5286 2392/5284 2531/5285
f 2594/5287 2399/5288 2259/5280
f 2594/5287 2259/5280 2530/5286
f 2594/5287 2530/5286 2744/5289
f 2744/5289 2530/5286 2762/5290
f 2762/5290 2530/5286 2723/5291
f 2723/5291 2530/5286 2531/5285
f 2762/5290 2723/5291 2966/5292
f 2966/5292 2723/5291 3038/5293
f 2966/5292 3038/5293 3164/5294
f 3164/5294 3038/5293 3227/5295
f 3227/5295 3038/5293 3250/5296
f 2723/5291 2531/5285 2777/5297
f 2723/5291 2777/5297 3038/5293
f 2777/5297 2531/5285 2583/5298
f 3038/5293 2777/5297 2806/5299
f 2806/5299 2777/5297 2583/5298
f 3038/5293 2806/5299 2699/5300
f 3038/5293 2699/5300 3250/5296
f 2699/5300 2806/5299 2583/5298
f 2583/5298 2531/5285 2384/5282
f 3250/5296 2699/5300 2835/5301
f 3250/5296 2835/5301 3225/5302
f 3225/5302 2835/5301 3290/5303
f 2699/5300 2583/5298 2332/5304
f 2583/5298 2384/5282 2491/5305
f 2583/5298 2491/5305 2332/5304
f 2491/5305 2384/5282 2326/5306
f 2326/5306 2384/5282 2246/5276
f 2326/5306 2246/5276 2201/5273
f 2491/5305 2326/5306 2360/5307
f 2491/5305 2360/5307 2332/5304
f 2326/5306 2201/5273 2257/5308
f 2326/5306 2257/5308 2360/5307
f 2257/5308 2201/5273 2229/5309
f 2229/5309 2201/5273 2245/5254
f 2229/5309 2245/5254 2387/5249
f 2229/5309 2387/5249 2274/5310
f 2229/5309 2274/5310 2257/5308
f 2274/5310 2387/5249 2419/5251
f 2360/5307 2257/5308 2179/5311
f 2179/5311 2257/5308 2274/5310
f 2360/5307 2179/5311 2332/5304
f 2274/5310 2419/5251 2200/5312
f 2274/5310 2200/5312 2179/5311
f 2200/5312 2419/5251 2331/5313
f 2332/5304 2179/5311 2157/5314
f 2157/5314 2179/5311 2200/5312
f 2200/5312 2331/5313 2168/5315
f 2200/5312 2168/5315 2157/5314
f 2168/5315 2331/5313 2304/5316
f 2304/5316 2331/5313 2459/5317
f 2304/5316 2459/5317 2540/5318
f 2168/5315 2304/5316 2269/5319
f 2168/5315 2269/5319 2157/5314
f 2304/5316 2540/5318 2353/5320
f 2304/5316 2353/5320 2269/5319
f 2353/5320 2540/5318 2506/5321
f 2157/5314 2269/5319 2397/5322
f 2397/5322 2269/5319 2353/5320
f 2300/5323 2332/5304 2157/5314
f 2300/5323 2157/5314 2397/5322
f 2332/5304 2300/5323 2699/5300
f 2699/5300 2300/5323 2835/5301
f 2397/5322 2353/5320 2460/5324
f 2460/5324 2353/5320 2544/5325
f 2300/5323 2397/5322 2714/5326
f 2300/5323 2714/5326 2835/5301
f 2397/5322 2460/5324 2630/5327
f 2397/5322 2630/5327 2714/5326
f 2630/5327 2460/5324 2741/5328
f 2835/5301 2714/5326 2879/5329
f 2879/5329 2714/5326 2630/5327
f 2835/5301 2879/5329 3290/5303
f 2879/5329 2630/5327 2867/5330
f 2867/5330 2630/5327 2917/5331
f 2867/5330 2917/5331 3004/5332
f 2867/5330 3004/5332 2963/5333
f 2867/5330 2963/5333 2879/5329
f 2963/5333 3004/5332 3165/5334
f 2963/5333 3165/5334 2879/5329
f 2879/5329 3165/5334 3290/5303
f 3290/5303 3165/5334 3387/5335
f 3387/5335 3165/5334 3334/5336
f 4140/5337 4298/5338 4352/5339
f 4352/5339 4298/5338 4526/4378
f 4526/4378 4298/5338 4417/4344
f 4298/5338 4140/5337 3889/5340
f 4417/4344 4298/5338 4150/5341
f 4150/5341 4298/5338 3889/5340
f 4417/4344 4150/5341 4329/4338
f 4329/4338 4150/5341 4037/4334
f 4037/4334 4150/5341 3889/5340
f 3889/5340 4140/5337 3810/5342
f 4037/4334 3889/5340 3656/5343
f 4037/4334 3656/5343 3590/4322
f 3889/5340 3810/5342 3428/5344
f 3889/5340 3428/5344 3656/5343
f 3428/5344 3810/5342 3156/4314
f 3156/4314 3810/5342 3465/5345
f 3428/5344 3156/4314 2996/4311
f 3656/5343 3428/5344 3368/5346
f 3368/5346 3428/5344 2996/4311
f 3656/5343 3368/5346 3590/4322
f 3368/5346 2996/4311 3135/4313
f 3368/5346 3135/4313 3590/4322
f 3843/5347 3770/5348 3949/5349
f 3843/5347 3949/5349 4113/5350
f 3949/5349 3770/5348 3978/5351
f 4113/5350 3949/5349 4135/5352
f 4135/5352 3949/5349 3978/5351
f 4113/5350 4135/5352 4257/5353
f 4135/5352 3978/5351 4190/5354
f 4135/5352 4190/5354 4257/5353
f 4190/5354 3978/5351 4128/5355
f 4190/5354 4128/5355 4127/5356
f 4257/5353 4190/5354 4244/5357
f 4257/5353 4244/5357 4503/5358
f 4190/5354 4127/5356 4186/5359
f 4190/5354 4186/5359 4244/5357
f 4186/5359 4127/5356 4120/5360
f 4120/5360 4127/5356 3994/5361
f 4244/5357 4186/5359 4181/5362
f 4181/5362 4186/5359 4120/5360
f 4503/5358 4244/5357 4400/5363
f 4400/5363 4244/5357 4181/5362
f 4503/5358 4400/5363 4554/5364
f 4554/5364 4400/5363 4480/5365
f 4554/5364 4480/5365 4551/5366
f 4400/5363 4181/5362 4260/5367
f 4400/5363 4260/5367 4480/5365
f 4181/5362 4120/5360 3997/5368
f 4181/5362 3997/5368 4260/5367
f 3997/5368 4120/5360 3994/5361
f 4480/5365 4260/5367 4125/5369
f 4125/5369 4260/5367 3997/5368
f 4483/5370 4551/5366 4480/5365
f 4551/5366 4483/5370 4485/5371
f 4485/5371 4483/5370 4289/5372
f 4483/5370 4480/5365 4264/5373
f 4264/5373 4480/5365 4125/5369
f 4125/5369 3997/5368 3800/5374
f 3800/5374 3997/5368 3994/5361
f 4264/5373 4125/5369 3846/5375
f 3846/5375 4125/5369 3800/5374
f 3800/5374 3994/5361 3837/5376
f 3837/5376 3994/5361 4030/5377
f 3800/5374 3837/5376 3570/5378
f 3570/5378 3837/5376 3700/5379
f 3846/5375 3800/5374 3558/5380
f 3558/5380 3800/5374 3570/5378
f 4264/5373 3846/5375 3780/5381
f 3780/5381 3846/5375 3558/5380
f 4219/5382 4483/5370 4264/5373
f 4219/5382 4264/5373 3780/5381
f 4483/5370 4219/5382 4289/5372
f 3558/5380 3570/5378 3163/5383
f 3780/5381 3558/5380 3394/5384
f 3394/5384 3558/5380 3163/5383
f 4219/5382 3780/5381 3614/5385
f 3780/5381 3394/5384 3125/5386
f 3780/5381 3125/5386 3614/5385
f 4219/5382 3614/5385 3663/5387
f 4219/5382 3663/5387 4289/5372
f 3663/5387 3614/5385 2919/5388
f 2919/5388 3614/5385 3125/5386
f 2919/5388 3125/5386 2509/5389
f 3663/5387 2919/5388 2953/5390
f 2509/5389 3125/5386 2738/5391
f 3663/5387 2953/5390 3634/5392
f 3663/5387 3634/5392 4289/5372
f 3634/5392 2953/5390 2539/5393
f 4289/5372 3634/5392 4246/5394
f 3634/5392 2539/5393 3608/5395
f 3634/5392 3608/5395 4246/5394
f 4246/5394 3608/5395 4108/5396
f 3608/5395 2539/5393 2537/5397
f 4108/5396 3608/5395 3599/5398
f 3599/5398 3608/5395 2537/5397
f 3599/5398 2537/5397 2290/5399
f 3033/5400 2738/5391 3125/5386
f 3033/5400 3125/5386 3394/5384
f 3033/5400 3394/5384 3163/5383
f 2738/5391 3033/5400 2820/5401
f 3033/5400 3163/5383 2870/5402
f 3033/5400 2870/5402 2820/5401
f 2738/5391 2820/5401 2597/5403
f 2738/5391 2597/5403 2406/5404
f 2406/5404 2597/5403 2288/5405
f 2288/5405 2597/5403 2505/5406
f 2505/5406 2597/5403 2820/5401
f 2288/5405 2505/5406 2207/5407
f 2207/5407 2505/5406 2461/5408
f 2461/5408 2505/5406 2568/5409
f 2461/5408 2568/5409 2655/5410
f 2505/5406 2820/5401 2694/5411
f 2505/5406 2694/5411 2568/5409
f 2694/5411 2820/5401 2870/5402
f 2655/5410 2568/5409 2601/5412
f 2601/5412 2568/5409 2694/5411
f 2655/5410 2601/5412 2607/5413
f 2607/5413 2601/5412 2574/5414
f 2574/5414 2601/5412 2694/5411
f 2607/5413 2574/5414 2506/5415
f 2506/5415 2574/5414 2544/5416
f 2506/5415 2544/5416 2353/5417
f 2544/5416 2574/5414 2741/5418
f 2741/5418 2574/5414 2694/5411
f 2544/5416 2741/5418 2460/5419
f 2981/5420 2694/5411 2870/5402
f 2694/5411 2981/5420 2741/5418
f 2981/5420 2870/5402 3163/5383
f 2917/5421 2630/5422 2741/5418
f 2917/5421 2741/5418 3022/5423
f 3022/5423 2741/5418 2981/5420
f 2917/5421 3022/5423 3004/5424
f 3022/5423 2981/5420 3216/5425
f 3022/5423 3216/5425 3004/5424
f 3216/5425 2981/5420 3163/5383
f 3004/5424 3216/5425 3334/5426
f 3334/5426 3216/5425 3163/5383
f 3004/5424 3334/5426 3165/5427
f 3334/5426 3163/5383 3570/5378
f 3334/5426 3570/5378 3387/5428
f 136/5429 72/5430 127/5431
f 127/5431 72/5430 58/5432
f 58/5432 72/5430 27/5433
f 27/5433 72/5430 35/5434
f 127/5431 58/5432 43/5435
f 43/5435 58/5432 27/5433
f 27/5433 35/5434 1908/5436
f 27/5433 1908/5436 1927/5437
f 127/5431 43/5435 46/5438
f 27/5433 1927/5437 1929/5439
f 27/5433 1929/5439 43/5435
f 1929/5439 1927/5437 2066/5440
f 46/5438 43/5435 5/5441
f 5/5441 43/5435 1929/5439
f 1929/5439 2066/5440 1951/5442
f 1929/5439 1951/5442 5/5441
f 5/5441 1951/5442 1877/5443
f 5/5441 1877/5443 46/5438
f 1951/5442 2066/5440 2042/5444
f 46/5438 1877/5443 1940/5445
f 46/5438 1940/5445 122/5446
f 1877/5443 1951/5442 2007/5447
f 2007/5447 1951/5442 2042/5444
f 1877/5443 2007/5447 1940/5445
f 2042/5444 2066/5440 2170/5448
f 2170/5448 2066/5440 2259/5449
f 2007/5447 2042/5444 2156/5450
f 2156/5450 2042/5444 2170/5448
f 2007/5447 2156/5450 1940/5445
f 2170/5448 2259/5449 2399/5451
f 40/5452 122/5446 1940/5445
f 122/5446 40/5452 71/5453
f 40/5452 1940/5445 1960/5454
f 40/5452 1960/5454 71/5453
f 1940/5445 2156/5450 2210/5455
f 1940/5445 2210/5455 1960/5454
f 2192/5456 2156/5450 2170/5448
f 2156/5450 2192/5456 2210/5455
f 2192/5456 2170/5448 2321/5457
f 2321/5457 2170/5448 2399/5451
f 2210/5455 2192/5456 2313/5458
f 2313/5458 2192/5456 2321/5457
f 1960/5454 2210/5455 2180/5459
f 2180/5459 2210/5455 2313/5458
f 2321/5457 2399/5451 2408/5460
f 2408/5460 2399/5451 2527/5461
f 2313/5458 2321/5457 2375/5462
f 2375/5462 2321/5457 2408/5460
f 2408/5460 2527/5461 2519/5463
f 2408/5460 2519/5463 2375/5462
f 2519/5463 2527/5461 2709/5464
f 2375/5462 2519/5463 2605/5465
f 2605/5465 2519/5463 2709/5464
f 2375/5462 2605/5465 2313/5458
f 2605/5465 2709/5464 2904/5466
f 2605/5465 2904/5466 2799/5467
f 2799/5467 2904/5466 3007/5468
f 2313/5458 2605/5465 2318/5469
f 2313/5458 2318/5469 2180/5459
f 2605/5465 2799/5467 2473/5470
f 2605/5465 2473/5470 2318/5469
f 2799/5467 3007/5468 2830/5471
f 2799/5467 2830/5471 2473/5470
f 2830/5471 3007/5468 3111/5472
f 3111/5472 3007/5468 3261/5473
f 3111/5472 3261/5473 3117/5474
f 3111/5472 3117/5474 2830/5471
f 3117/5474 3261/5473 3371/5475
f 2830/5471 3117/5474 2798/5476
f 3117/5474 3371/5475 3235/5477
f 3235/5477 3371/5475 3565/5478
f 2798/5476 3117/5474 2980/5479
f 2980/5479 3117/5474 3235/5477
f 2830/5471 2798/5476 2561/5480
f 2561/5480 2798/5476 2980/5479
f 2830/5471 2561/5480 2473/5470
f 3661/5481 3694/5482 3565/5478
f 3565/5478 3694/5482 3373/5483
f 3565/5478 3373/5483 3235/5477
f 3235/5477 3373/5483 2980/5479
f 2980/5479 3373/5483 2969/5484
f 2980/5479 2969/5484 2561/5480
f 2969/5484 3373/5483 3037/5485
f 3037/5485 3373/5483 3414/5486
f 3037/5485 3414/5486 3050/5487
f 2969/5484 3037/5485 2581/5488
f 2581/5488 3037/5485 3050/5487
f 2561/5480 2969/5484 2428/5489
f 2428/5489 2969/5484 2581/5488
f 2581/5488 3050/5487 2750/5490
f 2750/5490 3050/5487 3070/5491
f 2750/5490 3070/5491 2865/5492
f 2581/5488 2750/5490 2394/5493
f 2750/5490 2865/5492 2382/5494
f 2750/5490 2382/5494 2394/5493
f 2382/5494 2865/5492 2499/5495
f 2499/5495 2865/5492 2468/5496
f 2293/5497 2428/5489 2581/5488
f 2293/5497 2581/5488 2394/5493
f 2499/5495 2468/5496 2174/5498
f 2174/5498 2468/5496 1995/5499
f 2174/5498 1995/5499 101/5500
f 2499/5495 2174/5498 2040/5501
f 2499/5495 2040/5501 2382/5494
f 2174/5498 101/5500 1858/5502
f 2174/5498 1858/5502 2040/5501
f 1858/5502 101/5500 200/5503
f 2382/5494 2040/5501 1972/5504
f 1972/5504 2040/5501 1858/5502
f 2382/5494 1972/5504 2394/5493
f 1972/5504 1858/5502 200/5503
f 2394/5493 1972/5504 18/5505
f 2394/5493 18/5505 2293/5497
f 1972/5504 200/5503 125/5506
f 125/5506 200/5503 500/5507
f 18/5505 1972/5504 69/5508
f 69/5508 1972/5504 125/5506
f 18/5505 69/5508 248/5509
f 125/5506 500/5507 325/5510
f 125/5506 325/5510 69/5508
f 325/5510 500/5507 566/5511
f 325/5510 566/5511 680/5512
f 325/5510 680/5512 389/5513
f 325/5510 389/5513 69/5508
f 69/5508 389/5513 248/5509
f 18/5505 248/5509 2/5514
f 18/5505 2/5514 2293/5497
f 2/5514 248/5509 175/5515
f 2/5514 175/5515 71/5453
f 2/5514 71/5453 2028/5516
f 2293/5497 2/5514 2093/5517
f 2093/5517 2/5514 2028/5516
f 2293/5497 2093/5517 2428/5489
f 2028/5516 71/5453 1960/5454
f 2428/5489 2093/5517 2193/5518
f 2193/5518 2093/5517 2028/5516
f 2428/5489 2193/5518 2561/5480
f 2561/5480 2193/5518 2255/5519
f 2255/5519 2193/5518 2028/5516
f 2561/5480 2255/5519 2473/5470
f 2473/5470 2255/5519 2318/5469
f 2255/5519 2028/5516 2088/5520
f 2255/5519 2088/5520 2318/5469
f 2088/5520 2028/5516 1960/5454
f 2318/5469 2088/5520 2180/5459
f 2180/5459 2088/5520 1960/5454
f 4144/5521 3988/5522 3992/5523
f 4144/5521 3992/5523 4167/5524
f 3992/5523 3988/5522 3657/3861
f 4167/5524 3992/5523 4021/5525
f 4167/5524 4021/5525 4130/5526
f 3992/5523 3657/3861 3845/5527
f 3992/5523 3845/5527 4021/5525
f 4130/5526 4021/5525 3911/5528
f 3911/5528 4021/5525 3845/5527
f 4130/5526 3911/5528 3995/5529
f 3845/5527 3657/3861 3658/5530
f 3658/5530 3657/3861 3306/3867
f 3911/5528 3845/5527 3671/5531
f 3671/5531 3845/5527 3658/5530
f 3995/5529 3911/5528 3867/5532
f 3867/5532 3911/5528 3671/5531
f 3995/5529 3867/5532 3912/5533
f 3995/5529 3912/5533 3964/5534
f 3867/5532 3671/5531 3736/5535
f 3658/5530 3306/3867 3489/5536
f 3658/5530 3489/5536 3671/5531
f 3736/5535 3671/5531 3530/5537
f 3530/5537 3671/5531 3489/5536
f 3736/5535 3530/5537 3559/5538
f 3559/5538 3530/5537 3341/5539
f 3489/5536 3306/3867 3328/5540
f 3328/5540 3306/3867 3115/3899
f 3328/5540 3115/3899 3184/3906
f 3489/5536 3328/5540 3348/5541
f 3489/5536 3348/5541 3530/5537
f 3348/5541 3328/5540 3184/3906
f 3530/5537 3348/5541 3341/5539
f 3348/5541 3184/3906 3205/5542
f 3348/5541 3205/5542 3341/5539
f 3205/5542 3184/3906 3048/3911
f 3205/5542 3048/3911 3107/3915
f 3205/5542 3107/3915 3341/5539
f 3341/5539 3107/3915 3194/5543
f 875/5544 747/5545 943/5546
f 943/5546 747/5545 833/5547
f 833/5547 747/5545 673/5548
f 747/5545 875/5544 694/5549
f 747/5545 694/5549 673/5548
f 673/5548 694/5549 616/5550
f 694/5549 875/5544 782/5551
f 616/5550 694/5549 553/5552
f 694/5549 782/5551 626/5553
f 694/5549 626/5553 553/5552
f 626/5553 782/5551 677/5554
f 677/5554 782/5551 790/5555
f 553/5552 626/5553 577/5556
f 577/5556 626/5553 677/5554
f 677/5554 790/5555 775/5557
f 553/5552 577/5556 485/5558
f 553/5552 485/5558 435/5559
f 577/5556 677/5554 593/5560
f 485/5558 577/5556 498/5561
f 498/5561 577/5556 593/5560
f 485/5558 498/5561 380/5562
f 485/5558 380/5562 435/5559
f 498/5561 593/5560 486/5563
f 498/5561 486/5563 380/5562
f 593/5560 677/5554 643/5564
f 643/5564 677/5554 775/5557
f 486/5563 593/5560 571/5565
f 571/5565 593/5560 643/5564
f 643/5564 775/5557 690/5566
f 690/5566 775/5557 818/5567
f 690/5566 818/5567 743/5568
f 643/5564 690/5566 608/5569
f 643/5564 608/5569 571/5565
f 690/5566 743/5568 658/5570
f 690/5566 658/5570 608/5569
f 658/5570 743/5568 648/5571
f 648/5571 743/5568 792/5572
f 608/5569 658/5570 592/5573
f 592/5573 658/5570 648/5571
f 648/5571 792/5572 637/5574
f 608/5569 592/5573 499/5575
f 608/5569 499/5575 571/5565
f 592/5573 648/5571 518/5576
f 592/5573 518/5576 499/5575
f 648/5571 637/5574 542/5577
f 648/5571 542/5577 518/5576
f 571/5565 499/5575 468/5578
f 571/5565 468/5578 486/5563
f 499/5575 518/5576 398/5579
f 499/5575 398/5579 468/5578
f 486/5563 468/5578 417/5580
f 486/5563 417/5580 380/5562
f 417/5580 468/5578 358/5581
f 358/5581 468/5578 398/5579
f 380/5562 417/5580 291/5582
f 291/5582 417/5580 358/5581
f 455/5583 398/5579 518/5576
f 455/5583 518/5576 542/5577
f 358/5581 398/5579 295/5584
f 291/5582 358/5581 185/5585
f 185/5585 358/5581 295/5584
f 295/5584 398/5579 314/5586
f 314/5586 398/5579 455/5583
f 455/5583 542/5577 383/5587
f 455/5583 383/5587 314/5586
f 279/5588 380/5562 291/5582
f 279/5588 291/5582 185/5585
f 380/5562 279/5588 324/5589
f 380/5562 324/5589 435/5559
f 435/5559 324/5589 341/5590
f 341/5590 324/5589 188/5591
f 341/5590 188/5591 181/5592
f 324/5589 279/5588 166/5593
f 324/5589 166/5593 188/5591
f 279/5588 185/5585 133/5594
f 279/5588 133/5594 166/5593
f 188/5591 166/5593 44/5595
f 188/5591 44/5595 1990/5596
f 166/5593 133/5594 1906/5597
f 166/5593 1906/5597 44/5595
f 133/5594 185/5585 1866/5598
f 133/5594 1866/5598 1906/5597
f 1990/5596 44/5595 2050/5599
f 2050/5599 44/5595 1906/5597
f 1990/5596 2050/5599 2359/5600
f 2050/5599 1906/5597 2145/5601
f 2145/5601 1906/5597 1866/5598
f 2050/5599 2145/5601 2359/5600
f 1990/5596 2359/5600 2234/5602
f 2145/5601 1866/5598 2351/5603
f 2234/5602 2359/5600 2479/5604
f 2234/5602 2479/5604 2444/5605
f 2444/5605 2479/5604 2775/5606
f 2479/5604 2359/5600 2636/5607
f 2479/5604 2636/5607 2775/5606
f 2489/5608 2359/5600 2145/5601
f 2359/5600 2489/5608 2636/5607
f 2489/5608 2145/5601 2351/5603
f 2775/5606 2636/5607 2931/5609
f 2636/5607 2489/5608 2834/5610
f 2636/5607 2834/5610 2931/5609
f 2834/5610 2489/5608 2679/5611
f 2679/5611 2489/5608 2351/5603
f 2834/5610 2679/5611 2991/5612
f 2775/5606 2931/5609 2979/5613
f 2775/5606 2979/5613 3160/5614
f 3160/5614 2979/5613 3192/2206
f 3192/2206 2979/5613 3120/2204
f 3120/2204 2979/5613 2931/5609
f 3120/2204 2931/5609 3143/2198
f 3143/2198 2931/5609 2834/5610
f 3143/2198 2834/5610 2991/5612
f 3143/2198 2991/5612 3020/5615
f 3020/5615 2991/5612 2679/5611
f 3143/2198 3020/5615 3263/2200
f 3020/5615 2679/5611 2724/5616
f 2724/5616 2679/5611 2351/5603
f 3263/2200 3020/5615 3074/5617
f 3074/5617 3020/5615 2724/5616
f 3263/2200 3074/5617 3215/5618
f 3215/5618 3074/5617 2937/5619
f 2937/5619 3074/5617 2724/5616
f 2937/5619 2724/5616 2336/5620
f 2336/5620 2724/5616 2351/5603
f 2937/5619 2336/5620 2672/5621
f 2672/5621 2336/5620 2350/5622
f 2672/5621 2350/5622 2422/5623
f 2336/5620 2351/5603 2102/5624
f 2102/5624 2351/5603 1866/5598
f 2350/5622 2336/5620 2080/5625
f 2350/5622 2080/5625 2422/5623
f 2336/5620 2102/5624 2019/5626
f 2336/5620 2019/5626 2080/5625
f 2422/5623 2080/5625 1942/5627
f 1942/5627 2080/5625 2019/5626
f 2422/5623 1942/5627 1995/5628
f 2102/5624 1866/5598 97/5629
f 97/5629 1866/5598 185/5585
f 97/5629 185/5585 295/5584
f 97/5629 295/5584 314/5586
f 2102/5624 97/5629 10/5630
f 10/5630 97/5629 314/5586
f 2102/5624 10/5630 2019/5626
f 2019/5626 10/5630 1942/5627
f 10/5630 314/5586 249/5631
f 10/5630 249/5631 1942/5627
f 249/5631 314/5586 383/5587
f 1942/5627 249/5631 250/5632
f 250/5632 249/5631 383/5587
f 1942/5627 250/5632 1995/5628
f 1995/5628 250/5632 259/5633
f 259/5633 250/5632 383/5587
f 1995/5628 259/5633 101/5634
f 101/5634 259/5633 200/5635
f 259/5633 383/5587 465/5636
f 465/5636 383/5587 542/5577
f 200/5635 259/5633 415/5637
f 415/5637 259/5633 465/5636
f 200/5635 415/5637 500/5638
f 465/5636 542/5577 568/5639
f 465/5636 568/5639 415/5637
f 415/5637 568/5639 500/5638
f 568/5639 542/5577 637/5574
f 500/5638 568/5639 566/5640
f 568/5639 637/5574 660/5641
f 568/5639 660/5641 566/5640
f 3812/5642 3848/5643 3662/5644
f 3662/5644 3848/5643 3540/5645
f 3081/5646 3259/5647 3147/5648
f 3147/5648 3259/5647 3226/5649
f 3147/5648 3226/5649 3211/5650
f 3147/5648 3211/5650 3139/5651
f 3081/5646 3147/5648 3047/5652
f 3047/5652 3147/5648 3139/5651
f 3081/5646 3047/5652 2933/5653
f 3047/5652 3139/5651 3025/5654
f 3025/5654 3139/5651 3027/5655
f 3025/5654 3027/5655 2904/5656
f 3047/5652 3025/5654 3003/5657
f 3047/5652 3003/5657 2933/5653
f 3003/5657 3025/5654 2904/5656
f 2933/5653 3003/5657 2883/5658
f 2883/5658 3003/5657 2904/5656
f 2933/5653 2883/5658 2721/5659
f 2721/5659 2883/5658 2904/5656
f 2721/5659 2904/5656 2709/5660
f 2721/5659 2709/5660 2527/5661
f 2721/5659 2527/5661 2399/5662
f 2721/5659 2399/5662 2594/5663
f 3776/5664 3849/5665 3747/5666
f 3747/5666 3849/5665 3868/5667
f 3868/5667 3849/5665 3957/5668
f 3747/5666 3868/5667 3829/5669
f 3868/5667 3957/5668 4012/5670
f 3829/5669 3868/5667 3937/5671
f 3937/5671 3868/5667 4012/5670
f 3110/5672 3180/5673 2950/5674
f 3110/5672 2950/5674 2857/5675
f 2857/5675 2950/5674 2848/5676
f 2857/5675 2848/5676 2722/5677
f 2722/5677 2848/5676 2649/5678
f 2950/5674 3180/5673 3102/5679
f 2649/5678 2848/5676 2736/5680
f 2649/5678 2736/5680 2669/5681
f 2649/5678 2669/5681 2635/5682
f 2736/5680 2848/5676 2745/5683
f 2635/5682 2669/5681 2697/5684
f 2635/5682 2697/5684 2648/5685
f 2669/5681 2736/5680 2639/5686
f 2639/5686 2736/5680 2745/5683
f 2669/5681 2639/5686 2697/5684
f 2648/5685 2697/5684 2730/5687
f 2899/5688 2848/5676 2950/5674
f 2848/5676 2899/5688 2745/5683
f 2899/5688 2950/5674 2990/5689
f 2990/5689 2950/5674 3102/5679
f 2745/5683 2899/5688 2759/5690
f 2745/5683 2759/5690 2639/5686
f 2899/5688 2990/5689 3019/5691
f 2899/5688 3019/5691 2759/5690
f 2990/5689 3102/5679 3145/5692
f 2990/5689 3145/5692 3019/5691
f 3145/5692 3102/5679 3403/5693
f 3403/5693 3102/5679 3180/5673
f 3403/5693 3180/5673 3481/5694
f 3403/5693 3481/5694 3747/5695
f 3403/5693 3747/5695 3452/5696
f 3403/5693 3452/5696 3145/5692
f 3452/5696 3747/5695 3829/5697
f 3452/5696 3829/5697 3594/5698
f 3452/5696 3594/5698 3145/5692
f 3594/5698 3829/5697 3885/5699
f 3145/5692 3594/5698 3303/5700
f 3145/5692 3303/5700 3019/5691
f 3594/5698 3885/5699 3637/5701
f 3594/5698 3637/5701 3303/5700
f 3637/5701 3885/5699 3830/5702
f 3637/5701 3830/5702 3497/5703
f 3637/5701 3497/5703 3303/5700
f 3497/5703 3830/5702 3719/5704
f 3019/5691 3303/5700 3302/5705
f 3302/5705 3303/5700 3497/5703
f 3019/5691 3302/5705 3046/5706
f 3302/5705 3497/5703 3310/5707
f 3302/5705 3310/5707 3046/5706
f 3497/5703 3719/5704 3684/5708
f 3497/5703 3684/5708 3310/5707
f 3684/5708 3719/5704 3932/5709
f 3932/5709 3719/5704 3861/5710
f 3932/5709 3861/5710 3956/5711
f 3019/5691 3046/5706 2984/5712
f 3019/5691 2984/5712 2759/5690
f 3684/5708 3932/5709 4045/5713
f 3932/5709 3956/5711 4066/5714
f 3932/5709 4066/5714 4045/5713
f 3659/5715 3310/5707 3684/5708
f 3659/5715 3684/5708 4045/5713
f 2759/5690 2984/5712 2855/5716
f 2855/5716 2984/5712 2875/5717
f 2875/5717 2984/5712 3046/5706
f 2759/5690 2855/5716 2758/5718
f 2855/5716 2875/5717 2794/5719
f 2855/5716 2794/5719 2758/5718
f 2875/5717 3046/5706 2825/5720
f 2825/5720 3046/5706 3310/5707
f 2759/5690 2758/5718 2675/5721
f 2759/5690 2675/5721 2639/5686
f 2675/5721 2758/5718 2828/5722
f 2828/5722 2758/5718 2794/5719
f 2639/5686 2675/5721 2770/5723
f 2770/5723 2675/5721 2828/5722
f 2828/5722 2794/5719 2891/5724
f 2770/5723 2828/5722 2906/5725
f 2906/5725 2828/5722 2891/5724
f 2770/5723 2906/5725 2909/5726
f 2639/5686 2770/5723 2713/5727
f 2713/5727 2770/5723 2909/5726
f 2639/5686 2713/5727 2697/5684
f 2891/5724 2794/5719 2667/5728
f 2891/5724 2667/5728 3016/5729
f 3140/5730 3239/5731 3016/5729
f 3140/5730 3016/5729 2667/5728
f 2697/5684 2713/5727 2836/5732
f 2697/5684 2836/5732 2858/5733
f 2697/5684 2858/5733 2730/5687
f 2730/5687 2858/5733 2924/5734
f 2924/5734 2858/5733 3036/5735
f 3036/5735 2858/5733 2836/5732
f 2924/5734 3036/5735 3107/5736
f 3107/5736 3036/5735 3194/5737
f 3194/5737 3036/5735 3210/5738
f 3210/5738 3036/5735 3015/5739
f 2912/5740 2836/5732 2713/5727
f 2836/5732 2912/5740 3036/5735
f 3036/5735 2912/5740 3015/5739
f 2912/5740 2713/5727 2909/5726
f 2912/5740 2909/5726 3015/5739
f 3015/5739 2909/5726 3103/5741
f 2863/5742 3067/5743 3140/5730
f 2863/5742 3140/5730 2667/5728
f 3067/5743 2863/5742 2994/5744
f 2863/5742 2667/5728 2677/5745
f 2863/5742 2677/5745 2994/5744
f 3097/5746 2994/5744 2914/5747
f 2914/5747 2994/5744 2677/5745
f 2914/5747 2677/5745 2728/5748
f 2728/5748 2677/5745 2555/5749
f 2728/5748 2555/5749 2800/5750
f 2677/5745 2667/5728 2542/5751
f 2677/5745 2542/5751 2555/5749
f 2800/5750 2555/5749 2611/5752
f 2611/5752 2555/5749 2542/5751
f 2800/5750 2611/5752 2973/5753
f 2800/5750 2973/5753 3069/5754
f 2611/5752 2542/5751 2572/5755
f 3069/5754 2973/5753 3458/5756
f 2684/5757 2542/5751 2667/5728
f 2542/5751 2684/5757 2572/5755
f 2684/5757 2667/5728 2794/5719
f 2684/5757 2794/5719 2875/5717
f 2684/5757 2875/5717 2825/5720
f 2684/5757 2825/5720 2572/5755
f 2572/5755 2825/5720 2611/5752
f 2611/5752 2825/5720 2973/5753
f 2973/5753 2825/5720 3199/5758
f 3199/5758 2825/5720 3310/5707
f 3199/5758 3310/5707 3659/5715
f 2973/5753 3199/5758 3485/5759
f 3485/5759 3199/5758 3659/5715
f 2973/5753 3485/5759 3458/5756
f 3458/5756 3485/5759 3856/5760
f 3856/5760 3485/5759 3659/5715
f 3458/5756 3856/5760 3841/5761
f 3856/5760 3659/5715 4106/5762
f 3856/5760 4106/5762 3841/5761
f 4106/5762 3659/5715 4045/5713
f 3841/5761 4106/5762 3969/5763
f 4106/5762 4045/5713 4180/5764
f 3969/5763 4106/5762 4168/5765
f 4168/5765 4106/5762 4180/5764
f 3969/5763 4168/5765 3945/5766
f 4180/5764 4045/5713 4171/5767
f 4180/5764 4171/5767 4168/5765
f 4171/5767 4045/5713 4066/5714
f 3945/5766 4168/5765 4016/5768
f 4168/5765 4171/5767 4122/5769
f 4122/5769 4171/5767 4066/5714
f 4168/5765 4122/5769 4016/5768
f 3945/5766 4016/5768 3787/5770
f 4122/5769 4066/5714 4024/5771
f 4122/5769 4024/5771 4016/5768
f 4024/5771 4066/5714 3917/5772
f 3917/5772 4066/5714 3956/5711
f 3917/5772 3956/5711 3840/5773
f 3917/5772 3840/5773 3675/5774
f 3917/5772 3675/5774 4024/5771
f 3798/5775 3787/5770 4016/5768
f 4016/5768 4024/5771 3802/5776
f 3802/5776 4024/5771 3675/5774
f 4016/5768 3802/5776 3798/5775
f 3787/5770 3798/5775 3469/5777
f 3802/5776 3675/5774 3456/5778
f 3802/5776 3456/5778 3798/5775
f 3456/5778 3675/5774 3476/5779
f 3456/5778 3476/5779 3140/5780
f 3140/5780 3476/5779 3239/5781
f 3456/5778 3140/5780 3067/5782
f 3798/5775 3456/5778 3399/5783
f 3399/5783 3456/5778 3067/5782
f 3798/5775 3399/5783 3469/5777
f 3399/5783 3067/5782 2994/5784
f 3399/5783 2994/5784 3469/5777
f 3469/5777 2994/5784 3097/5785
f 3995/5786 3964/5787 4043/5788
f 4043/5788 3964/5787 4002/5789
f 4043/5788 4002/5789 4012/5790
f 4002/5789 3964/5787 4013/5791
f 4012/5790 4002/5789 3937/5792
f 3937/5792 4002/5789 4009/5793
f 3937/5792 4009/5793 3829/5794
f 3829/5794 4009/5793 3885/5795
f 4009/5793 4002/5789 4062/5796
f 4062/5796 4002/5789 4013/5791
f 3885/5795 4009/5793 3951/5797
f 3951/5797 4009/5793 4062/5796
f 3885/5795 3951/5797 3830/5798
f 3830/5798 3951/5797 3861/5799
f 3830/5798 3861/5799 3719/5800
f 3861/5799 3951/5797 3958/5801
f 3958/5801 3951/5797 4062/5796
f 3861/5799 3958/5801 3956/5802
f 3918/5803 4062/5796 4013/5791
f 4062/5796 3918/5803 3958/5801
f 3958/5801 3918/5803 3956/5802
f 3918/5803 4013/5791 3864/5804
f 3956/5802 3918/5803 3840/5805
f 3918/5803 3864/5804 3760/5806
f 3918/5803 3760/5806 3840/5805
f 3840/5805 3760/5806 3675/5807
f 3736/5808 3883/5809 3867/5810
f 3867/5810 3883/5809 3912/5811
f 3912/5811 3883/5809 3964/5812
f 3883/5809 3736/5808 3686/5813
f 3686/5813 3736/5808 3559/5814
f 3964/5812 3883/5809 3946/5815
f 3964/5812 3946/5815 4013/5816
f 4013/5816 3946/5815 3864/5817
f 3946/5815 3883/5809 3791/5818
f 3946/5815 3791/5818 3864/5817
f 3791/5818 3883/5809 3686/5813
f 3686/5813 3559/5814 3448/5819
f 3448/5819 3559/5814 3341/5820
f 3448/5819 3341/5820 3194/5821
f 3686/5813 3448/5819 3460/5822
f 3460/5822 3448/5819 3194/5821
f 3686/5813 3460/5822 3791/5818
f 3460/5822 3194/5821 3210/5823
f 3699/5824 3864/5817 3791/5818
f 3699/5824 3791/5818 3460/5822
f 3460/5822 3210/5823 3413/5825
f 3460/5822 3413/5825 3699/5824
f 3413/5825 3210/5823 3103/5826
f 3864/5817 3699/5824 3628/5827
f 3628/5827 3699/5824 3413/5825
f 3864/5817 3628/5827 3760/5828
f 3760/5828 3628/5827 3476/5829
f 3760/5828 3476/5829 3675/5830
f 3628/5827 3413/5825 3355/5831
f 3628/5827 3355/5831 3476/5829
f 3355/5831 3413/5825 3103/5826
f 3476/5829 3355/5831 3239/5832
f 3239/5832 3355/5831 3103/5826
f 3239/5832 3103/5826 3016/5833
f 3016/5833 3103/5826 2906/5834
f 2906/5834 3103/5826 2909/5835
f 3016/5833 2906/5834 2891/5836
f 3015/5837 3103/5838 3210/5839
f 2707/5840 2914/5841 2728/5842
f 2914/5841 2707/5840 2843/5843
f 2914/5841 2843/5843 3097/5844
f 2707/5840 2728/5842 2513/5845
f 2843/5843 2707/5840 2521/5846
f 2521/5846 2707/5840 2513/5845
f 3097/5844 2843/5843 3434/5847
f 3097/5844 3434/5847 3469/5848
f 3469/5848 3434/5847 3787/5849
f 2843/5843 2521/5846 2504/5850
f 2504/5850 2521/5846 2416/5851
f 2416/5851 2521/5846 2513/5845
f 2843/5843 2504/5850 2437/5852
f 2504/5850 2416/5851 2222/5853
f 2504/5850 2222/5853 2437/5852
f 2222/5853 2416/5851 2206/5854
f 2206/5854 2416/5851 2513/5845
f 2222/5853 2206/5854 2063/5855
f 2222/5853 2063/5855 2140/5856
f 2222/5853 2140/5856 2437/5852
f 2063/5855 2206/5854 1961/5857
f 2206/5854 2513/5845 2311/5858
f 2206/5854 2311/5858 1961/5857
f 2311/5858 2513/5845 2822/5859
f 2822/5859 2513/5845 2728/5842
f 2822/5859 2728/5842 2800/5860
f 2063/5855 1961/5857 3/5861
f 2063/5855 3/5861 2140/5856
f 2822/5859 2800/5860 3118/5862
f 3118/5862 2800/5860 3069/5863
f 3118/5862 3069/5863 3458/5864
f 3841/5865 3827/5866 3458/5864
f 3458/5864 3827/5866 3528/5867
f 3458/5864 3528/5867 3118/5862
f 3118/5862 3528/5867 3277/5868
f 2822/5859 3118/5862 2404/5869
f 2822/5859 2404/5869 2311/5858
f 3118/5862 3277/5868 2627/5870
f 3118/5862 2627/5870 2404/5869
f 2627/5870 3277/5868 3298/5871
f 2627/5870 3298/5871 2566/5872
f 2627/5870 2566/5872 2124/5873
f 2627/5870 2124/5873 2404/5869
f 2311/5858 2404/5869 1991/5874
f 1991/5874 2404/5869 2124/5873
f 2311/5858 1991/5874 1961/5857
f 1991/5874 2124/5873 79/5875
f 1991/5874 79/5875 1961/5857
f 1961/5857 79/5875 3/5861
f 3/5861 79/5875 237/5876
f 237/5876 79/5875 34/5877
f 237/5876 34/5877 462/5878
f 462/5878 34/5877 308/5879
f 462/5878 308/5879 348/5880
f 348/5880 308/5879 111/5881
f 237/5876 462/5878 461/5882
f 3/5861 237/5876 220/5883
f 220/5883 237/5876 461/5882
f 3/5861 220/5883 1937/5884
f 461/5882 462/5878 476/5885
f 476/5885 462/5878 348/5880
f 220/5883 461/5882 422/5886
f 422/5886 461/5882 476/5885
f 3/5861 1937/5884 2140/5856
f 220/5883 422/5886 150/5887
f 220/5883 150/5887 1937/5884
f 476/5885 348/5880 376/5888
f 476/5885 376/5888 422/5886
f 376/5888 348/5880 111/5881
f 422/5886 376/5888 186/5889
f 186/5889 376/5888 111/5881
f 422/5886 186/5889 150/5887
f 186/5889 111/5881 2064/5890
f 2089/5891 1937/5884 150/5887
f 186/5889 2064/5890 2173/5892
f 186/5889 2173/5892 150/5887
f 150/5887 2173/5892 2089/5891
f 2173/5892 2064/5890 2383/5893
f 2089/5891 2173/5892 2285/5894
f 2285/5894 2173/5892 2383/5893
f 2089/5891 2285/5894 1937/5884
f 2285/5894 2383/5893 2890/5895
f 2285/5894 2890/5895 2490/5896
f 1937/5884 2285/5894 2203/5897
f 1937/5884 2203/5897 2140/5856
f 2285/5894 2490/5896 2289/5898
f 2285/5894 2289/5898 2203/5897
f 2289/5898 2490/5896 2368/5899
f 2368/5899 2490/5896 2485/5900
f 2368/5899 2485/5900 2339/5901
f 2368/5899 2339/5901 2289/5898
f 2339/5901 2485/5900 2587/5902
f 2476/5903 2140/5856 2203/5897
f 2203/5897 2289/5898 2386/5904
f 2386/5904 2289/5898 2339/5901
f 2203/5897 2386/5904 2476/5903
f 2140/5856 2476/5903 2437/5852
f 2339/5901 2587/5902 2443/5905
f 2443/5905 2587/5902 2524/5906
f 2386/5904 2339/5901 2385/5907
f 2385/5907 2339/5901 2443/5905
f 2476/5903 2386/5904 2523/5908
f 2523/5908 2386/5904 2385/5907
f 2385/5907 2443/5905 2503/5909
f 2503/5909 2443/5905 2524/5906
f 2385/5907 2503/5909 2523/5908
f 2503/5909 2524/5906 2739/5910
f 2503/5909 2739/5910 2819/5911
f 2503/5909 2819/5911 2523/5908
f 2523/5908 2819/5911 2776/5912
f 2523/5908 2776/5912 2690/5913
f 2523/5908 2690/5913 2476/5903
f 2690/5913 2776/5912 2936/5914
f 2476/5903 2690/5913 2595/5915
f 2476/5903 2595/5915 2437/5852
f 2690/5913 2936/5914 3128/5916
f 3128/5916 2936/5914 3136/5917
f 3128/5916 3136/5917 3337/5918
f 3128/5916 3337/5918 3432/5919
f 3128/5916 3432/5919 3247/5920
f 3128/5916 3247/5920 2690/5913
f 2690/5913 3247/5920 2595/5915
f 2988/5921 2437/5852 2595/5915
f 2437/5852 2988/5921 2843/5843
f 2595/5915 3247/5920 3273/5922
f 2595/5915 3273/5922 2988/5921
f 3273/5922 3247/5920 3735/5923
f 2843/5843 2988/5921 3434/5847
f 3434/5847 2988/5921 3273/5922
f 3273/5922 3735/5923 3876/5924
f 3273/5922 3876/5924 3434/5847
f 3876/5924 3735/5923 4115/5925
f 3876/5924 4115/5925 4283/5926
f 3434/5847 3876/5924 3869/5927
f 3434/5847 3869/5927 3787/5849
f 3787/5849 3869/5927 4241/5928
f 3869/5927 3876/5924 4098/5929
f 4098/5929 3876/5924 4283/5926
f 3869/5927 4098/5929 4241/5928
f 4098/5929 4283/5926 4326/5930
f 4098/5929 4326/5930 4241/5928
f 3969/5931 4038/5932 3841/5933
f 3841/5933 4038/5932 3827/5934
f 4038/5932 3969/5931 4251/5935
f 3827/5934 4038/5932 4207/5936
f 4207/5936 4038/5932 4251/5935
f 3827/5934 4207/5936 3862/5937
f 3827/5934 3862/5937 3528/5938
f 3528/5938 3862/5937 3277/5939
f 3277/5939 3862/5937 3298/5940
f 4251/5935 3969/5931 4197/5941
f 4197/5941 3969/5931 3945/5942
f 4197/5941 3945/5942 4241/5943
f 4241/5943 3945/5942 3787/5944
f 4197/5941 4241/5943 4363/5945
f 4197/5941 4363/5945 4251/5935
f 4363/5945 4241/5943 4326/5946
f 4363/5945 4326/5946 4389/5947
f 4363/5945 4389/5947 4367/5948
f 4251/5935 4363/5945 4333/5949
f 4333/5949 4363/5945 4367/5948
f 4251/5935 4333/5949 4207/5936
f 4333/5949 4367/5948 4237/5950
f 4237/5950 4367/5948 4350/5951
f 4207/5936 4333/5949 4196/5952
f 4196/5952 4333/5949 4237/5950
f 4207/5936 4196/5952 3862/5937
f 4237/5950 4350/5951 4191/5953
f 4237/5950 4191/5953 4052/5954
f 3862/5937 4196/5952 3847/5955
f 3847/5955 4196/5952 4237/5950
f 4237/5950 4052/5954 3897/5956
f 4237/5950 3897/5956 3847/5955
f 3897/5956 4052/5954 3576/5957
f 3862/5937 3847/5955 3298/5940
f 3897/5956 3576/5957 3345/5958
f 3897/5956 3345/5958 3847/5955
f 3298/5940 3847/5955 3447/5959
f 3447/5959 3847/5955 3345/5958
f 3298/5940 3447/5959 3011/5960
f 3011/5960 3447/5959 3345/5958
f 3298/5940 3011/5960 2566/5961
f 3011/5960 3345/5958 2890/5962
f 2566/5961 3011/5960 2266/5963
f 2566/5961 2266/5963 2124/5964
f 3011/5960 2890/5962 2717/5965
f 3011/5960 2717/5965 2266/5963
f 2717/5965 2890/5962 2383/5966
f 2717/5965 2383/5966 2330/5967
f 2717/5965 2330/5967 2266/5963
f 2330/5967 2383/5966 2064/5968
f 2330/5967 2064/5968 111/5969
f 2330/5967 111/5969 2266/5963
f 2266/5963 111/5969 308/5970
f 2266/5963 308/5970 34/5971
f 2266/5963 34/5971 2124/5964
f 2124/5964 34/5971 79/5972
f 4389/5973 4326/5974 4283/5975
f 4389/5973 4283/5975 4335/5976
f 4335/5976 4283/5975 4161/5977
f 4389/5973 4335/5976 4375/5978
f 4389/5973 4375/5978 4367/5979
f 4161/5977 4283/5975 4115/5980
f 4367/5979 4375/5978 4350/5981
f 3844/5982 4115/5980 3735/5983
f 4115/5980 3844/5982 4161/5977
f 4161/5977 3844/5982 3906/5984
f 4161/5977 3906/5984 4114/5985
f 4350/5981 4375/5978 4372/5986
f 4350/5981 4372/5986 4191/5987
f 4372/5986 4375/5978 4337/5988
f 4161/5977 4114/5985 4292/5989
f 4292/5989 4114/5985 4337/5988
f 4292/5989 4337/5988 4375/5978
f 4161/5977 4292/5989 4335/5976
f 4335/5976 4292/5989 4375/5978
f 3432/5990 3735/5991 3247/5992
f 3735/5991 3432/5990 3604/5993
f 3735/5991 3604/5993 3844/5994
f 3844/5994 3604/5993 3768/5995
f 3844/5994 3768/5995 3906/5996
f 3906/5996 3768/5995 3821/5997
f 3906/5996 3821/5997 3960/5998
f 3906/5996 3960/5998 4114/5999
f 3960/5998 3821/5997 3809/6000
f 4114/5999 3960/5998 4174/6001
f 4114/5999 4174/6001 4337/6002
f 4174/6001 3960/5998 3980/6003
f 4337/6002 4174/6001 4216/6004
f 4216/6004 4174/6001 3980/6003
f 4337/6002 4216/6004 4372/6005
f 4372/6005 4216/6004 4191/6006
f 4216/6004 3980/6003 3930/6007
f 4216/6004 3930/6007 4191/6006
f 3930/6007 3980/6003 3960/5998
f 3930/6007 3960/5998 3809/6000
f 4191/6006 3930/6007 4052/6008
f 3930/6007 3809/6000 3792/6009
f 3930/6007 3792/6009 4052/6008
f 3792/6009 3809/6000 3576/6010
f 3792/6009 3576/6010 4052/6008
f 3345/6011 3576/6012 2890/6013
f 2890/6013 3576/6012 2900/6014
f 2900/6014 3576/6012 3257/6015
f 2900/6014 3257/6015 3063/6016
f 3063/6016 3257/6015 3383/6017
f 3063/6016 3383/6017 3186/6018
f 3063/6016 3186/6018 3142/6019
f 3142/6019 3186/6018 3253/6020
f 3142/6019 3253/6020 3313/6021
f 3063/6016 3142/6019 3042/6022
f 3142/6019 3313/6021 3246/6023
f 3042/6022 3142/6019 3136/6024
f 3136/6024 3142/6019 3246/6023
f 3042/6022 3136/6024 2936/6025
f 3136/6024 3246/6023 3337/6026
f 2490/6027 2890/6028 2900/6029
f 2490/6027 2900/6029 2485/6030
f 2485/6030 2900/6029 2779/6031
f 2485/6030 2779/6031 2587/6032
f 2779/6031 2900/6029 2942/6033
f 2942/6033 2900/6029 3063/6034
f 2587/6032 2779/6031 2733/6035
f 2587/6032 2733/6035 2524/6036
f 2524/6036 2733/6035 2739/6037
f 2739/6037 2733/6035 2957/6038
f 2957/6038 2733/6035 2779/6031
f 2739/6037 2957/6038 2819/6039
f 2779/6031 2942/6033 2975/6040
f 2975/6040 2942/6033 3063/6034
f 2779/6031 2975/6040 2957/6038
f 2975/6040 3063/6034 2995/6041
f 2975/6040 2995/6041 2957/6038
f 2957/6038 2995/6041 2819/6039
f 2995/6041 3063/6034 3042/6042
f 2819/6039 2995/6041 2776/6043
f 2995/6041 3042/6042 2936/6044
f 2995/6041 2936/6044 2776/6043
f 3257/6045 3576/6046 3556/6047
f 3556/6047 3576/6046 3809/6048
f 3257/6045 3556/6047 3383/6049
f 3556/6047 3809/6048 3724/6050
f 3724/6050 3809/6048 3821/6051
f 3383/6049 3556/6047 3571/6052
f 3724/6050 3821/6051 3741/6053
f 3741/6053 3821/6051 3768/6054
f 3556/6047 3724/6050 3703/6055
f 3556/6047 3703/6055 3571/6052
f 3741/6053 3768/6054 3604/6056
f 3703/6055 3724/6050 3750/6057
f 3750/6057 3724/6050 3741/6053
f 3383/6049 3571/6052 3324/6058
f 3383/6049 3324/6058 3186/6059
f 3186/6059 3324/6058 3253/6060
f 3324/6058 3571/6052 3470/6061
f 3324/6058 3470/6061 3253/6060
f 3470/6061 3571/6052 3703/6055
f 3253/6060 3470/6061 3313/6062
f 3470/6061 3703/6055 3607/6063
f 3470/6061 3607/6063 3313/6062
f 3607/6063 3703/6055 3750/6057
f 3607/6063 3750/6057 3653/6064
f 3653/6064 3750/6057 3741/6053
f 3607/6063 3653/6064 3313/6062
f 3653/6064 3741/6053 3604/6056
f 3313/6062 3653/6064 3511/6065
f 3511/6065 3653/6064 3604/6056
f 3313/6062 3511/6065 3246/6066
f 3246/6066 3511/6065 3337/6067
f 3337/6067 3511/6065 3604/6056
f 3337/6067 3604/6056 3432/6068
